case_id,sex,age,country,I1,I2,I3,I4,I5,I6,I7,I8,I9,I10,I11,I12,I13,I14,I15,I16,I17,I18,I19,I20,I21,I22,I23,I24,I25,I26,I27,I28,I29,I30,I31,I32,I33,I34,I35,I36,I37,I38,I39,I40,I41,I42,I43,I44,I45,I46,I47,I48,I49,I50,I51,I52,I53,I54,I55,I56,I57,I58,I59,I60,I61,I62,I63,I64,I65,I66,I67,I68,I69,I70,I71,I72,I73,I74,I75,I76,I77,I78,I79,I80,I81,I82,I83,I84,I85,I86,I87,I88,I89,I90,I91,I92,I93,I94,I95,I96,I97,I98,I99,I100,I101,I102,I103,I104,I105,I106,I107,I108,I109,I110,I111,I112,I113,I114,I115,I116,I117,I118,I119,I120,I121,I122,I123,I124,I125,I126,I127,I128,I129,I130,I131,I132,I133,I134,I135,I136,I137,I138,I139,I140,I141,I142,I143,I144,I145,I146,I147,I148,I149,I150,I151,I152,I153,I154,I155,I156,I157,I158,I159,I160,I161,I162,I163,I164,I165,I166,I167,I168,I169,I170,I171,I172,I173,I174,I175,I176,I177,I178,I179,I180,I181,I182,I183,I184,I185,I186,I187,I188,I189,I190,I191,I192,I193,I194,I195,I196,I197,I198,I199,I200,I201,I202,I203,I204,I205,I206,I207,I208,I209,I210,I211,I212,I213,I214,I215,I216,I217,I218,I219,I220,I221,I222,I223,I224,I225,I226,I227,I228,I229,I230,I231,I232,I233,I234,I235,I236,I237,I238,I239,I240,I241,I242,I243,I244,I245,I246,I247,I248,I249,I250,I251,I252,I253,I254,I255,I256,I257,I258,I259,I260,I261,I262,I263,I264,I265,I266,I267,I268,I269,I270,I271,I272,I273,I274,I275,I276,I277,I278,I279,I280,I281,I282,I283,I284,I285,I286,I287,I288,I289,I290,I291,I292,I293,I294,I295,I296,I297,I298,I299,I300,Openness_score,Conscientiousness_score,Extraversion_score,Agreeableness_score,Neuroticism_score
111,male,23,USA,3,5,4,5,5,3,5,5,5,5,4,4,4,5,5,1,5,3,3,5,3,5,5,4,4,1,3,5,5,5,2,3,4,5,5,4,3,5,4,4,2,5,5,5,5,4,5,5,2,5,4,5,5,4,4,1,5,3,5,5,2,5,3,4,5,2,4,5,3,3,3,5,5,5,5,2,4,4,4,5,4,5,5,4,5,1,3,4,3,5,1,4,5,5,5,1,4,5,2,4,2,5,5,5,5,4,5,5,2,4,3,2,5,5,4,1,4,5,4,2,3,4,3,5,5,2,3,5,1,4,4,5,5,5,5,2,4,4,4,4,5,3,5,2,5,3,5,5,5,5,1,1,5,5,5,2,2,5,5,5,3,5,4,3,4,3,2,2,2,5,2,3,4,2,4,1,4,5,5,2,2,5,4,4,5,4,4,5,2,4,1,4,3,5,5,4,2,2,5,5,1,4,5,2,5,1,3,3,5,2,1,5,5,5,5,1,4,5,5,4,3,4,4,2,3,2,2,4,5,5,4,5,5,1,5,1,4,3,5,1,2,5,4,5,5,1,4,3,5,4,1,3,5,5,5,1,2,4,5,5,2,5,5,3,5,1,4,2,2,3,1,2,4,5,4,1,2,5,3,1,2,3,4,5,4,1,1,4,4,5,4,5,5,3,4,1,4,1,2,2,247.0,233.0,230.0,213.0,187.0
1051,female,36,USA,3,3,3,4,4,1,2,4,4,5,1,4,5,4,4,3,5,3,4,4,5,4,4,3,1,3,3,3,5,3,1,3,4,4,4,2,3,5,4,3,2,4,4,4,4,3,5,5,3,4,2,3,5,2,2,2,4,5,4,4,1,4,4,4,3,2,4,5,5,2,1,3,3,4,4,3,4,4,4,5,3,3,5,2,2,1,4,3,4,2,2,4,5,4,3,2,4,4,5,4,2,3,4,4,4,2,4,4,3,5,5,5,3,3,2,1,5,5,3,2,3,4,4,5,4,3,4,5,3,3,3,3,5,4,4,4,3,2,3,3,4,3,5,3,4,3,5,3,4,2,2,1,3,5,5,2,3,3,5,2,1,3,3,4,4,4,1,2,5,3,4,2,4,2,3,3,5,4,4,2,3,4,4,4,4,1,4,3,4,2,3,3,3,4,4,2,4,2,4,2,2,3,5,3,3,2,5,3,4,1,3,3,3,4,4,2,2,4,2,2,1,4,4,3,5,3,3,2,4,4,5,1,5,1,2,2,5,4,2,4,2,5,5,3,4,1,2,4,5,4,2,3,4,3,4,4,3,3,5,4,3,1,5,3,4,3,5,3,4,2,3,2,5,5,4,3,3,4,4,4,3,4,5,4,5,1,3,3,4,4,5,5,4,3,4,2,5,2,3,1,223.0,191.0,214.0,202.0,182.0
1163,female,15,USA,5,5,4,3,5,4,4,4,5,5,3,3,2,3,5,4,5,4,2,4,4,5,3,4,5,2,1,1,5,4,3,5,5,4,5,4,5,5,4,5,3,3,5,5,4,5,5,5,4,5,5,5,5,4,4,2,5,1,5,4,2,2,5,3,4,2,5,5,2,5,3,3,4,5,5,2,4,5,2,4,4,2,5,4,5,2,5,4,5,4,4,4,5,5,2,2,5,5,5,5,3,4,5,5,4,5,4,5,2,4,3,2,5,3,5,3,4,2,3,2,4,5,2,5,4,2,5,5,3,3,4,3,4,5,5,4,4,4,2,5,5,5,5,4,4,2,4,1,4,5,2,4,5,2,5,3,1,5,5,5,1,4,4,5,4,2,4,5,5,5,2,5,5,3,5,2,4,4,5,3,4,4,5,4,4,2,1,5,3,5,2,2,2,4,4,2,1,5,4,4,4,5,5,3,4,2,5,2,2,3,2,4,5,2,4,2,3,4,4,4,4,5,2,4,5,2,3,2,4,5,3,2,5,4,5,1,5,3,4,1,4,5,5,3,5,2,3,5,5,1,3,1,3,5,4,1,2,5,3,5,2,4,5,5,5,2,5,2,4,4,1,4,5,4,5,4,1,5,4,5,3,4,5,4,3,2,4,5,4,5,5,4,5,5,4,2,5,2,4,2,239.0,229.0,224.0,216.0,220.0
1495,female,16,UK,5,3,3,3,4,1,1,3,5,4,5,4,4,4,5,4,3,3,3,4,2,3,4,4,3,4,3,4,4,4,4,4,4,3,3,4,2,4,5,4,1,4,5,5,5,5,3,4,5,5,2,3,4,2,3,4,2,3,3,3,4,2,3,1,4,3,2,5,3,3,3,3,4,5,4,3,3,5,5,3,1,2,4,2,3,3,2,3,3,4,4,2,5,2,3,2,1,5,4,4,2,5,5,5,4,4,4,5,3,3,1,1,4,3,3,2,4,3,4,5,4,3,4,4,4,2,1,5,4,3,2,3,5,4,5,5,5,1,3,3,2,1,5,2,3,4,3,2,5,5,4,2,5,3,3,3,1,4,5,4,2,3,4,3,5,1,2,2,4,3,1,1,4,2,3,1,3,2,4,5,3,2,3,2,5,1,1,5,5,2,3,3,4,3,5,5,3,2,5,1,2,2,5,2,3,2,1,1,4,5,3,2,4,2,4,1,1,2,5,3,4,3,5,5,5,5,3,4,4,5,4,2,5,3,3,3,4,3,3,5,4,5,3,1,3,1,1,1,5,3,2,1,4,5,5,4,3,2,5,3,3,3,5,5,3,4,3,1,3,5,4,3,4,5,4,2,1,1,5,5,2,3,4,5,4,2,4,4,5,5,5,3,4,5,3,1,3,5,4,4,209.0,202.0,188.0,204.0,199.0
1683,female,23,USA,4,2,4,3,5,4,2,5,4,4,3,4,4,3,4,4,4,2,4,4,4,3,4,5,4,2,3,5,4,4,3,1,3,4,5,4,1,5,4,3,2,4,4,4,4,4,4,5,4,5,2,3,5,5,4,3,4,3,4,5,3,2,3,4,4,4,5,4,5,4,2,2,4,5,4,5,5,5,4,4,3,3,5,2,4,2,3,4,5,5,4,2,3,4,4,1,3,4,5,4,2,3,5,5,4,4,4,4,5,4,2,4,4,4,4,4,3,5,3,4,3,4,3,4,4,3,3,4,4,4,2,4,5,5,4,5,4,2,2,5,4,3,5,2,4,4,5,5,4,4,4,2,4,4,4,4,2,5,5,2,2,3,5,5,4,4,2,2,4,4,3,1,5,2,3,2,5,5,5,4,3,1,3,4,3,4,3,5,4,2,2,2,5,5,4,5,2,2,3,4,4,5,4,2,3,2,4,3,5,4,4,3,4,2,5,4,2,4,5,1,4,1,4,3,5,3,2,2,5,5,4,3,5,1,2,2,3,5,4,5,4,5,4,2,3,2,3,5,5,2,1,1,4,5,3,4,2,2,4,5,3,3,5,4,3,2,3,4,5,4,2,1,4,5,4,2,2,4,3,3,3,2,4,4,3,4,3,2,3,5,4,4,5,5,2,2,1,3,2,3,233.0,217.0,193.0,220.0,204.0
2056,male,21,Australia,2,5,5,5,4,1,5,5,4,4,2,5,3,5,5,2,5,3,5,5,4,5,5,1,4,1,5,3,5,4,1,5,5,5,5,3,5,5,4,4,1,5,5,5,4,4,3,5,5,5,4,5,4,2,4,3,5,5,4,3,2,5,4,4,5,1,5,5,1,5,1,5,4,5,1,1,5,5,5,4,4,5,5,2,4,1,5,3,5,3,1,5,3,4,4,1,5,3,1,5,1,4,5,5,5,1,5,5,5,4,5,5,5,3,4,5,5,1,3,2,3,5,5,5,5,1,5,5,1,4,1,5,5,5,5,2,4,2,5,4,5,5,5,2,4,3,5,1,4,2,1,5,3,5,4,1,5,1,5,3,1,5,2,5,4,4,1,4,4,5,3,5,3,1,4,1,5,4,5,3,1,1,3,5,4,5,5,3,5,3,2,5,5,3,4,1,3,4,5,4,3,3,4,1,2,2,5,2,4,1,1,5,5,5,5,1,5,4,5,1,5,5,4,5,4,3,1,3,4,5,1,4,5,1,4,1,5,2,3,1,1,5,2,1,5,1,3,5,2,1,1,3,3,5,5,1,1,5,5,4,5,5,4,4,4,1,5,3,4,1,1,5,5,5,3,5,3,5,5,3,1,4,3,5,5,1,4,3,5,4,4,5,4,1,3,1,5,1,4,1,212.0,225.0,241.0,210.0,187.0
2725,male,46,USA,3,4,3,3,5,1,3,1,3,4,1,5,2,5,4,2,4,3,4,5,1,4,5,4,4,1,4,1,3,4,1,4,1,4,4,1,3,4,4,4,1,4,4,3,5,3,4,4,5,4,1,4,3,3,4,1,4,4,4,4,1,4,2,4,4,1,4,3,2,4,1,4,1,4,5,2,4,4,4,4,2,4,4,2,4,1,2,3,4,3,2,4,2,4,4,1,4,3,5,4,1,4,4,4,4,3,4,4,5,3,1,1,4,4,4,1,2,3,2,5,2,4,2,4,4,1,1,4,3,4,1,4,4,4,4,2,3,3,4,4,2,1,4,3,4,1,5,2,4,5,2,5,3,4,4,2,5,3,5,4,1,5,2,5,4,1,4,3,4,4,2,1,3,2,5,2,5,3,4,5,2,5,2,5,4,2,5,3,5,5,1,3,2,5,5,2,3,3,5,4,2,5,5,3,4,2,5,3,3,5,2,5,3,4,4,2,2,2,4,5,1,4,4,5,5,2,2,2,5,5,2,3,4,3,4,2,4,2,3,5,2,5,3,4,4,1,2,3,5,4,1,3,2,5,5,3,3,4,4,5,2,5,5,5,5,2,4,2,3,5,2,4,4,5,5,2,4,2,5,4,2,4,4,5,5,2,4,3,4,5,2,4,4,5,4,2,5,1,5,5,204.0,219.0,214.0,204.0,162.0
3944,male,20,Denmark,1,4,5,4,5,1,2,3,5,5,1,2,4,4,3,4,4,5,5,4,5,3,5,5,1,4,2,1,5,4,1,4,5,4,5,1,4,5,2,4,1,2,5,4,4,3,2,3,4,5,3,2,5,4,2,3,4,5,5,4,3,3,5,4,5,2,2,5,4,3,1,4,4,5,5,2,2,5,5,4,2,2,5,4,4,2,2,5,4,2,2,4,4,4,4,1,2,3,4,4,1,4,5,5,3,4,4,5,4,4,3,2,5,5,4,5,4,5,3,5,2,3,4,4,5,1,3,5,1,4,4,2,5,5,5,2,2,5,3,4,5,2,5,4,4,4,5,3,5,4,2,2,5,5,2,2,3,3,4,1,1,2,4,5,1,3,3,4,4,3,3,1,5,1,3,2,5,3,4,4,3,2,5,4,5,1,2,3,5,1,2,1,5,5,4,1,1,5,5,4,3,1,5,1,4,1,5,3,4,4,4,3,5,3,5,2,2,1,5,1,1,4,5,5,3,3,3,4,5,5,4,1,5,1,2,2,4,4,3,4,2,4,5,2,4,2,2,2,4,3,1,1,4,4,4,4,1,5,4,2,2,1,5,5,2,2,4,3,3,4,2,2,5,5,5,1,1,1,5,2,2,4,5,5,4,1,2,4,5,5,3,5,5,5,2,2,5,3,4,2,230.0,193.0,193.0,217.0,182.0
4578,female,37,USA,1,2,5,2,5,3,1,5,4,4,4,5,5,5,4,3,3,4,4,4,4,2,5,4,4,2,4,4,3,3,1,2,2,4,5,3,3,5,2,4,1,4,4,4,4,2,2,3,4,5,2,2,4,3,4,2,3,5,5,4,2,2,2,2,5,2,3,5,5,2,3,4,5,5,3,2,4,4,2,4,2,3,4,2,4,2,2,2,4,4,2,4,3,5,5,1,2,4,5,3,1,1,5,5,3,2,5,5,3,5,3,1,5,3,5,1,3,5,3,4,3,4,3,5,4,2,3,5,3,2,3,5,5,4,4,3,4,4,3,4,4,1,5,4,4,2,4,4,5,4,4,4,4,4,4,3,3,5,5,5,1,5,5,5,5,1,4,4,5,3,4,1,4,2,5,1,5,5,5,4,2,3,2,4,5,3,3,4,5,5,2,5,4,5,5,2,3,4,4,2,4,5,5,2,5,1,4,2,3,3,4,4,4,4,5,3,3,5,5,5,4,4,5,5,5,4,2,3,5,5,4,1,5,3,5,2,4,4,5,5,1,5,2,4,5,3,3,2,5,4,1,4,5,5,5,4,1,4,5,5,5,3,4,5,5,2,4,3,4,4,2,4,4,5,4,2,2,5,5,2,2,4,5,5,4,2,5,5,4,5,5,5,5,5,5,2,4,1,4,4,243.0,233.0,194.0,222.0,192.0
5111,male,23,Ireland,4,4,5,3,5,3,3,3,3,4,2,4,2,4,4,2,3,2,2,4,3,4,4,2,4,2,4,3,3,4,3,2,3,3,4,2,4,4,4,4,2,4,3,4,4,2,4,4,3,4,2,4,2,2,4,2,4,2,3,4,1,4,3,2,4,2,3,4,3,4,2,4,3,4,4,2,4,4,3,4,2,4,4,2,4,2,2,2,3,4,2,4,4,4,4,2,4,3,2,4,1,4,4,4,4,2,4,4,4,4,3,3,4,4,4,2,4,2,3,4,2,4,3,4,4,2,4,4,2,4,1,4,3,4,4,2,4,3,4,3,3,2,4,3,4,3,4,3,4,4,2,3,4,4,4,2,3,4,4,4,1,4,2,3,4,1,3,4,4,4,2,2,4,2,4,2,4,3,5,3,2,4,2,3,4,2,3,4,3,4,2,4,4,4,4,2,3,4,4,4,3,2,4,2,4,2,3,2,2,4,2,4,5,3,5,2,3,4,4,3,2,4,3,4,3,2,2,4,4,5,2,2,5,2,4,2,3,3,3,5,4,4,4,3,4,2,3,4,2,4,2,4,2,4,4,2,3,4,3,4,3,5,4,3,4,2,4,2,2,4,2,3,4,4,4,4,3,3,4,4,2,3,3,3,4,2,4,4,3,4,4,4,3,2,4,2,4,2,3,4,195.0,216.0,202.0,185.0,176.0
5460,female,20,USA,3,4,5,4,4,3,2,5,1,1,4,3,4,5,1,2,4,5,3,5,5,5,5,2,2,2,3,4,4,4,1,4,5,2,4,2,3,5,1,5,2,4,5,5,4,4,3,5,3,5,4,5,5,1,2,2,5,5,5,2,2,3,5,4,3,2,4,5,3,2,3,3,5,5,1,2,5,5,5,5,2,5,2,3,4,2,5,5,5,3,2,5,5,5,2,3,4,5,2,1,2,5,5,4,5,2,5,5,2,5,3,4,5,4,4,5,4,3,2,2,5,4,5,5,5,2,4,5,1,1,4,2,5,4,4,2,5,5,4,5,5,5,5,2,4,5,4,5,4,4,1,1,3,4,5,2,4,5,4,2,2,4,5,4,1,4,1,4,3,5,4,4,5,4,4,2,4,3,5,2,4,4,5,4,4,2,4,5,5,2,4,4,5,4,4,1,2,5,5,5,5,5,5,4,1,1,4,4,2,1,2,4,5,2,2,1,4,5,5,5,4,4,5,4,4,2,1,5,5,4,5,5,4,3,4,2,4,3,4,1,3,5,5,2,5,2,4,5,5,2,4,4,5,4,4,2,2,5,4,4,4,5,5,4,2,2,4,2,4,2,2,4,5,5,3,2,2,5,5,2,4,5,5,4,4,1,4,2,4,5,3,5,4,2,5,4,4,5,4,2,246.0,202.0,234.0,202.0,206.0
5730,male,35,USA,4,2,5,3,2,4,1,5,3,3,4,1,5,5,2,1,1,2,1,3,4,4,5,3,1,1,1,3,5,2,4,4,5,3,1,4,2,5,2,2,4,1,4,4,5,4,1,5,5,2,3,4,5,5,2,5,3,5,5,4,2,1,5,4,3,4,3,4,5,2,5,5,5,4,2,4,2,4,5,2,4,4,5,2,2,4,1,3,4,4,4,2,5,4,2,4,2,3,4,2,3,3,4,4,5,4,4,3,1,3,4,4,5,5,2,3,4,4,4,2,4,2,2,3,4,4,2,5,2,2,5,2,5,2,4,4,4,4,1,2,5,4,5,5,2,2,2,3,4,2,2,2,4,2,4,2,2,5,4,2,4,4,1,4,2,1,2,4,5,4,4,2,5,3,2,1,2,3,5,4,2,1,5,4,4,2,2,5,4,1,5,4,3,4,4,4,2,4,5,2,4,2,5,4,1,1,4,4,4,4,4,4,5,2,4,3,4,4,4,2,4,5,2,2,4,2,2,2,4,2,4,2,5,4,2,4,4,4,5,2,4,4,5,4,5,1,4,4,4,1,3,3,4,4,2,4,2,5,5,2,2,4,5,5,2,4,1,4,4,4,4,2,5,4,4,2,2,4,5,1,4,5,2,4,4,4,2,4,5,2,1,5,1,4,1,1,5,5,5,1,213.0,167.0,189.0,206.0,218.0
7074,female,19,USA,4,5,5,4,4,1,3,5,5,3,1,4,5,5,4,3,4,5,5,5,2,5,5,4,3,3,5,4,4,4,2,5,5,5,4,2,3,5,4,4,1,5,5,5,4,3,4,5,4,4,2,5,5,3,2,3,5,1,4,4,1,5,5,4,3,5,5,5,4,3,1,5,5,5,5,1,3,5,5,5,2,5,4,2,2,1,5,5,5,5,2,5,5,4,5,1,5,5,3,2,2,4,5,5,4,2,3,4,3,4,4,3,4,4,2,3,4,1,5,5,5,5,3,5,5,2,5,5,3,4,1,3,5,5,5,1,3,5,3,4,3,1,4,5,5,4,5,3,5,3,2,5,5,5,4,2,5,5,5,1,1,4,4,5,5,2,2,5,4,3,2,4,5,1,4,2,5,4,5,2,2,5,5,5,4,2,5,5,4,2,1,3,4,5,4,4,2,5,5,4,2,4,5,5,5,2,5,3,5,4,3,5,5,4,5,1,4,5,5,2,1,4,3,3,5,2,3,5,5,5,1,3,5,2,3,1,5,3,4,2,4,5,5,2,4,2,4,4,5,1,1,3,4,5,5,1,2,5,5,4,1,5,5,5,3,2,5,3,5,5,1,5,5,5,5,2,4,5,5,2,2,5,5,5,3,1,4,5,5,4,2,3,5,5,5,2,5,3,5,1,248.0,217.0,239.0,221.0,198.0
7318,female,24,USA,4,2,5,4,5,2,1,5,2,4,2,2,4,4,2,4,4,5,3,2,2,3,4,4,2,2,4,5,5,2,3,2,4,4,4,2,1,5,2,4,1,2,4,4,2,4,2,5,3,4,4,4,4,4,2,2,4,4,4,5,2,3,4,4,4,2,4,4,2,2,2,2,4,5,2,4,4,5,4,3,2,3,5,1,2,2,4,4,5,2,2,2,4,3,2,1,4,5,4,2,2,2,5,5,3,4,4,5,5,4,2,1,4,4,2,5,4,5,4,2,4,4,4,4,4,2,3,5,2,2,4,2,5,4,5,4,3,5,4,4,4,2,5,4,2,4,5,5,5,4,2,1,5,5,4,2,4,5,5,2,2,3,4,5,3,2,2,4,5,4,2,1,5,2,4,2,4,5,5,1,1,2,5,4,4,2,4,5,5,2,5,2,5,5,4,4,2,4,5,3,4,4,5,2,5,2,4,4,5,2,4,4,5,4,2,2,2,4,4,2,2,4,5,5,5,2,4,5,5,5,2,1,5,3,2,2,2,5,5,4,2,5,5,4,5,2,2,4,5,4,2,2,5,5,3,4,2,5,5,5,2,4,5,4,4,2,4,4,5,4,2,2,5,5,4,2,2,5,5,2,2,2,5,5,4,4,3,5,4,5,4,4,5,4,1,2,3,4,5,1,243.0,188.0,193.0,219.0,202.0
7613,male,46,Canada,4,4,3,3,4,1,3,2,5,3,1,5,2,4,4,2,2,4,5,4,2,4,4,3,3,1,3,4,3,2,3,5,4,4,4,1,4,5,4,2,1,5,4,3,4,2,2,4,4,3,2,2,1,4,4,2,2,5,3,3,2,5,2,4,4,1,4,4,5,2,1,3,1,5,5,1,3,2,4,4,1,4,2,5,4,1,1,3,4,4,1,5,2,4,4,1,4,2,5,4,1,2,3,4,4,2,5,5,1,4,1,4,5,4,4,1,3,5,1,5,2,4,2,4,4,1,4,4,3,4,1,5,5,3,5,1,4,4,2,4,4,3,4,4,5,1,4,4,4,5,5,5,4,4,4,1,4,4,4,2,1,5,1,4,3,2,2,4,2,4,2,2,3,3,4,1,4,4,4,3,1,5,2,4,5,1,4,2,4,4,2,4,2,2,5,2,2,4,5,4,4,4,5,2,3,2,4,2,1,5,2,5,2,4,5,1,5,2,5,2,1,5,2,5,5,2,1,2,5,4,1,1,4,2,5,1,5,1,2,4,2,4,2,4,4,1,5,5,5,4,1,2,2,4,5,2,4,4,5,4,2,2,4,4,5,5,2,2,2,5,2,4,4,4,4,2,4,2,5,4,2,5,2,5,5,1,5,2,5,5,4,4,1,4,5,2,5,4,2,2,187.0,209.0,213.0,199.0,162.0
7762,male,37,USA,4,5,3,5,4,1,4,3,3,4,1,3,3,5,5,2,5,5,5,4,4,4,2,2,4,1,4,3,4,2,1,5,5,5,4,1,4,5,5,4,1,4,4,3,4,1,5,4,4,5,1,4,4,3,4,1,5,3,5,4,1,5,5,4,4,1,5,4,4,3,1,3,4,4,2,4,2,3,5,4,1,4,1,2,4,1,4,3,4,3,1,5,4,4,4,1,4,4,5,4,1,4,3,5,5,2,4,4,3,3,4,4,2,2,3,2,5,3,4,3,3,5,1,5,3,1,4,5,4,3,3,4,3,4,5,4,3,2,5,2,3,2,5,5,4,1,5,3,4,5,1,5,3,5,3,1,5,5,5,5,1,3,1,5,5,3,2,3,5,4,3,4,3,2,5,1,5,3,5,3,1,5,5,5,5,1,5,5,5,4,4,4,3,5,5,3,2,4,5,1,3,4,4,2,5,5,5,2,2,5,4,5,4,5,5,1,5,4,5,5,1,4,4,5,5,2,2,2,5,3,2,2,2,3,5,2,5,3,3,2,1,5,4,4,4,1,3,5,5,1,1,3,1,5,5,1,1,1,5,1,5,1,1,5,5,2,5,2,3,5,2,5,4,5,5,4,5,5,5,3,2,4,5,5,4,2,4,4,5,4,4,5,5,4,2,2,5,1,5,4,210.0,210.0,235.0,222.0,171.0
8156,male,30,USA,4,5,4,3,5,4,3,2,1,5,4,5,5,5,5,2,4,4,1,5,2,5,5,1,4,1,4,3,2,4,4,4,5,2,5,4,4,5,5,3,3,5,4,4,5,4,3,5,1,5,3,5,5,5,4,1,3,3,5,3,1,2,5,2,4,3,5,5,2,2,4,5,5,5,3,1,3,2,5,2,4,4,4,3,4,1,5,3,5,1,1,5,5,4,3,3,2,1,2,4,5,4,1,3,2,3,5,5,1,5,5,5,5,5,5,2,4,5,1,5,4,5,1,3,4,3,5,5,1,5,5,5,5,2,5,5,5,1,5,5,3,1,5,3,4,4,2,5,4,3,4,1,5,2,5,4,1,3,3,5,2,5,3,3,3,4,2,3,4,4,5,5,5,3,5,1,3,3,3,3,4,4,5,3,4,3,2,5,4,4,5,5,5,4,3,2,3,5,5,5,3,2,4,4,1,1,5,3,4,5,4,2,5,3,3,4,2,1,1,1,2,2,1,5,2,2,1,1,2,3,3,4,5,1,2,4,5,3,2,1,5,4,5,2,5,2,5,5,3,1,1,1,5,5,5,1,1,5,1,5,3,5,5,5,2,3,3,3,5,5,1,4,5,5,4,4,1,1,3,4,5,3,4,3,2,1,3,5,2,5,5,5,5,5,2,1,5,4,2,1,214.0,202.0,215.0,206.0,203.0
8743,male,34,Finland,5,2,5,4,3,2,1,5,4,3,4,4,4,3,3,2,2,5,1,2,1,2,4,3,2,2,2,2,5,4,3,2,4,3,3,4,1,5,4,2,2,5,5,4,4,2,1,3,5,3,3,2,5,3,4,3,3,4,4,2,2,1,4,2,3,4,3,5,3,4,4,4,5,4,3,3,4,5,4,2,1,1,5,1,2,3,4,2,4,4,5,4,4,3,5,3,4,3,5,3,1,4,5,4,4,1,3,5,1,3,3,1,4,5,2,2,2,4,4,3,4,3,4,3,4,2,1,5,2,3,1,4,5,4,5,5,4,4,2,2,3,1,5,2,3,3,4,3,4,4,4,1,5,3,4,4,2,5,5,1,3,4,4,5,2,2,1,1,5,4,1,1,5,1,2,3,3,3,4,3,4,1,4,4,5,2,2,4,4,4,3,3,4,5,4,4,2,2,5,4,4,2,5,1,5,2,4,2,5,4,3,2,5,3,5,5,1,5,5,3,4,5,5,3,4,4,2,5,5,2,2,2,5,1,2,2,4,2,4,5,4,3,4,2,5,2,2,2,4,5,1,2,4,5,5,5,3,4,4,2,2,4,5,5,2,3,2,2,3,4,2,2,5,4,5,2,1,1,5,5,2,5,4,4,5,1,4,4,3,3,3,2,5,4,4,2,4,1,4,2,216.0,181.0,187.0,201.0,197.0
9750,female,31,Canada,2,5,4,4,4,5,3,4,5,3,3,4,4,5,4,1,4,4,4,4,3,5,4,4,5,1,3,3,4,4,2,4,4,3,4,5,4,5,4,5,1,4,4,4,5,2,4,4,1,5,4,4,3,3,4,2,4,3,5,2,5,5,4,3,4,5,4,4,2,5,4,5,4,4,5,2,4,4,3,4,4,4,4,3,4,1,4,3,4,3,5,5,3,2,3,3,4,4,4,4,1,3,4,5,5,3,4,4,1,4,1,3,4,4,4,1,3,5,4,1,4,5,3,2,4,5,4,5,2,4,3,4,5,4,4,1,5,3,2,4,4,4,4,5,4,4,3,3,5,2,2,5,4,3,4,5,4,5,5,5,1,5,2,5,4,1,2,3,2,5,2,4,4,2,5,2,4,3,4,2,4,5,3,3,4,5,4,3,4,5,4,4,2,5,5,2,3,3,2,4,4,2,3,1,4,2,5,2,3,2,2,5,5,2,4,5,4,4,5,5,2,5,4,4,5,2,2,2,3,4,2,3,4,2,5,1,5,3,4,2,2,5,4,3,5,4,4,4,5,1,1,2,4,5,5,4,4,4,5,5,4,4,3,4,4,2,5,3,2,2,2,4,5,4,5,2,3,5,5,4,1,5,2,5,5,1,5,3,5,5,4,4,4,4,5,2,5,2,1,2,227.0,223.0,225.0,210.0,190.0
9884,male,20,USA,3,4,4,4,4,4,5,2,4,4,1,3,4,4,4,2,2,3,3,3,3,4,4,4,3,2,4,3,3,4,2,4,3,4,4,4,4,5,4,3,1,3,4,3,4,2,3,4,2,4,3,4,3,2,4,3,5,2,2,4,2,4,4,4,4,3,4,4,4,4,1,4,3,4,4,1,3,4,4,4,3,4,3,3,3,2,4,2,3,3,2,4,4,4,4,3,4,3,4,3,2,4,4,4,4,1,4,4,2,3,3,4,4,3,3,2,4,3,2,4,2,4,4,4,4,4,4,4,2,4,4,3,3,4,4,2,4,2,2,3,3,4,4,3,4,2,4,3,3,4,2,4,3,4,4,4,2,3,4,4,2,4,3,4,4,2,2,3,2,4,3,4,3,2,4,2,4,2,4,2,2,4,4,4,4,3,3,2,2,2,2,4,2,3,4,4,2,4,2,4,4,4,2,2,4,2,4,3,2,4,2,4,2,3,4,4,4,4,4,2,2,4,4,4,3,2,2,3,3,4,4,3,4,2,4,2,4,2,3,2,4,4,4,2,4,2,4,4,3,4,2,4,4,4,4,2,2,3,2,3,4,4,3,3,4,4,2,2,4,3,2,4,4,4,4,4,2,2,4,4,2,4,4,4,4,1,4,2,2,4,4,4,3,2,4,2,4,1,3,3,187.0,211.0,203.0,199.0,172.0
10153,female,20,USA,1,2,1,1,4,5,1,3,5,5,4,4,5,4,4,4,1,4,1,1,3,4,4,3,2,4,2,1,5,4,4,1,2,2,5,5,4,5,4,4,4,5,5,4,4,5,1,5,4,3,4,3,5,1,2,4,4,1,5,1,5,1,3,2,3,5,3,3,3,5,4,4,3,5,4,4,1,3,5,3,5,3,5,1,4,3,5,1,4,2,5,2,3,2,1,4,3,5,3,5,4,3,1,5,5,5,5,4,1,4,5,2,5,4,3,3,5,5,4,2,4,3,3,2,4,5,5,5,5,5,5,4,3,3,3,4,4,2,2,4,4,5,4,2,3,5,2,3,5,4,5,4,5,2,4,5,1,3,5,5,3,2,5,2,3,2,1,1,1,5,5,5,3,4,4,2,2,3,3,3,5,4,3,1,2,5,1,3,4,4,4,2,4,5,4,5,1,1,1,5,2,4,3,4,1,1,5,2,1,1,5,2,3,1,5,5,5,3,5,2,4,4,3,3,5,5,1,1,1,1,4,4,3,1,2,2,5,2,4,2,5,5,4,1,4,5,2,5,5,1,3,2,5,5,1,1,2,5,1,5,5,5,3,4,2,2,5,1,3,1,4,3,4,3,2,5,1,1,3,5,3,5,5,5,5,1,3,2,1,5,5,5,5,5,2,2,5,1,2,2,204.0,200.0,173.0,204.0,216.0
10343,female,22,Canada,5,4,4,4,5,4,3,5,5,4,5,4,4,5,5,5,2,2,3,3,5,4,3,1,4,4,3,2,5,5,5,5,4,2,3,5,3,5,5,5,5,2,5,5,4,5,3,5,5,4,5,4,2,3,3,5,4,5,5,4,4,4,4,2,3,5,4,5,4,5,5,4,3,4,2,4,4,4,5,3,5,4,3,2,3,3,4,3,5,4,5,4,4,1,1,2,3,5,4,5,5,2,1,5,4,3,2,3,3,2,3,2,2,5,3,5,2,5,4,3,5,4,4,2,4,4,5,5,4,5,5,3,5,3,5,2,3,1,4,3,5,4,5,5,3,4,3,4,5,3,5,5,4,4,3,4,2,5,5,5,4,3,4,5,3,4,2,1,2,3,3,3,4,4,2,2,2,4,5,3,2,4,4,2,3,4,5,4,5,5,5,3,4,5,4,5,2,1,5,4,4,4,5,4,2,2,4,4,2,3,4,4,3,1,3,4,4,5,5,5,4,3,3,5,5,4,2,2,5,4,5,1,2,3,3,2,4,3,4,3,5,5,4,1,4,2,3,4,5,5,5,4,5,5,5,4,2,4,3,2,5,4,4,5,1,3,4,3,4,3,3,2,4,3,5,4,2,5,5,5,4,4,4,4,3,4,3,2,3,3,5,4,2,4,2,2,4,2,4,4,213.0,217.0,212.0,235.0,232.0
10710,male,33,USA,1,3,2,2,5,4,1,3,5,5,1,4,3,5,5,1,4,2,2,3,4,3,4,4,5,1,2,1,2,5,3,2,2,3,4,4,2,4,5,4,2,4,4,4,5,4,3,3,3,5,2,4,3,4,4,2,4,1,4,4,1,4,2,3,4,2,3,2,2,4,1,4,3,3,4,2,2,3,4,4,2,4,4,4,4,1,2,2,3,4,2,4,2,3,4,2,3,3,4,4,1,3,4,3,5,3,3,4,3,4,2,2,4,3,4,2,2,1,4,5,2,4,2,2,4,4,2,5,3,4,1,4,4,3,5,2,4,2,4,5,4,2,4,3,4,1,4,1,3,5,2,4,4,4,4,4,3,3,5,4,1,5,2,5,5,2,3,2,4,5,2,1,2,2,4,1,4,1,5,3,2,4,2,3,4,3,3,2,4,4,2,3,2,4,5,1,4,2,5,5,2,1,4,2,5,2,4,1,2,4,2,4,3,2,4,3,2,4,4,4,1,3,3,5,5,2,3,1,5,1,2,2,4,3,5,2,4,1,3,4,2,3,2,2,4,3,2,2,5,5,5,2,2,4,5,2,2,4,3,5,4,5,4,5,5,1,4,1,2,5,1,3,4,3,5,2,2,1,5,5,2,4,2,4,5,1,4,2,2,5,2,1,5,4,4,2,4,1,3,4,180.0,213.0,187.0,197.0,164.0
10888,female,20,USA,2,5,5,3,4,4,5,5,1,1,1,4,5,5,1,1,4,5,3,3,3,5,3,1,1,1,4,5,4,3,1,4,5,3,4,4,5,5,1,4,1,4,4,4,5,1,4,4,1,4,5,5,5,2,2,1,5,5,5,3,1,5,5,3,3,3,3,5,1,3,1,5,5,4,3,1,5,5,3,4,5,5,5,1,2,1,5,1,1,1,1,5,5,4,5,1,3,5,1,1,1,3,5,5,4,1,5,5,1,5,4,5,5,2,2,2,5,5,1,1,1,5,5,4,4,4,5,5,1,2,3,4,4,4,4,1,3,5,5,3,3,5,5,1,3,3,5,5,2,1,1,3,3,3,4,3,5,5,4,2,1,5,3,2,1,1,2,2,1,5,3,5,5,1,2,1,5,5,3,1,1,5,5,3,5,4,5,5,5,2,1,5,5,3,5,1,1,3,2,4,5,5,5,1,3,1,5,3,2,1,1,5,5,3,5,3,5,5,3,2,1,5,1,1,4,1,1,5,2,5,3,5,5,1,1,1,5,1,3,1,1,3,5,5,5,2,5,5,2,1,1,5,3,3,3,1,1,5,1,3,5,5,5,3,5,1,5,1,1,1,1,2,5,3,1,1,5,5,5,1,1,5,3,3,3,1,5,5,2,2,5,5,5,1,5,1,5,1,3,1,226.0,180.0,215.0,165.0,175.0
11177,female,18,USA,4,2,5,3,4,4,1,4,5,5,4,3,5,3,4,4,3,2,2,4,2,2,5,3,2,2,2,4,4,5,4,2,4,2,5,5,1,5,4,4,4,2,4,4,3,5,2,4,5,5,5,2,5,2,3,5,3,5,4,4,4,1,4,2,4,4,4,4,2,5,4,2,3,4,4,5,3,2,5,3,2,2,5,2,2,2,4,3,3,3,4,1,4,2,2,3,2,4,4,5,5,2,5,4,4,4,3,3,2,4,3,1,2,4,2,5,2,5,5,2,4,4,3,4,4,4,1,5,3,4,5,2,5,5,4,5,5,1,1,5,5,1,5,2,2,5,3,4,4,3,4,1,5,3,4,4,1,4,5,2,5,2,5,4,4,3,3,2,4,5,3,2,5,3,3,2,2,4,4,2,2,1,4,2,4,5,1,4,2,3,5,1,5,4,2,5,4,2,2,4,3,2,5,3,3,2,4,2,3,3,5,1,5,1,4,4,2,4,4,2,4,4,5,3,5,5,2,2,4,4,4,1,5,2,3,3,4,3,2,4,2,4,5,1,5,4,2,5,5,2,4,2,5,4,4,5,2,4,2,4,4,2,2,3,3,3,4,3,4,3,5,1,5,3,4,2,1,3,5,4,4,3,4,4,4,2,4,3,2,4,4,4,4,4,2,3,4,4,3,3,225.0,199.0,169.0,202.0,219.0
15619,male,23,USA,4,4,4,4,5,3,4,5,3,3,4,4,5,5,5,4,3,5,4,4,4,5,5,5,3,4,4,5,5,5,5,5,5,3,5,4,5,5,4,4,4,4,5,5,5,4,4,5,4,4,5,5,4,5,3,4,5,5,5,4,3,4,5,3,4,3,5,5,3,4,3,4,5,5,5,4,4,5,3,4,3,5,5,2,3,2,4,4,5,4,4,3,5,4,3,2,4,4,4,2,4,3,5,5,4,4,4,5,3,4,5,5,5,5,3,4,5,4,3,2,4,5,4,4,4,3,5,5,3,4,2,4,5,5,4,3,5,3,2,4,4,3,4,3,4,5,5,5,5,4,3,4,4,4,4,3,2,5,4,3,3,4,4,5,4,2,2,4,3,5,3,4,2,3,3,2,5,5,1,4,2,2,4,3,3,3,2,5,4,4,3,2,4,4,4,5,2,3,5,5,2,5,4,3,2,1,5,2,4,3,2,4,5,2,4,3,2,5,5,4,3,4,5,5,5,2,2,3,4,4,3,4,4,2,4,3,5,4,4,3,4,4,4,3,5,1,4,5,5,4,3,2,4,4,5,4,3,4,3,4,2,5,5,4,4,2,4,4,4,3,2,3,5,4,4,4,2,3,4,3,3,3,4,4,4,2,3,4,2,4,4,5,4,2,3,2,5,1,3,4,247.0,218.0,232.0,220.0,224.0
15686,female,20,USA,5,5,5,4,5,2,1,5,5,4,1,4,4,5,4,3,3,5,5,5,3,5,5,4,5,1,4,3,2,4,1,3,4,3,5,3,3,5,4,5,1,4,5,5,4,3,4,5,1,3,3,5,5,2,3,3,4,3,5,4,1,5,3,3,4,2,2,5,5,5,2,4,4,5,5,1,5,5,5,4,3,5,3,4,5,1,5,4,5,3,3,5,2,3,4,1,3,4,5,1,1,5,4,5,5,2,5,5,3,3,1,1,4,3,4,4,4,3,5,2,3,5,3,4,4,1,4,5,2,3,1,4,5,5,5,4,5,3,3,4,5,3,5,3,4,5,5,3,5,5,5,5,4,5,4,3,4,5,5,5,1,5,4,3,3,3,3,4,5,4,3,3,4,3,4,4,5,5,5,1,2,5,5,5,5,3,5,5,5,2,1,5,5,5,5,2,2,5,3,3,2,5,4,3,3,1,5,2,5,3,3,5,5,3,5,3,1,5,5,5,5,5,5,5,5,1,2,3,4,5,4,3,5,1,3,2,5,3,5,1,3,5,4,1,5,2,3,3,3,5,1,4,5,5,5,4,2,5,4,3,3,5,5,3,3,2,5,3,3,4,2,5,5,5,5,4,3,4,5,5,2,5,5,5,5,1,5,5,5,4,3,5,5,3,3,2,5,1,3,1,236.0,228.0,227.0,233.0,193.0
15913,male,18,USA,4,2,5,4,4,3,1,3,5,5,5,4,5,3,5,5,3,4,3,4,2,5,4,5,3,3,2,5,5,3,5,5,3,3,5,5,1,5,5,4,3,4,4,4,5,5,3,5,1,4,5,5,3,3,4,2,3,1,5,5,5,2,5,3,4,5,5,5,5,5,5,3,5,4,5,5,5,4,5,4,4,4,4,2,2,4,2,3,4,4,2,5,5,4,4,2,3,4,4,5,5,4,4,3,5,5,5,3,2,4,1,1,5,5,5,5,1,1,2,3,4,4,5,3,4,4,3,5,4,5,3,4,5,5,5,2,2,3,1,3,2,1,5,3,3,5,1,5,5,3,5,5,5,1,4,5,5,4,5,5,1,3,5,3,4,1,2,2,1,5,1,1,4,2,4,2,3,5,5,5,2,3,5,4,3,3,5,5,3,5,1,2,5,5,5,5,1,3,3,3,2,2,5,3,2,2,4,1,1,3,5,2,5,3,5,3,1,3,4,5,5,5,5,5,5,2,3,5,4,5,1,1,4,3,4,2,5,4,4,5,5,5,4,1,5,2,2,3,5,5,2,2,5,3,5,4,3,3,2,4,2,4,4,3,4,1,4,1,5,4,5,4,5,5,4,2,4,4,5,4,5,4,5,4,4,4,4,3,1,4,2,3,4,2,5,2,5,2,5,3,232.0,231.0,186.0,218.0,225.0
17346,female,28,USA,4,4,4,4,5,2,3,5,2,4,4,5,3,5,4,3,3,4,4,4,4,5,5,2,4,1,4,2,5,4,2,4,2,4,5,2,2,5,2,4,1,3,4,4,5,2,3,5,5,5,2,4,4,3,4,3,4,2,4,3,2,4,3,4,4,2,4,5,3,2,2,3,3,4,4,3,3,5,3,4,3,5,4,2,5,3,4,4,5,4,3,4,3,4,3,2,4,5,4,3,1,3,4,3,4,2,4,5,4,4,4,3,5,3,4,2,4,3,4,3,2,4,4,5,5,2,4,5,3,4,4,4,4,4,4,3,2,4,4,4,4,2,4,3,4,3,5,2,4,3,4,4,3,4,4,3,2,5,3,4,3,4,4,4,4,2,3,3,4,4,4,3,5,2,4,2,5,5,5,4,1,4,4,4,4,2,3,4,4,3,2,4,4,4,5,4,3,4,5,4,4,4,3,1,4,1,4,4,4,4,3,4,5,3,3,2,3,5,4,4,3,4,4,4,4,3,2,4,5,5,4,3,5,3,4,2,3,3,4,3,2,4,3,3,4,2,3,4,3,2,1,4,4,3,4,2,2,5,5,4,4,5,5,4,4,2,4,4,3,4,2,4,5,5,4,2,3,5,4,2,3,3,5,4,4,2,2,4,4,5,4,4,5,4,3,1,4,3,4,4,223.0,219.0,213.0,217.0,195.0
17957,female,48,USA,4,4,4,1,5,4,1,4,5,5,4,5,4,4,4,1,5,5,4,5,4,5,4,4,4,2,4,3,3,2,2,3,2,4,4,4,2,5,3,4,1,2,4,4,5,1,5,5,4,5,4,5,5,4,4,2,4,1,4,4,2,3,3,1,4,2,3,4,5,4,2,4,4,4,5,2,4,5,4,4,4,5,4,4,5,1,1,1,5,4,4,4,4,4,5,3,3,5,5,5,1,4,4,4,5,3,4,4,1,4,4,2,5,3,4,2,4,1,4,3,4,5,2,4,4,4,3,5,2,4,4,5,5,4,5,4,4,4,3,5,4,3,4,5,4,2,5,2,4,3,2,4,4,4,4,4,2,5,5,5,1,5,3,5,4,3,3,4,5,4,4,2,4,2,4,2,4,2,5,2,2,4,3,2,3,3,2,5,4,5,1,4,4,5,5,3,2,3,4,4,2,4,4,2,4,2,4,2,2,4,4,4,4,3,4,4,1,5,5,5,2,3,4,4,5,2,2,4,5,5,2,2,4,3,5,1,5,1,5,4,2,5,4,2,4,2,2,4,5,5,1,2,2,5,5,4,3,4,5,5,4,4,3,5,5,2,4,1,4,4,2,2,4,2,5,4,1,5,5,5,3,4,4,4,5,1,4,4,5,5,4,3,3,5,4,2,5,1,2,2,222.0,230.0,214.0,213.0,191.0
21330,female,17,USA,4,2,4,4,4,2,3,4,5,2,3,3,4,4,5,4,2,5,4,2,4,4,2,3,2,3,4,3,5,4,3,2,4,4,2,4,2,5,4,2,4,2,4,3,4,4,2,4,1,4,5,3,4,4,2,4,5,3,4,4,3,2,4,2,2,2,5,4,4,3,2,3,3,4,3,4,4,4,4,2,4,4,2,4,2,4,4,4,5,3,4,2,4,2,1,3,4,5,3,2,4,2,2,4,3,4,2,4,2,2,4,3,2,4,4,5,4,5,3,2,4,4,2,3,3,3,4,5,4,4,4,3,3,2,4,4,2,1,2,2,3,2,4,4,2,4,4,3,4,4,2,2,4,2,4,4,5,5,5,2,2,2,4,5,5,4,2,2,4,3,2,2,4,4,2,4,2,3,4,4,2,2,2,2,2,2,4,5,5,1,5,1,5,4,4,4,1,1,4,2,4,3,2,4,1,4,4,3,3,3,4,2,2,2,1,4,2,4,5,2,2,2,4,3,4,4,2,2,2,2,4,1,2,3,2,3,5,2,2,3,5,4,4,2,2,2,2,4,4,3,4,2,3,4,4,4,2,2,2,2,2,4,4,4,2,4,4,2,2,4,4,2,2,4,4,2,2,4,4,3,4,2,4,4,2,4,2,2,2,2,2,4,4,4,4,4,5,2,4,2,193.0,174.0,189.0,193.0,206.0
22042,female,26,USA,4,2,4,2,3,3,3,4,5,3,4,3,3,3,4,4,2,3,4,2,1,4,3,3,2,3,2,3,4,3,3,3,4,3,3,2,1,4,3,3,4,3,5,4,4,3,2,5,3,3,3,4,2,5,2,5,2,2,4,3,2,3,3,2,3,4,3,4,3,3,4,2,4,4,2,4,2,4,4,3,4,3,2,3,3,5,4,2,4,2,5,3,4,4,1,2,2,3,4,2,4,3,3,4,4,3,2,4,3,4,3,3,3,3,2,3,4,3,4,4,4,3,2,3,4,2,2,4,2,3,4,3,5,3,3,5,3,2,3,3,1,4,3,5,2,5,3,3,4,3,5,3,4,2,3,2,2,5,5,4,4,3,5,4,4,2,3,3,4,4,3,4,4,4,3,4,3,5,4,3,4,3,4,2,4,4,2,3,4,3,4,2,5,4,3,3,2,3,4,3,4,4,4,4,2,3,4,2,3,3,3,2,4,2,4,2,3,3,4,3,2,3,4,4,3,3,3,3,4,2,3,3,4,2,2,4,4,3,4,2,4,4,3,2,3,2,2,4,4,4,4,3,5,5,4,3,3,4,4,3,2,4,4,3,3,2,4,2,3,3,4,2,4,3,4,3,2,4,3,3,4,2,5,4,4,4,3,3,3,3,3,4,4,4,3,4,2,1,4,2,199.0,180.0,190.0,201.0,204.0
22416,female,32,USA,4,2,3,3,4,2,4,3,3,3,3,3,3,4,4,3,5,3,4,3,3,4,2,4,2,2,3,4,4,3,3,3,3,3,4,2,3,4,3,3,2,3,4,4,3,4,5,4,4,5,4,4,3,3,3,3,3,3,4,4,2,3,4,3,3,2,4,4,4,4,2,2,4,4,2,4,4,4,4,3,4,3,2,4,2,3,2,2,4,4,2,3,3,4,3,2,3,4,4,3,2,3,3,4,3,4,4,3,3,3,2,2,3,4,4,4,2,4,4,4,4,4,4,4,4,3,4,4,3,3,3,3,4,3,3,4,3,2,4,4,3,2,4,4,4,4,4,4,4,3,3,3,4,4,4,3,3,4,4,2,2,4,4,4,4,4,2,4,3,4,4,3,3,3,4,3,4,3,4,4,3,3,4,4,4,3,3,2,4,3,4,2,4,4,3,4,2,4,4,2,4,3,4,3,4,4,4,3,4,3,3,5,5,4,4,3,4,4,5,4,4,4,4,4,5,4,4,3,5,5,4,1,4,3,4,2,3,2,4,4,4,5,4,5,4,2,5,5,5,3,2,3,3,5,5,4,3,4,4,5,4,4,3,4,5,2,5,2,3,4,3,4,4,5,4,3,2,5,4,4,3,3,4,5,4,2,3,3,3,5,4,4,4,4,4,3,3,2,4,2,210.0,205.0,208.0,215.0,203.0
22694,male,29,Australia,5,3,5,4,4,3,4,4,4,3,4,4,5,5,4,4,5,3,2,4,3,4,4,3,3,5,3,5,5,4,4,4,4,4,4,4,3,5,4,3,2,4,4,4,5,4,4,5,4,5,5,5,5,3,3,4,4,3,4,3,2,4,5,3,4,5,4,5,4,4,4,5,4,4,3,2,5,5,5,5,4,4,4,2,4,2,4,3,4,4,5,4,4,4,4,3,4,1,5,3,2,4,5,5,5,4,4,5,1,4,5,4,4,4,3,4,4,2,4,3,5,4,4,5,5,3,3,5,2,4,5,5,5,4,5,3,4,2,3,4,4,2,5,2,4,4,4,2,4,3,4,3,5,4,5,4,4,5,5,4,2,4,4,4,4,3,4,2,3,4,4,4,4,2,4,4,3,3,4,2,4,3,5,3,5,2,4,3,2,2,4,3,5,5,5,5,4,2,5,5,4,4,5,2,4,2,4,2,2,2,3,4,5,2,5,2,3,5,5,4,3,4,4,4,4,3,2,2,4,4,4,3,5,2,4,2,4,3,3,3,5,5,5,2,4,2,4,5,5,4,2,2,5,5,5,2,4,4,3,5,3,5,4,5,4,2,5,4,2,4,2,4,5,4,5,4,2,4,5,2,2,4,4,4,5,2,4,2,2,5,4,4,2,3,4,4,5,1,1,2,224.0,218.0,232.0,220.0,227.0
22849,female,23,Canada,4,4,5,2,5,4,4,5,5,4,4,5,5,4,2,2,5,5,2,3,3,5,3,1,4,2,3,5,5,3,3,2,5,2,4,4,3,5,2,4,1,5,5,5,4,4,5,5,2,4,4,4,5,2,4,1,3,2,5,5,1,4,4,1,5,4,2,5,3,3,2,1,4,4,4,1,5,5,5,5,2,4,4,3,5,1,5,4,4,3,4,4,5,4,4,2,2,5,3,3,2,5,5,5,4,1,5,5,2,4,1,2,5,4,5,4,3,1,4,5,4,4,5,5,5,4,4,5,1,3,4,5,5,5,5,1,5,5,2,5,5,3,5,4,4,4,5,4,5,4,5,1,5,4,5,5,2,5,5,5,2,5,5,5,3,2,2,5,5,5,4,2,5,2,4,1,4,5,5,2,2,4,5,2,5,4,2,5,5,5,1,5,5,5,4,2,2,5,5,5,1,4,5,2,5,1,5,1,2,4,4,3,5,1,5,5,5,5,4,5,4,4,5,5,4,2,3,5,5,5,1,3,5,2,2,1,4,2,5,3,5,4,5,1,5,2,3,4,4,4,1,5,5,4,5,4,4,4,3,5,2,5,5,5,5,1,5,1,5,5,1,2,5,5,5,4,2,5,5,2,2,5,5,5,4,1,5,5,5,5,2,4,2,2,4,1,5,1,4,2,247.0,231.0,223.0,218.0,195.0
24188,female,36,USA,4,3,5,3,2,4,2,3,4,3,3,4,4,4,4,4,2,4,4,3,4,3,4,4,2,3,4,1,5,3,2,3,4,4,3,2,4,4,4,4,2,4,4,4,5,4,2,4,4,3,1,2,3,2,3,4,4,1,5,4,2,2,4,3,3,3,4,4,4,3,2,3,4,4,5,2,2,3,4,4,4,3,2,4,2,4,4,2,5,3,3,4,5,2,4,2,2,5,5,4,3,4,4,5,5,4,4,4,2,3,3,1,3,4,2,4,4,2,3,3,4,4,3,4,4,3,4,5,5,3,2,4,5,4,5,4,4,3,3,2,4,1,4,3,4,4,4,1,4,4,4,2,4,3,3,4,3,3,5,3,3,3,2,4,5,3,2,2,5,4,3,2,3,3,2,2,4,4,5,3,3,3,4,3,3,3,3,5,3,2,2,2,4,4,4,3,2,2,4,3,2,2,4,3,2,2,5,2,2,3,3,3,5,3,2,2,3,2,4,4,3,4,4,4,4,4,2,2,5,3,2,1,3,4,2,2,4,3,4,5,3,4,2,3,4,2,2,2,5,2,2,2,2,5,5,4,3,4,5,2,4,1,3,3,2,2,4,2,3,4,4,2,4,2,5,4,2,4,5,4,3,4,4,3,5,2,4,2,4,2,3,2,4,5,2,2,3,2,4,2,202.0,187.0,193.0,213.0,187.0
24255,female,32,Sweden,4,2,4,2,5,2,1,1,4,4,2,4,4,2,3,3,4,5,2,4,1,3,5,4,5,1,3,3,1,5,1,1,2,1,4,4,1,5,4,4,1,2,2,2,5,1,5,4,1,5,1,3,5,4,4,1,4,4,2,5,1,1,1,1,4,2,2,5,5,3,1,4,4,1,5,4,5,4,4,5,1,4,5,1,5,1,4,1,5,1,1,2,1,1,5,1,3,5,5,2,1,1,5,2,5,1,5,5,1,4,3,1,5,1,5,1,3,5,1,5,1,4,1,1,5,2,1,5,4,4,2,5,5,1,4,4,5,5,4,4,1,2,5,2,5,1,3,3,2,5,2,1,4,4,5,4,1,2,5,5,1,5,4,2,4,1,5,5,2,5,5,4,4,1,5,1,4,3,1,3,2,2,3,1,5,3,2,2,5,5,1,5,3,2,5,1,4,5,5,5,2,4,2,1,5,1,4,3,2,5,2,2,4,2,5,2,1,4,5,5,2,5,5,4,5,2,5,4,5,5,1,3,4,2,5,1,4,3,4,2,1,2,2,4,5,1,2,3,5,4,1,2,4,4,5,3,5,4,5,5,1,4,4,5,5,2,2,3,2,5,1,2,5,2,5,4,2,1,5,4,1,5,3,2,5,1,5,5,5,5,3,5,5,5,5,1,3,5,2,3,227.0,198.0,195.0,173.0,161.0
24611,female,23,USA,4,4,4,4,4,2,4,4,4,4,2,2,2,4,4,2,4,4,4,4,2,4,4,4,2,2,4,3,3,2,2,4,4,4,4,2,4,4,4,5,2,2,4,4,4,2,4,4,3,4,4,4,4,4,2,4,4,2,3,2,2,4,4,4,4,2,4,4,4,2,2,4,3,4,2,2,4,4,4,4,4,4,2,4,2,2,4,2,4,2,2,4,4,4,4,2,4,4,4,2,2,4,4,3,4,4,4,4,4,2,2,4,4,4,2,4,4,4,2,2,2,4,4,4,4,2,4,4,2,2,2,4,4,2,4,4,4,4,4,4,2,4,4,4,4,2,4,3,2,2,2,4,4,4,4,2,4,4,4,2,2,2,2,4,2,4,2,4,2,4,2,4,2,2,2,2,4,2,4,2,1,4,4,4,4,2,4,4,4,4,2,4,2,2,4,2,2,4,4,4,2,4,2,2,4,2,4,2,2,2,4,4,4,2,4,2,4,3,4,4,2,2,2,4,4,2,2,2,4,4,2,4,4,2,2,2,4,2,3,2,4,4,4,2,4,2,4,4,4,2,2,2,4,4,4,2,2,2,4,4,2,4,4,2,2,2,4,2,4,2,2,4,4,4,4,2,4,4,4,2,2,4,2,4,4,2,4,4,4,4,4,4,4,4,2,2,4,2,4,2,193.0,183.0,209.0,197.0,179.0
25633,male,34,UK,4,2,2,2,5,4,1,3,2,4,3,4,3,3,4,2,3,3,1,4,3,2,4,5,3,2,3,3,2,4,2,3,2,3,4,4,1,3,4,3,4,4,2,3,5,5,4,4,4,3,2,1,3,2,4,2,3,1,3,2,1,2,3,2,4,2,3,3,4,4,2,3,4,4,5,4,3,2,4,3,4,3,2,4,3,1,2,2,4,3,3,2,4,2,4,2,2,2,5,4,3,3,4,4,5,5,1,4,4,3,2,1,4,2,4,1,3,1,3,5,3,4,3,3,4,4,1,4,2,4,3,4,5,2,5,4,3,2,4,4,4,3,3,3,4,2,3,2,3,3,3,2,3,4,4,4,2,4,5,3,1,4,2,4,4,2,2,3,5,4,2,1,3,3,4,3,3,3,3,4,3,2,3,2,4,2,2,2,3,3,4,2,2,3,5,3,2,4,5,5,3,4,3,4,2,1,3,3,3,4,4,3,4,2,4,3,1,3,5,3,3,4,3,2,4,4,3,2,2,5,4,2,4,2,2,2,4,2,4,5,4,3,4,2,4,2,2,2,4,4,4,1,3,4,5,4,4,4,4,3,5,5,5,2,3,3,4,2,2,4,3,2,3,4,4,4,1,2,5,3,4,2,2,4,5,2,3,3,2,5,2,1,4,5,3,3,5,3,3,4,177.0,199.0,172.0,201.0,189.0
25815,female,13,USA,4,4,5,4,4,2,4,5,3,5,3,5,4,5,5,4,3,5,4,5,2,5,2,1,4,2,4,1,5,3,3,4,5,4,4,3,2,5,4,5,1,4,5,5,3,4,4,5,5,5,4,5,3,3,4,3,5,2,2,3,3,4,5,4,3,1,5,5,3,4,3,4,3,5,4,4,4,5,5,4,4,5,4,4,3,3,5,4,2,4,4,4,4,3,4,2,5,5,2,5,1,4,5,5,4,1,3,5,3,4,3,3,4,4,3,4,4,2,5,2,4,5,5,5,4,1,5,5,2,4,3,5,5,5,5,4,4,2,2,5,2,3,5,2,4,4,5,2,3,3,2,4,3,4,4,2,2,5,3,4,4,3,2,2,4,2,1,4,2,5,2,4,5,1,3,1,5,3,4,3,2,3,1,3,2,5,2,5,4,5,1,4,3,4,3,1,3,4,5,3,4,4,4,1,2,3,5,2,2,2,2,2,5,1,4,2,2,4,2,3,5,3,2,4,5,4,2,2,5,5,3,4,4,2,2,1,5,3,5,1,3,5,1,3,4,2,2,2,4,4,1,5,2,4,5,4,4,2,2,4,4,5,5,3,4,2,5,3,3,2,1,4,5,4,4,1,4,5,3,4,1,2,4,4,3,1,2,3,4,4,4,1,2,2,2,2,5,2,2,2,218.0,212.0,211.0,195.0,191.0
25989,female,13,Canada,5,4,4,3,5,2,1,5,4,5,3,4,5,4,5,4,3,3,4,4,2,4,5,4,3,4,4,3,4,4,3,3,3,2,4,3,3,4,5,4,2,4,4,5,4,4,3,4,3,5,5,4,3,3,5,4,3,3,5,4,2,3,4,3,4,2,4,4,5,5,3,2,3,4,5,2,3,4,5,4,2,4,3,2,4,4,4,3,4,4,5,4,5,3,4,2,3,4,4,5,2,4,5,4,4,4,4,3,3,2,3,1,4,2,4,4,3,3,3,4,2,3,4,4,4,2,4,5,4,5,3,4,4,3,4,4,4,1,3,4,2,3,5,2,4,5,4,3,2,3,2,2,5,4,4,3,1,5,5,2,4,3,3,3,5,4,2,1,5,5,2,1,3,2,2,2,4,3,3,3,2,2,2,2,4,3,1,4,3,2,4,2,2,3,5,5,2,1,4,3,2,2,3,3,2,1,2,2,3,4,2,2,4,2,4,2,2,5,4,3,2,2,3,4,4,4,2,3,5,4,2,2,2,2,3,2,3,3,2,5,4,4,2,3,4,2,2,3,5,2,2,1,4,4,5,2,2,2,4,4,2,2,3,3,4,2,4,2,2,4,2,2,4,3,2,2,1,2,4,3,2,1,3,4,4,2,4,3,2,4,3,4,4,4,4,4,3,3,4,4,201.0,208.0,192.0,193.0,187.0
26248,female,19,Singapore,5,2,3,3,2,5,1,3,2,4,4,2,3,4,4,4,3,4,1,2,1,4,2,5,2,5,4,3,4,4,4,4,4,2,2,4,1,4,4,4,3,1,5,4,5,4,2,3,4,5,3,3,3,4,4,3,2,3,4,5,4,1,4,3,2,4,4,4,2,4,3,2,4,4,5,4,2,2,2,1,4,2,1,5,2,5,3,3,4,3,5,2,4,3,4,3,2,3,4,4,3,3,5,3,4,3,1,2,5,4,1,1,1,5,2,5,2,2,4,4,4,3,3,2,2,2,2,4,3,5,3,4,5,4,4,5,2,2,3,4,4,2,4,3,2,4,3,3,3,4,5,2,4,3,2,4,3,4,3,3,4,1,3,4,4,4,4,4,5,4,2,1,3,4,2,5,2,3,5,4,4,2,4,2,3,3,2,2,2,4,5,2,4,4,5,5,2,3,5,4,2,3,4,4,2,4,1,2,3,4,4,2,3,2,1,2,1,4,2,3,3,1,3,2,4,5,2,2,5,4,2,2,3,4,3,3,2,4,4,5,4,2,3,3,2,3,2,4,4,4,4,1,2,4,3,5,3,4,3,3,1,1,1,4,2,3,2,2,2,4,5,2,3,2,4,4,2,3,3,4,4,2,3,3,3,4,1,2,2,5,1,2,2,5,2,5,1,2,3,3,185.0,183.0,169.0,203.0,199.0
26432,male,54,USA,2,4,4,3,4,2,3,4,5,4,2,4,2,5,5,1,2,4,3,3,3,4,4,2,4,1,3,4,5,4,1,4,3,4,5,2,4,5,5,4,1,4,4,4,5,2,3,4,3,5,2,4,5,2,2,1,4,4,5,5,1,5,3,4,4,1,4,5,4,3,1,4,4,5,5,1,4,5,3,4,4,5,5,2,4,1,4,2,4,3,1,5,4,4,4,1,4,4,5,4,1,4,4,5,5,2,4,4,4,3,3,3,4,3,4,1,4,4,4,5,2,4,4,4,4,1,5,5,3,3,2,4,5,4,5,2,2,4,3,4,2,1,4,3,5,1,5,4,5,5,2,5,4,4,5,1,3,5,5,4,1,4,2,5,5,1,2,4,2,5,2,1,5,1,5,1,5,3,5,2,2,4,3,3,5,5,3,5,4,2,1,5,4,5,5,1,2,4,5,5,3,5,5,1,4,1,5,1,3,4,1,5,5,2,5,5,5,5,5,2,4,4,4,5,3,2,2,4,5,5,5,4,4,2,5,1,4,2,5,5,2,5,4,3,5,1,5,5,5,3,1,4,2,5,5,1,3,4,3,5,3,5,5,4,5,1,4,2,4,5,2,5,5,5,5,4,3,5,5,2,1,4,3,5,5,1,4,3,5,5,4,4,4,3,4,1,4,1,5,4,229.0,231.0,220.0,214.0,167.0
27260,female,26,Australia,5,5,5,4,4,3,5,5,5,3,3,4,5,5,4,4,5,4,4,4,3,4,4,1,3,5,5,3,4,2,3,4,3,3,3,2,4,5,4,2,2,3,4,4,4,4,4,4,5,4,5,4,4,5,4,4,5,3,4,2,3,5,4,3,4,3,5,4,2,5,3,4,4,5,1,1,5,5,5,4,5,5,5,5,3,3,4,3,4,3,5,5,5,4,4,1,4,5,4,3,4,4,4,5,4,2,4,5,2,4,4,4,4,4,3,3,4,3,4,2,4,5,4,4,4,3,5,5,3,4,4,4,4,4,5,1,4,4,4,4,4,4,5,5,4,5,5,3,5,2,3,5,4,4,4,2,5,5,5,1,1,4,5,5,4,2,3,5,5,2,3,4,5,4,3,2,4,5,5,4,2,4,4,4,3,2,5,5,4,2,4,5,4,5,3,4,4,4,4,3,3,4,5,5,4,3,5,2,5,3,4,5,5,3,4,3,5,4,5,2,3,4,4,5,4,2,2,3,5,4,2,1,5,2,4,3,4,3,4,3,3,4,4,3,4,3,5,5,5,2,3,4,4,5,4,2,2,3,4,4,4,4,5,5,4,3,5,3,4,3,2,4,5,5,4,2,3,5,5,3,4,3,5,4,5,2,4,5,4,4,4,4,5,2,3,3,4,1,5,2,234.0,218.0,233.0,227.0,226.0
28614,male,42,USA,4,5,5,4,3,4,2,5,2,3,2,4,2,4,3,4,5,5,3,3,5,5,4,2,4,4,3,5,4,3,3,4,3,4,5,5,4,5,2,2,2,5,4,3,4,4,5,5,4,5,3,5,5,2,3,2,5,5,4,5,2,4,3,4,4,3,2,5,3,5,2,5,3,3,1,1,5,5,3,5,2,5,4,1,5,1,4,5,4,2,4,4,2,5,5,2,5,5,2,2,1,5,4,3,3,2,5,5,2,5,1,2,5,2,5,1,2,1,3,4,2,4,2,4,5,2,2,5,1,4,2,5,2,3,4,5,5,4,4,4,4,3,4,2,4,1,5,4,4,2,4,4,4,5,5,4,4,5,3,3,4,5,2,3,2,2,2,4,2,4,4,3,5,1,5,1,5,5,3,3,2,4,4,3,3,4,4,5,1,4,3,4,2,3,2,4,4,4,3,5,4,5,5,2,5,1,4,4,3,3,4,3,5,2,5,4,4,4,4,4,4,4,3,2,4,1,2,5,2,5,4,4,5,1,5,1,4,5,4,2,2,3,3,2,4,2,2,5,3,2,2,4,2,4,4,2,2,5,4,5,5,5,5,2,5,1,5,5,5,5,1,2,5,2,5,2,2,5,4,2,2,4,2,4,5,1,5,5,2,5,5,5,5,2,4,2,4,1,3,2,229.0,213.0,215.0,196.0,194.0
30455,female,16,USA,4,5,5,5,5,4,5,3,3,4,2,5,4,5,5,1,4,5,4,5,4,5,4,1,3,2,5,4,3,3,2,4,4,4,5,2,5,5,4,2,1,5,4,4,5,5,4,5,2,4,5,5,5,5,2,3,5,1,4,2,1,4,3,4,5,2,4,3,5,4,1,5,5,4,2,1,3,5,4,4,3,5,4,3,4,1,5,5,4,5,4,4,5,1,5,1,5,3,3,4,1,4,4,5,4,1,5,5,1,4,1,5,5,5,4,3,5,1,4,1,4,5,1,3,4,2,4,4,1,4,1,4,5,4,4,1,3,5,5,4,5,3,5,5,5,1,5,3,5,4,2,1,2,4,5,2,5,5,5,5,1,5,2,5,5,1,2,5,5,5,3,5,5,2,4,1,5,5,5,2,1,5,5,5,5,2,5,5,5,1,1,2,4,5,5,1,2,5,5,4,3,5,5,3,4,1,5,1,3,2,1,5,5,5,5,1,5,5,5,5,2,5,5,5,5,2,2,3,5,4,1,3,5,1,2,1,5,2,5,1,1,5,5,5,5,2,5,5,5,1,1,5,3,5,5,5,5,5,5,5,1,5,3,5,5,1,5,2,3,3,1,5,1,2,5,5,4,5,5,2,3,5,5,5,5,1,5,5,5,5,5,5,5,3,2,1,5,3,5,1,236.0,209.0,244.0,216.0,195.0
30494,female,17,USA,5,2,5,1,3,5,2,5,4,2,4,2,5,4,4,4,3,4,1,3,2,4,1,2,3,4,2,4,3,4,5,2,5,3,3,5,2,5,3,4,4,1,5,4,4,5,3,5,5,3,5,4,5,2,4,5,3,5,4,5,4,1,5,2,2,4,2,5,2,5,4,4,5,5,5,5,4,5,5,2,5,4,5,1,4,4,4,5,5,3,5,4,5,2,2,4,4,5,5,2,3,4,5,3,3,5,2,2,1,2,5,1,5,1,4,5,3,5,3,4,4,4,5,5,5,5,5,5,1,3,5,4,5,4,4,5,4,1,3,4,1,1,5,3,3,5,4,4,2,4,4,1,5,4,4,5,2,5,2,2,4,4,5,2,2,4,1,1,5,5,2,2,4,4,2,5,2,5,5,5,2,2,4,1,4,5,2,5,2,2,4,1,5,4,4,5,1,2,2,4,2,4,5,3,3,4,2,5,2,5,4,2,5,2,3,5,1,5,3,3,4,4,5,2,2,5,1,1,2,5,4,1,5,2,3,2,4,3,3,1,4,2,4,2,4,3,2,3,5,2,4,2,5,2,3,5,2,4,3,2,1,4,5,3,3,4,1,4,2,4,4,1,5,4,5,5,1,5,5,2,3,4,5,2,4,2,1,1,1,2,3,5,5,5,2,4,2,5,3,2,227.0,183.0,191.0,198.0,232.0
31100,male,26,UK,3,3,5,4,4,3,4,2,3,3,3,4,4,3,3,3,3,5,4,2,4,5,4,4,3,3,2,3,3,2,3,3,5,4,4,3,3,4,2,1,2,3,3,4,3,4,4,5,3,3,4,5,4,4,2,3,4,5,4,4,3,3,4,3,3,2,3,2,4,2,3,4,4,3,2,3,4,5,3,4,4,4,4,2,2,1,4,4,3,2,2,3,5,3,3,3,4,2,3,3,1,3,5,3,2,4,4,5,4,3,5,4,4,4,2,3,3,5,3,2,4,3,5,4,3,2,4,3,2,2,4,3,5,3,4,4,3,2,2,4,4,5,5,2,3,2,2,3,3,2,2,2,5,4,4,2,3,3,2,3,2,3,3,3,2,3,2,5,2,3,4,4,4,2,3,3,3,3,3,2,2,3,4,3,3,3,3,2,3,1,4,2,3,3,3,2,3,4,3,3,4,5,5,2,2,2,4,1,3,2,3,3,5,3,4,2,3,2,2,2,3,3,4,3,3,3,2,3,2,3,4,4,3,2,2,3,4,2,3,1,4,3,4,3,3,3,3,4,3,4,2,2,4,3,3,4,2,5,3,3,5,3,4,3,2,2,4,2,2,2,3,3,4,3,3,2,3,2,3,3,2,3,3,3,3,2,3,5,3,4,4,3,3,4,2,3,4,5,3,2,204.0,169.0,196.0,189.0,188.0
31237,female,16,USA,4,5,4,5,5,5,2,3,5,4,2,5,4,3,5,2,4,2,3,4,1,4,2,2,2,2,3,2,5,5,3,4,3,2,5,4,5,5,5,5,1,5,5,3,4,4,3,4,5,5,3,3,2,2,5,4,5,1,5,4,4,5,2,4,5,4,5,2,5,4,2,3,4,5,5,2,4,5,5,5,3,4,5,2,4,2,3,1,5,5,4,4,2,2,5,2,4,5,4,5,2,3,3,5,4,1,5,4,2,5,1,2,4,3,3,2,2,1,4,4,4,5,3,4,5,3,5,3,5,5,2,4,4,4,5,3,4,2,3,4,4,1,4,4,5,5,5,4,5,5,5,5,4,2,5,4,3,3,5,4,1,5,5,5,5,2,2,2,2,5,4,2,3,2,4,4,4,3,4,5,3,4,5,3,2,4,4,4,3,3,1,5,5,5,5,4,2,1,2,4,3,2,4,2,4,4,5,1,5,4,5,5,5,4,4,4,2,2,5,2,1,5,5,4,4,5,2,2,5,5,2,1,2,3,4,3,4,2,2,4,4,5,4,2,5,2,4,4,5,4,1,5,4,5,4,5,4,2,4,5,4,3,3,3,4,4,5,2,3,4,4,4,5,5,4,4,4,5,5,4,2,5,5,5,4,2,4,2,4,5,4,4,5,4,4,4,5,1,4,3,217.0,237.0,222.0,229.0,191.0
33399,female,18,USA,5,5,5,5,4,5,1,3,4,3,4,1,5,5,4,4,2,3,4,2,5,5,4,3,1,5,3,1,3,2,5,5,5,1,2,5,1,5,4,2,2,2,5,5,5,5,2,5,1,2,5,5,2,1,1,5,5,1,5,5,3,2,5,2,2,5,5,4,5,5,2,5,2,5,5,2,2,4,5,2,5,4,5,2,1,2,4,1,4,2,5,2,5,2,4,2,2,5,5,2,2,4,5,5,4,2,1,3,1,2,2,5,3,4,1,5,4,1,3,1,5,5,5,2,5,2,5,4,4,2,2,2,5,2,4,4,4,2,2,2,5,5,5,4,2,5,5,1,5,2,5,5,5,2,1,5,3,4,5,1,2,2,5,4,2,4,1,2,2,3,4,5,4,2,1,2,4,3,5,1,2,4,5,2,4,5,2,4,5,1,5,2,5,5,5,4,1,2,4,3,4,2,5,2,5,4,5,3,5,1,4,5,5,2,4,5,4,3,5,1,4,5,5,5,5,4,2,2,5,2,4,2,2,4,1,4,5,2,2,2,4,5,5,4,4,4,4,5,5,1,2,4,2,5,5,4,4,4,4,2,4,4,5,4,1,4,5,2,3,2,2,4,5,4,4,4,4,4,5,2,2,5,5,5,5,2,4,2,2,2,5,5,4,4,1,4,5,1,4,1,200.0,180.0,213.0,215.0,225.0
33585,male,15,UK,3,4,2,4,3,1,1,3,5,4,3,2,3,4,4,2,3,3,4,4,5,3,1,3,2,3,3,3,5,4,2,3,2,3,3,1,3,5,4,5,5,3,3,4,3,5,2,4,5,3,5,2,2,5,2,3,4,4,4,2,3,2,5,2,2,2,4,5,2,4,3,4,4,3,2,4,1,4,5,1,5,3,2,2,2,2,4,3,4,2,2,2,4,3,2,2,4,4,2,4,5,2,2,4,2,4,2,2,4,3,2,4,1,2,1,4,3,4,1,1,3,4,3,4,2,1,1,5,3,2,3,2,4,1,5,5,2,1,1,2,5,3,5,5,2,1,2,3,4,4,2,2,5,2,2,1,3,3,2,3,2,2,3,4,2,5,1,2,5,3,3,1,3,5,1,3,2,3,3,3,3,2,3,4,2,2,3,4,3,1,5,1,3,3,2,5,2,2,2,4,5,1,4,5,2,4,4,2,2,2,3,2,1,2,2,3,4,4,4,2,3,2,2,3,2,3,2,2,2,1,5,1,1,4,1,3,4,3,3,4,3,3,4,2,2,3,4,5,3,1,5,1,2,4,3,3,2,4,3,1,1,1,4,3,1,4,4,2,4,2,3,2,2,3,1,4,3,2,2,4,4,2,3,4,3,5,1,3,2,2,2,5,2,5,2,3,5,5,4,1,164.0,160.0,177.0,185.0,189.0
34594,male,21,Australia,2,4,5,4,4,2,3,4,2,3,3,4,5,4,3,3,2,5,2,3,2,4,4,4,3,2,2,4,1,3,2,4,4,3,3,3,4,5,3,3,3,3,4,4,5,3,3,4,4,3,5,4,4,3,3,4,3,4,3,2,3,4,4,4,3,3,3,4,4,4,4,4,4,4,3,3,2,4,5,4,5,4,4,2,4,3,3,4,5,2,3,4,4,3,3,2,3,3,3,2,3,3,4,4,4,2,3,4,3,3,4,3,4,3,3,2,5,4,3,1,4,4,3,4,4,3,3,5,2,3,5,3,5,4,4,3,3,3,3,3,2,4,4,3,4,3,4,4,4,2,4,4,3,4,3,2,3,5,3,3,3,4,4,3,3,4,3,4,5,3,3,5,5,3,3,2,4,3,4,1,2,3,4,3,3,2,3,2,3,2,5,3,4,4,4,2,3,4,3,3,4,5,5,3,3,1,5,4,4,2,3,4,5,3,4,2,3,4,4,2,4,4,4,4,3,3,2,3,3,3,4,4,5,2,3,2,4,3,3,1,2,4,4,3,4,2,3,4,3,3,3,3,4,5,3,2,2,4,5,2,4,5,5,3,3,3,4,3,4,2,2,4,5,5,2,3,3,2,4,2,4,4,4,4,3,2,4,3,4,3,4,4,5,4,3,3,4,3,3,2,213.0,192.0,206.0,199.0,202.0
34657,female,23,USA,5,3,4,4,5,3,1,5,5,5,5,4,5,4,5,4,4,4,3,5,4,3,4,5,4,3,3,5,4,3,4,3,3,4,4,3,3,5,5,4,3,4,5,5,5,5,4,4,4,5,5,3,4,5,4,4,3,5,4,4,4,3,3,4,4,3,4,5,3,5,4,4,5,5,5,5,4,4,5,4,4,3,4,5,5,3,4,4,4,5,4,4,4,4,4,2,3,5,5,4,4,4,3,5,5,5,5,3,3,5,3,2,4,5,5,3,4,5,4,2,5,5,3,5,4,3,2,5,2,4,3,4,5,4,5,4,4,2,2,5,5,1,5,5,4,5,3,5,4,3,4,1,5,3,4,3,4,5,5,4,4,2,4,5,5,5,3,1,1,5,3,2,5,4,5,3,4,5,5,4,4,2,3,4,3,3,3,5,3,3,4,2,5,5,5,4,4,2,3,5,4,2,4,4,4,2,4,2,2,2,4,4,4,4,2,3,2,2,3,3,4,3,4,3,4,5,3,2,4,5,4,1,4,2,3,3,5,3,4,5,4,4,4,3,4,3,2,5,5,4,2,1,3,5,5,5,3,3,4,5,3,1,4,5,3,3,4,2,3,3,4,2,4,5,3,3,2,5,5,4,3,3,4,5,5,2,4,2,2,5,2,5,4,5,4,3,5,3,3,4,237.0,235.0,210.0,234.0,218.0
39298,female,49,USA,2,2,5,2,3,1,3,5,5,2,2,4,4,4,2,2,1,5,1,2,4,3,4,4,1,1,3,5,5,3,1,3,5,3,4,2,3,5,1,4,1,4,5,5,5,1,1,4,5,2,2,3,5,5,3,2,3,2,5,2,2,2,4,2,4,2,4,5,3,2,2,4,4,3,4,5,2,4,4,2,2,2,4,2,1,1,4,4,5,2,2,4,4,3,5,1,4,5,4,2,1,4,5,5,4,3,4,5,1,3,2,4,4,5,2,3,5,5,5,2,2,4,3,4,5,2,1,4,2,2,2,4,4,4,4,4,3,4,4,2,4,2,5,4,4,2,4,5,5,5,3,1,4,3,4,2,1,5,5,5,1,5,5,5,2,2,1,2,5,4,4,2,5,3,1,1,5,5,5,2,1,2,5,2,4,2,1,5,5,5,3,2,5,5,5,4,1,2,5,4,4,3,5,3,5,1,5,3,4,4,2,2,5,2,4,2,4,5,4,4,4,4,4,4,4,2,1,1,5,2,2,1,5,2,2,2,5,5,5,4,4,4,4,2,4,2,4,4,4,4,1,1,4,4,2,4,1,4,4,1,4,2,4,5,2,2,4,4,4,4,4,2,4,5,5,2,1,5,5,1,3,4,4,4,4,2,2,4,2,4,4,4,4,4,2,2,5,3,5,1,242.0,164.0,193.0,214.0,173.0
39477,male,16,USA,3,4,4,5,3,3,1,4,5,1,5,1,5,4,4,5,2,3,5,3,2,4,5,2,2,1,3,3,5,3,1,1,4,5,4,5,1,5,3,1,1,2,2,2,4,5,2,5,5,4,5,4,3,1,3,4,5,5,5,3,4,4,5,5,3,4,4,3,5,4,5,3,4,4,5,5,1,3,4,3,5,4,4,2,1,3,3,5,3,3,5,3,5,1,2,2,1,4,4,1,3,3,5,5,4,5,4,4,5,4,1,3,4,5,2,1,3,5,5,3,4,3,4,5,4,2,4,5,5,2,3,2,5,5,5,5,3,1,3,4,5,3,5,3,2,5,5,3,5,3,5,1,5,5,4,4,3,4,3,1,3,1,3,3,4,2,1,1,5,3,3,1,4,2,1,2,5,3,5,3,1,1,5,5,2,1,2,3,4,1,1,3,4,4,4,5,1,1,5,2,3,2,5,1,2,1,2,3,5,3,2,3,4,4,1,4,3,3,3,2,4,3,5,5,3,5,1,3,5,3,2,1,4,1,1,3,4,3,4,3,1,4,5,2,4,2,3,4,5,1,1,2,4,4,4,5,3,2,5,3,1,5,4,3,1,2,5,3,5,3,4,4,3,5,4,1,2,3,5,1,1,4,5,1,4,4,3,3,5,4,3,5,4,4,1,3,5,5,5,3,210.0,177.0,182.0,212.0,209.0
39866,male,16,Australia,3,4,5,4,4,4,4,2,3,3,1,4,3,4,3,2,3,2,3,4,3,5,3,3,2,2,3,3,3,2,2,4,4,3,4,2,4,4,2,1,2,3,3,3,4,3,4,5,4,3,4,5,3,4,4,3,5,3,3,2,3,4,3,4,4,2,5,3,2,3,1,4,3,2,3,2,2,5,4,4,4,5,4,4,2,2,3,1,2,2,2,5,3,3,3,1,3,2,3,2,2,4,3,3,2,3,3,4,2,3,4,5,4,3,2,3,3,1,2,2,3,4,4,3,3,5,5,3,2,2,1,4,3,4,2,2,4,3,2,2,5,4,3,4,2,2,5,3,3,3,2,3,2,4,4,2,5,2,3,2,2,3,4,3,2,4,1,4,1,2,5,3,3,2,2,2,4,3,4,3,2,4,3,3,4,4,4,2,2,1,2,4,2,3,3,2,4,4,2,4,4,5,2,2,2,2,4,4,1,2,2,4,4,4,2,2,5,2,2,2,1,4,4,4,3,4,2,4,2,2,2,4,3,2,4,2,5,2,3,2,2,3,2,2,4,2,4,5,4,2,2,4,4,4,3,2,3,5,2,3,4,5,2,4,3,3,4,2,3,2,2,4,4,4,3,3,4,3,3,4,2,4,2,3,3,2,4,4,2,4,4,5,2,4,4,2,5,3,4,2,181.0,182.0,204.0,181.0,172.0
41541,male,20,USA,3,2,5,4,4,5,2,3,4,5,3,3,4,4,4,2,4,3,4,4,2,5,4,4,3,2,4,3,4,3,2,2,2,4,4,4,4,4,5,5,2,3,4,4,4,2,3,5,2,4,4,4,5,4,3,3,4,3,4,5,2,4,5,4,4,3,4,4,3,3,2,3,4,4,4,3,3,4,5,4,2,3,5,4,3,2,4,3,4,4,3,3,4,3,4,3,3,4,5,5,1,3,3,3,4,3,4,3,2,3,2,2,4,4,3,3,4,2,3,4,2,4,4,3,3,4,4,4,3,5,5,3,4,5,4,3,3,2,3,3,3,2,3,1,4,3,4,3,4,4,4,2,4,3,4,4,2,4,4,4,1,4,3,3,4,1,3,3,3,4,3,3,3,2,3,3,3,4,3,4,2,3,4,3,3,3,4,3,4,4,3,4,4,3,4,2,2,3,2,4,2,2,4,2,4,2,4,2,2,3,2,4,5,3,3,4,1,5,5,5,2,2,3,3,4,2,3,2,3,4,1,2,4,3,3,2,4,3,4,4,2,3,3,3,3,2,2,3,4,4,2,3,2,3,4,2,3,4,3,4,4,4,5,3,4,3,4,3,3,4,4,3,4,4,4,3,2,4,4,3,3,4,4,4,4,2,4,4,4,4,4,4,4,5,5,2,2,3,4,3,214.0,203.0,192.0,218.0,177.0
41986,male,18,USA,3,5,4,3,4,2,2,2,3,4,4,4,2,5,4,3,4,3,4,2,4,5,4,3,2,1,4,3,1,3,1,4,5,4,4,3,4,4,2,3,1,2,4,4,5,5,4,5,3,4,5,4,5,5,3,2,4,5,3,3,2,5,5,4,4,1,2,5,1,5,4,5,4,5,5,2,2,5,5,4,4,5,3,5,3,3,4,2,5,4,2,5,5,4,2,1,3,4,2,4,2,5,4,5,4,3,4,4,2,2,3,2,4,4,2,5,4,5,3,2,3,4,5,5,4,2,2,5,2,3,4,4,5,5,5,3,3,4,1,5,5,3,4,3,3,2,5,3,4,4,4,5,4,5,4,3,1,5,4,1,3,3,4,4,2,5,1,2,3,3,4,2,5,3,2,2,5,3,4,2,1,4,5,4,2,1,2,5,2,1,3,2,2,5,5,4,1,5,5,4,1,4,5,3,2,2,5,3,1,3,4,4,4,2,2,2,2,5,2,2,3,2,2,5,3,2,1,2,4,2,1,3,4,2,2,1,4,1,3,3,1,3,4,2,2,1,2,2,2,1,2,2,3,4,3,4,2,3,2,3,2,5,5,5,4,3,5,1,2,2,2,2,4,5,3,2,1,3,4,1,2,2,3,4,2,2,2,3,4,4,3,2,5,4,2,2,5,1,3,2,208.0,186.0,195.0,196.0,181.0
42374,female,34,UK,3,5,5,1,3,2,1,3,2,1,4,4,2,1,3,1,5,3,3,3,1,4,3,1,5,5,5,3,2,3,4,3,4,2,5,3,2,5,3,4,2,3,5,5,5,3,5,3,1,4,2,4,1,1,2,3,5,5,5,4,1,5,3,1,4,1,3,5,3,3,3,5,3,5,4,1,5,5,3,4,4,3,5,1,1,1,5,3,3,3,1,4,5,1,4,1,3,5,5,3,1,3,4,5,5,3,5,3,1,5,5,1,3,2,3,5,4,3,3,2,3,5,1,3,4,2,3,4,2,3,2,4,5,4,3,3,5,2,2,3,4,4,5,2,4,1,3,3,5,2,1,5,5,3,4,1,1,3,4,2,1,5,1,5,3,1,1,3,1,3,1,4,4,2,3,1,4,3,3,2,2,3,3,5,3,1,1,5,5,1,5,1,1,4,5,1,2,4,1,3,1,4,5,2,2,1,5,3,3,3,2,4,5,1,4,2,2,1,5,2,3,4,3,5,5,4,1,3,2,5,3,3,3,3,3,2,4,3,3,1,1,4,3,1,5,1,2,1,5,3,1,1,4,5,5,1,1,3,3,1,5,5,1,2,2,1,3,3,1,3,3,2,4,3,3,2,1,1,5,1,1,5,4,4,3,1,5,3,2,5,5,5,3,5,1,1,5,5,3,2,193.0,182.0,200.0,168.0,163.0
44242,female,23,USA,5,4,5,4,5,4,2,5,5,2,4,5,4,5,5,2,4,5,2,4,5,4,4,2,2,4,4,1,2,4,4,4,4,4,5,5,4,5,4,1,4,5,4,4,4,5,4,4,3,4,2,3,2,4,4,3,4,4,2,4,4,4,5,4,4,5,4,3,4,4,4,4,2,4,2,2,1,4,3,4,2,4,5,4,2,4,4,1,2,3,5,4,5,2,4,3,4,4,5,2,4,4,2,4,4,2,5,4,2,4,3,3,5,2,2,4,3,2,2,3,3,3,3,2,4,4,4,4,3,5,3,5,4,4,4,2,4,2,2,4,2,1,4,2,4,4,3,1,4,3,4,4,4,2,4,4,5,5,5,3,3,5,5,4,3,2,2,3,3,3,3,3,4,4,2,2,2,3,4,4,4,2,5,3,3,4,5,4,3,2,1,5,4,4,3,2,2,3,4,4,4,2,4,4,3,1,4,4,1,3,3,4,5,2,4,4,2,3,4,2,4,5,4,4,5,2,2,1,5,5,4,1,5,2,4,4,3,1,2,3,2,4,4,3,4,4,2,5,4,2,4,4,5,5,5,2,2,4,4,5,5,4,4,3,2,4,4,1,2,3,2,5,5,5,4,4,4,4,4,2,4,5,5,5,4,2,4,3,4,4,5,2,4,2,2,4,4,2,3,4,205.0,201.0,212.0,203.0,223.0
44829,female,43,USA,5,4,5,4,4,4,4,4,5,5,5,5,4,4,4,3,4,4,4,4,2,5,3,4,4,4,4,3,4,4,4,4,2,4,4,4,2,5,4,5,1,3,4,4,4,4,4,4,5,5,4,4,3,2,4,4,4,3,5,2,2,4,4,4,4,4,4,5,3,4,4,4,3,3,5,2,4,4,4,3,3,4,3,5,4,2,4,4,4,4,4,4,3,4,4,2,3,5,4,4,2,3,4,4,4,2,4,2,2,4,1,4,4,4,4,4,5,2,4,5,4,4,2,4,3,2,2,5,4,4,2,4,5,4,4,4,4,2,4,2,2,2,4,4,4,4,4,2,4,5,4,4,4,4,5,2,2,4,5,4,1,5,4,5,5,1,2,1,5,4,5,2,3,2,5,4,4,4,4,5,2,4,4,4,4,2,2,2,5,5,5,4,4,4,5,2,2,2,4,4,2,2,2,2,4,2,5,1,3,5,2,4,4,4,4,2,1,4,2,4,4,2,4,5,5,4,2,1,4,2,2,1,2,4,4,2,4,2,4,4,4,4,4,2,2,2,1,4,5,5,2,4,4,4,2,2,2,4,5,5,4,1,1,5,4,2,5,2,2,5,2,2,4,4,5,2,2,5,5,5,2,4,4,4,4,2,4,2,4,4,4,1,1,4,2,4,5,1,1,4,214.0,212.0,216.0,216.0,190.0
46216,male,27,USA,2,2,2,3,5,1,5,2,5,3,1,4,2,4,5,1,4,3,4,5,1,3,5,2,2,1,2,4,4,4,1,5,4,4,5,2,3,5,1,3,1,5,4,4,4,1,4,5,2,5,4,4,3,4,4,1,3,5,4,1,1,3,5,2,4,1,3,4,5,3,1,3,1,5,2,2,4,5,4,4,4,4,4,2,5,1,1,4,5,4,1,5,5,5,4,1,1,1,5,4,1,4,4,3,5,1,5,5,3,5,3,4,5,4,5,2,3,5,1,4,3,4,4,4,4,1,2,5,2,4,1,4,4,5,5,2,4,4,1,5,1,1,5,5,5,1,3,1,5,5,1,3,5,5,5,1,2,3,5,4,1,5,1,5,2,4,1,2,2,4,1,2,4,1,5,1,5,3,5,3,1,4,4,4,4,1,2,4,4,3,1,2,1,5,4,1,3,4,5,4,3,5,5,1,5,1,3,5,4,5,1,5,4,5,5,1,5,3,4,5,2,3,3,5,5,1,2,2,5,5,2,1,5,1,4,2,3,3,2,5,1,4,5,2,4,1,5,5,5,2,1,2,2,5,5,1,2,2,5,5,4,5,5,5,5,1,2,3,2,2,1,2,5,5,5,1,2,1,5,2,1,5,2,4,5,1,5,2,5,5,4,5,5,3,4,1,5,3,1,1,213.0,206.0,205.0,189.0,161.0
46914,male,29,USA,3,5,4,4,5,1,5,3,2,4,1,4,3,4,4,1,3,4,4,3,1,5,5,2,2,1,4,4,4,2,2,4,4,4,5,2,4,5,3,4,1,4,4,4,4,2,2,5,1,5,4,4,4,2,4,2,4,4,4,5,2,4,4,4,4,1,4,4,2,2,1,4,4,4,2,4,2,4,4,4,2,4,4,2,2,1,4,3,4,4,1,4,4,4,4,1,4,3,4,3,1,4,4,4,4,1,5,5,2,4,2,4,5,4,2,2,4,2,2,4,2,4,4,4,4,3,4,3,3,3,3,4,4,4,4,2,4,4,3,4,3,3,4,5,4,3,4,4,4,4,2,2,4,4,4,2,3,4,4,4,2,2,4,4,3,2,2,4,3,4,3,3,4,2,5,1,5,3,4,2,2,5,4,4,4,2,4,4,4,5,1,4,3,5,5,4,2,5,4,3,3,5,4,2,4,1,5,3,3,4,2,5,5,4,5,2,4,3,4,4,2,4,4,4,4,2,2,2,4,5,2,2,4,2,4,1,5,3,4,1,2,4,4,4,4,1,4,4,5,4,1,4,2,5,5,1,2,4,3,4,4,5,5,5,4,2,4,3,4,4,1,4,4,5,5,2,3,4,4,3,2,4,4,4,4,1,3,3,3,5,5,5,5,4,3,1,5,1,4,3,228.0,207.0,214.0,199.0,167.0
47430,female,47,USA,5,1,2,1,2,2,1,4,4,4,5,2,5,2,4,5,1,4,2,2,4,1,1,5,2,4,1,1,4,4,4,1,4,2,2,4,1,4,4,4,4,4,4,4,4,4,1,2,5,4,5,1,4,5,2,5,1,2,4,1,5,1,4,1,1,5,1,5,4,2,5,4,2,4,4,5,1,4,2,2,4,1,1,1,1,5,1,4,4,2,5,1,5,4,1,5,2,4,5,4,5,1,1,4,4,5,2,2,5,4,4,1,4,5,4,4,1,2,4,2,5,1,2,4,4,2,1,4,2,2,5,1,5,4,4,4,2,2,4,4,4,1,4,5,2,5,1,2,2,2,4,1,4,2,4,4,4,4,4,2,5,2,5,5,4,5,4,4,5,2,2,2,4,5,2,5,1,4,4,4,5,1,4,1,1,2,1,4,4,2,5,1,5,4,4,5,2,2,5,2,4,2,2,5,1,5,1,4,4,5,5,1,2,2,1,5,1,4,4,2,5,1,5,4,4,5,4,2,5,1,2,1,1,2,1,5,1,4,4,4,5,2,4,2,2,2,1,4,4,4,5,1,5,2,2,5,2,2,2,2,2,1,2,5,1,5,1,2,2,2,5,1,1,2,4,4,4,2,4,2,5,1,2,2,4,5,1,2,2,2,2,2,1,5,1,5,2,2,4,4,171.0,163.0,146.0,206.0,223.0
47868,male,15,Australia,4,4,4,2,2,5,4,3,4,4,4,3,3,3,4,5,2,4,4,3,4,4,2,4,2,4,4,3,4,2,4,4,5,3,2,5,4,4,4,3,5,2,2,2,4,5,2,3,3,2,4,3,5,2,2,3,3,2,2,5,3,3,5,4,3,5,4,3,3,5,4,2,3,2,3,5,2,2,4,2,4,4,4,5,2,5,3,1,4,4,5,4,4,3,2,5,2,1,2,4,2,4,2,4,3,4,2,2,4,3,3,4,4,3,2,5,1,4,2,4,4,2,5,3,2,5,4,3,4,4,4,2,4,4,3,5,4,1,3,2,4,2,4,3,2,3,1,3,4,3,4,3,2,3,2,5,2,5,2,2,5,2,3,2,5,3,2,2,4,3,4,1,3,5,2,5,2,3,5,3,4,3,2,3,2,2,2,2,5,2,5,3,4,2,5,5,1,2,2,4,4,2,3,5,1,4,4,2,3,3,3,4,4,2,1,1,4,5,2,2,1,2,4,4,2,4,2,2,4,3,4,2,3,4,2,5,4,1,2,3,4,4,2,3,2,5,4,5,4,5,5,2,4,2,2,4,3,2,1,4,3,4,3,3,2,3,2,2,2,3,4,4,3,2,4,2,2,5,3,4,4,2,4,4,3,4,4,3,1,2,3,5,5,4,1,4,2,1,2,1,181.0,184.0,186.0,192.0,211.0
48410,female,29,USA,5,2,5,4,5,5,1,4,5,4,4,5,4,3,4,1,3,4,2,4,4,4,5,5,3,4,2,1,4,4,5,1,1,3,5,5,1,5,3,4,1,5,3,3,4,5,5,4,1,4,5,4,4,2,2,4,4,4,3,3,2,2,1,2,5,5,1,3,5,5,4,4,4,2,5,5,3,5,5,5,5,4,5,2,2,2,1,4,1,3,5,2,4,4,5,5,2,5,2,4,1,5,3,4,4,2,5,5,1,4,4,1,5,3,5,4,2,4,2,2,4,2,2,4,4,5,1,5,2,5,5,5,5,3,4,4,5,1,1,4,5,2,5,2,4,4,4,1,4,2,4,3,4,4,5,5,1,5,5,4,4,5,5,2,2,1,3,2,4,5,4,2,5,1,2,4,2,2,3,2,2,2,1,4,1,5,1,4,2,2,1,2,5,4,4,4,5,4,1,5,4,4,5,1,2,1,2,3,4,2,4,2,5,4,5,5,1,5,4,2,4,5,4,3,5,1,5,2,1,5,4,1,5,1,5,2,4,1,4,4,4,4,2,3,5,4,1,2,4,2,2,2,5,3,5,5,4,5,2,2,4,1,5,2,2,2,4,2,4,2,1,1,5,5,2,5,1,4,5,5,1,5,4,2,4,1,5,4,5,2,4,5,4,5,2,4,4,3,2,1,211.0,205.0,182.0,191.0,219.0
48573,female,47,USA,1,2,2,2,5,1,1,5,5,5,1,5,1,3,5,2,5,3,4,3,5,3,3,4,3,1,2,1,3,4,5,1,1,1,4,3,1,5,5,5,3,4,2,4,5,5,4,5,5,5,5,3,1,5,5,3,2,1,4,4,4,3,3,2,5,1,4,4,5,5,1,4,5,2,5,4,5,5,5,4,5,3,1,5,2,3,3,1,5,5,1,3,4,3,4,3,2,5,4,5,4,2,2,4,5,5,5,4,1,5,3,5,5,5,5,1,5,1,3,4,1,5,3,3,5,3,1,5,3,5,1,5,3,2,4,5,3,1,2,5,4,3,4,3,5,4,5,1,3,5,2,1,5,4,5,1,1,5,5,5,1,4,4,3,5,4,2,1,5,4,3,1,1,4,5,1,3,4,5,5,2,2,3,2,2,4,2,3,2,5,2,2,2,4,5,4,2,1,5,4,3,1,3,5,3,2,4,1,3,4,2,3,3,2,4,2,3,5,4,5,1,4,2,4,5,5,2,2,3,4,2,1,1,2,4,2,5,1,3,5,2,4,2,2,5,1,2,5,5,4,3,1,2,5,5,5,2,3,4,4,4,1,3,5,4,2,5,1,2,5,4,3,3,5,5,3,2,4,5,4,4,2,4,2,5,1,4,1,2,5,5,2,1,5,2,2,5,1,2,5,193.0,207.0,187.0,207.0,194.0
48800,male,29,Canada,5,3,4,4,4,2,2,5,5,4,5,4,5,3,4,3,2,3,3,3,2,4,3,3,3,1,3,3,4,3,4,3,5,4,3,3,2,5,4,4,5,3,4,2,4,5,1,4,3,3,5,3,4,5,3,3,3,1,4,3,4,4,5,3,3,2,3,4,5,3,5,3,4,4,3,4,3,4,3,2,4,4,4,4,3,4,3,5,4,3,4,4,5,4,3,3,3,4,4,3,5,3,4,4,4,3,4,4,3,3,5,3,4,5,4,3,3,3,3,3,5,3,3,4,4,3,4,5,1,3,5,4,5,4,4,4,5,1,3,3,3,3,5,3,3,5,4,3,5,2,5,2,5,5,4,3,1,5,5,4,4,3,4,5,2,2,3,2,2,4,3,4,5,5,3,2,4,5,4,2,3,2,5,3,2,4,3,4,3,5,5,3,4,5,3,4,3,2,5,4,2,5,5,5,2,2,2,4,5,2,3,4,4,3,4,2,3,5,3,3,5,4,4,3,5,3,2,1,3,1,5,3,5,2,3,4,4,4,4,1,4,3,5,3,3,2,4,4,5,5,5,3,5,5,5,3,3,4,5,3,3,5,5,5,4,3,4,2,4,3,3,3,5,5,2,1,4,3,5,4,5,3,5,3,5,1,3,3,5,5,5,5,5,3,3,3,5,3,3,3,223.0,208.0,202.0,213.0,230.0
49868,male,15,USA,5,1,4,3,5,3,2,3,3,4,5,3,4,3,5,4,3,3,3,4,2,3,3,5,4,3,2,3,2,4,4,1,2,3,4,4,2,4,4,3,4,1,3,2,4,5,3,2,4,4,3,3,3,4,4,4,1,3,2,3,3,2,4,3,4,4,2,4,5,3,1,3,3,3,5,5,4,3,4,2,3,3,4,2,3,4,1,2,3,3,3,2,4,4,4,3,2,3,4,3,4,2,4,4,4,5,3,3,3,3,1,1,4,4,3,4,2,3,4,3,5,3,2,3,3,3,1,4,4,3,4,2,5,3,3,5,3,1,3,3,2,1,4,2,4,5,2,3,3,4,4,1,4,2,3,3,1,3,5,4,4,2,3,2,5,4,2,2,4,5,2,1,3,3,3,2,2,3,2,5,4,1,3,2,2,4,1,3,4,2,5,1,5,2,4,5,2,3,4,4,3,2,4,3,2,2,3,3,2,2,2,2,4,2,4,5,1,2,4,4,4,4,5,2,2,4,3,3,4,2,2,1,4,1,2,4,3,3,3,5,5,5,4,2,5,3,2,3,4,3,5,1,5,4,5,5,4,2,3,5,2,1,4,4,2,2,1,3,3,4,4,2,4,3,5,3,2,1,4,4,5,1,3,3,4,3,3,2,2,4,2,4,4,5,2,5,2,1,2,2,185.0,185.0,165.0,199.0,203.0
49959,male,22,USA,4,5,4,5,4,2,1,2,4,4,3,3,2,4,4,2,4,3,4,2,2,3,3,2,2,1,2,1,2,4,5,4,2,4,4,3,1,4,3,4,1,3,3,4,5,2,4,5,2,4,4,3,1,4,4,1,3,2,2,2,1,5,5,5,4,2,3,2,4,4,3,2,2,3,4,4,2,3,4,4,4,3,2,3,2,2,2,1,4,3,2,4,3,4,4,2,2,2,5,4,2,2,2,2,4,3,4,4,3,2,2,1,4,4,4,1,5,3,1,2,2,4,2,5,3,2,4,5,3,4,2,4,3,2,4,4,5,2,3,2,2,2,4,5,4,1,5,2,1,2,1,2,4,5,5,1,1,2,5,3,1,4,1,5,4,4,1,2,4,4,3,1,2,2,4,1,5,3,2,2,1,4,4,3,4,2,2,1,4,2,5,2,1,2,5,4,2,2,3,4,3,5,3,2,4,2,3,4,4,2,2,3,4,4,3,2,1,1,3,4,2,2,4,4,4,4,1,3,5,5,4,3,2,3,4,1,3,3,2,4,1,2,3,2,4,1,1,4,5,4,1,2,1,5,4,4,1,4,3,4,2,5,4,5,4,1,5,3,1,2,2,2,4,5,4,2,2,1,5,4,2,3,2,4,4,1,4,2,4,4,2,1,3,4,4,2,4,1,2,4,176.0,186.0,180.0,183.0,167.0
50265,male,21,USA,3,4,5,4,3,1,2,5,5,4,5,4,4,4,4,4,5,4,5,4,3,4,5,3,2,1,4,3,3,4,1,3,4,2,4,2,2,5,4,3,5,4,5,4,4,4,5,5,4,4,5,5,5,3,4,3,5,1,3,5,3,5,5,2,4,2,3,5,3,3,5,4,3,3,4,4,5,5,5,2,5,4,5,5,4,1,4,3,5,5,1,3,5,4,4,1,3,1,2,4,1,4,5,4,4,3,4,4,3,3,3,3,5,4,4,3,5,1,3,2,5,4,4,4,4,4,3,4,2,4,3,4,5,2,4,2,4,2,2,4,4,4,5,2,4,3,4,3,3,2,1,2,5,5,4,1,1,5,5,2,3,2,2,3,3,4,2,3,5,4,3,2,1,4,3,2,4,3,4,4,2,2,4,2,2,1,2,5,5,1,1,4,4,5,2,5,2,4,3,4,2,2,5,4,4,1,5,1,2,2,2,4,5,2,5,2,1,5,2,2,4,4,4,4,5,2,2,2,2,4,2,2,1,1,2,1,5,5,3,1,2,4,4,2,4,1,2,3,4,4,2,4,4,4,5,4,2,1,5,2,4,1,5,2,2,2,5,1,2,1,1,2,5,4,1,2,2,1,4,2,2,2,2,4,4,3,5,4,4,4,5,5,5,4,4,1,5,5,1,2,208.0,196.0,205.0,194.0,186.0
51364,female,24,USA,4,5,5,2,5,4,5,5,5,5,3,5,5,4,4,2,5,5,2,5,3,5,5,1,4,3,4,4,4,4,4,4,5,2,5,4,5,5,4,4,2,5,4,4,5,4,5,5,4,5,4,5,3,2,4,2,5,4,4,3,2,4,4,4,4,4,4,5,3,4,2,4,4,4,4,1,5,5,5,4,2,5,5,1,5,1,4,2,4,4,4,5,5,3,4,2,4,5,4,4,2,4,5,5,4,1,4,4,1,5,4,4,4,2,3,4,3,3,4,4,2,4,2,3,4,4,5,5,2,4,4,5,5,3,4,2,4,4,3,4,4,4,4,2,4,3,5,5,5,2,4,4,5,5,5,3,4,5,5,4,1,4,5,5,3,2,2,4,2,5,4,5,5,2,4,2,4,5,4,2,4,5,5,2,4,4,3,5,4,3,2,5,4,4,4,2,4,4,4,4,4,5,5,2,4,2,5,3,4,3,4,5,4,2,2,4,5,5,5,3,2,5,4,2,4,2,4,4,4,5,2,4,5,3,4,2,4,4,4,1,4,4,4,5,5,2,5,5,5,4,2,5,4,5,5,2,2,5,5,5,5,5,5,2,5,2,5,2,4,4,2,4,5,4,5,3,4,5,5,4,2,5,5,5,5,1,4,4,2,5,5,5,5,5,4,2,5,1,4,2,241.0,235.0,251.0,210.0,210.0
51508,male,26,USA,4,2,5,2,3,4,1,4,5,3,5,2,5,2,3,5,1,4,5,5,5,2,1,5,3,4,4,1,5,2,4,3,5,2,3,4,2,5,2,1,4,2,5,5,4,1,3,4,5,3,5,4,5,5,2,5,4,1,5,4,4,2,4,2,3,4,2,5,1,4,1,5,4,5,3,5,5,5,4,4,5,5,5,5,4,4,5,5,5,4,5,5,4,4,5,4,4,5,1,5,4,5,5,5,4,5,2,4,1,2,5,1,2,4,3,4,2,1,5,1,4,5,5,5,5,5,5,5,1,4,5,5,5,5,4,5,5,1,1,4,5,5,5,5,5,5,4,5,1,1,5,2,4,4,3,2,4,5,2,2,5,1,5,5,2,2,1,5,1,5,5,5,5,5,4,3,2,1,5,1,4,1,5,2,1,5,4,5,1,1,5,1,5,4,2,2,2,5,2,4,4,5,4,5,2,5,4,3,5,1,5,2,5,2,2,4,1,5,5,2,5,2,2,2,4,5,1,1,1,2,4,4,2,2,2,3,4,5,5,1,5,4,5,1,2,4,1,2,2,1,2,1,4,5,2,4,1,4,2,5,5,5,4,1,2,4,4,5,4,1,2,2,5,1,4,5,1,1,2,1,4,2,5,3,2,1,2,1,2,5,4,5,5,5,2,2,5,4,1,1,206.0,197.0,186.0,221.0,217.0
51548,male,17,USA,4,2,2,1,5,3,5,2,3,5,1,4,5,5,3,1,4,4,2,5,2,5,4,2,1,1,3,3,1,4,1,2,2,4,5,2,4,5,2,2,1,3,4,4,5,2,4,5,1,5,4,4,5,3,3,2,5,5,1,1,1,5,2,2,4,2,4,2,4,5,2,5,1,1,4,2,1,4,2,4,4,5,5,2,2,2,4,1,3,2,1,5,4,3,5,2,2,2,5,4,1,4,4,4,4,1,5,4,1,4,3,4,4,5,2,2,4,1,1,2,2,5,4,2,4,2,4,2,2,2,2,4,2,2,2,2,4,2,2,4,4,5,5,2,4,2,2,3,2,2,1,3,2,4,4,4,4,3,4,5,2,4,4,4,2,2,2,4,1,4,2,4,2,1,4,2,3,2,3,1,2,2,2,2,3,4,2,2,3,2,1,5,4,2,5,2,4,5,4,5,3,4,3,3,4,2,2,4,1,2,2,4,2,4,5,4,4,3,2,2,2,4,2,4,2,4,1,4,4,5,3,4,4,2,4,2,4,1,2,1,2,4,2,4,3,2,4,5,3,3,2,4,2,4,4,2,2,4,2,4,2,5,4,2,2,2,2,1,2,2,2,4,2,3,4,2,4,2,4,2,2,2,4,4,4,2,4,3,2,4,4,5,5,2,4,1,5,3,2,2,178.0,197.0,200.0,164.0,161.0
52584,male,28,USA,3,4,5,4,5,4,4,5,5,4,3,4,4,5,3,2,4,4,4,4,1,4,3,4,2,3,4,4,2,4,3,4,4,3,4,4,4,5,3,3,1,3,4,5,4,2,3,4,3,4,2,3,4,2,3,2,4,5,2,5,2,4,4,3,4,3,4,4,2,4,2,4,2,2,5,3,5,4,4,3,2,3,3,1,4,2,4,2,4,3,3,4,4,3,4,3,2,2,3,2,1,3,5,4,4,2,5,3,3,2,4,3,3,2,3,4,3,5,1,4,4,4,3,4,4,3,4,3,3,4,4,5,5,4,5,2,4,3,2,3,2,4,4,2,4,4,4,4,4,4,4,4,4,4,4,4,3,5,5,2,1,4,5,3,4,2,3,2,2,4,4,4,4,2,2,3,3,4,3,2,1,4,4,4,4,4,4,3,3,2,2,4,4,4,4,3,2,3,4,4,4,3,4,2,4,2,5,2,2,3,4,4,5,3,3,4,4,4,4,3,3,3,4,4,2,3,2,3,4,5,2,3,4,2,4,2,4,3,2,4,3,4,5,3,5,2,4,5,3,4,1,2,4,5,5,4,3,2,4,4,3,3,5,2,4,2,5,2,2,5,2,4,5,5,5,4,3,2,5,3,3,3,5,4,3,2,4,3,3,4,4,5,5,2,3,2,5,2,3,3,219.0,207.0,216.0,194.0,186.0
52622,male,18,Canada,3,4,4,4,5,1,4,5,4,3,4,3,3,3,3,4,4,3,2,4,4,4,5,2,2,2,1,4,3,5,3,3,5,3,5,2,2,5,2,3,1,2,2,2,4,4,2,3,5,3,2,3,4,5,3,3,5,2,2,2,2,2,4,4,3,1,4,4,3,4,3,2,2,3,4,4,4,5,3,4,1,3,4,2,2,2,4,4,4,4,2,3,4,4,2,2,4,2,3,4,2,2,2,4,4,2,4,4,3,4,3,2,5,4,2,4,4,5,4,4,2,2,3,4,4,1,5,3,3,3,3,4,3,2,4,4,3,2,2,3,4,3,4,2,3,2,5,3,4,4,3,1,4,4,4,1,2,4,4,2,1,3,2,4,3,3,2,2,5,5,3,3,5,2,2,3,5,4,3,3,2,3,3,4,3,1,3,4,4,2,3,2,2,4,4,4,2,3,5,4,3,4,4,2,3,2,4,2,5,3,3,4,4,3,4,3,2,4,4,2,3,1,2,3,4,3,2,3,5,4,3,2,5,2,2,2,4,2,3,2,2,4,4,3,4,2,3,5,4,3,2,4,3,4,5,3,3,2,4,2,3,5,5,5,4,3,5,2,3,4,4,3,4,5,4,2,2,3,4,2,2,2,3,5,5,2,2,3,3,4,3,1,4,3,3,3,4,5,2,1,210.0,188.0,191.0,183.0,183.0
53143,female,43,USA,2,4,5,2,4,2,1,5,4,4,2,4,4,4,4,1,4,4,4,2,2,4,5,2,4,1,4,5,5,5,2,2,2,2,4,1,1,5,4,4,1,4,4,4,4,1,4,5,2,4,1,2,5,2,4,2,4,4,4,5,1,4,4,2,4,1,2,5,5,2,2,4,5,4,4,2,4,4,4,4,2,2,5,2,4,1,4,2,4,4,1,4,4,4,5,1,4,5,5,2,1,1,5,4,5,4,5,5,5,4,1,1,5,4,4,2,5,5,4,5,2,4,2,4,4,1,5,5,2,2,2,4,5,4,5,4,4,4,4,4,2,1,5,4,4,2,5,5,4,5,4,2,5,4,4,2,2,5,5,5,1,5,4,5,5,1,2,4,5,4,2,2,5,3,4,2,5,5,4,5,2,4,4,2,5,2,4,5,5,5,1,4,2,4,4,2,2,4,5,4,2,4,5,3,5,2,5,3,4,5,4,4,5,4,5,2,2,5,5,5,4,5,5,5,5,2,2,4,5,4,2,1,5,4,4,1,5,2,4,5,2,4,4,2,4,2,4,4,5,2,1,2,2,5,5,2,2,5,5,5,4,4,5,5,4,2,5,2,4,5,2,2,5,4,4,2,2,5,5,2,2,4,4,4,5,2,4,4,4,4,4,4,5,4,4,2,4,1,4,2,247.0,211.0,209.0,209.0,180.0
54200,female,26,UK,4,5,3,4,5,4,4,4,5,5,2,5,5,5,4,1,4,3,2,4,3,4,2,1,5,2,3,5,5,3,2,2,2,4,3,5,4,5,4,5,3,4,4,4,5,3,4,5,1,5,5,4,4,2,4,3,5,1,5,1,2,5,2,4,4,3,5,2,3,4,2,5,3,3,4,1,4,4,2,5,4,4,5,2,4,1,4,3,4,4,4,5,2,5,5,2,5,4,3,4,2,4,3,4,5,1,4,5,1,4,1,4,4,4,4,3,3,5,3,2,3,5,2,5,5,3,3,4,2,4,2,5,5,2,4,1,5,4,1,4,5,4,4,4,5,2,4,5,4,2,5,5,4,4,5,4,5,4,5,5,1,5,4,4,4,1,4,4,3,5,5,2,3,3,4,2,3,3,3,3,4,4,2,3,3,4,4,3,3,5,2,4,4,4,5,3,5,4,2,5,4,5,3,3,4,2,5,3,3,2,4,5,3,3,4,5,5,4,5,5,2,5,5,3,5,2,4,3,2,4,2,1,4,2,4,1,5,3,4,3,4,5,2,4,5,4,5,5,4,4,2,4,3,4,4,2,4,5,2,5,5,4,4,4,4,2,5,2,3,1,1,5,4,5,5,5,4,5,3,4,4,5,3,4,4,1,5,3,2,5,5,5,5,3,5,4,5,5,1,2,224.0,230.0,222.0,206.0,206.0
54355,female,29,USA,5,5,5,4,5,4,2,3,5,5,4,5,5,5,5,4,4,1,2,5,5,4,5,2,4,4,4,4,2,4,4,5,4,4,5,3,5,5,5,5,2,4,4,4,4,4,3,2,5,5,3,2,2,2,4,3,5,2,5,4,3,5,4,4,4,2,4,5,1,5,2,4,5,5,5,1,4,5,5,4,4,4,5,1,4,1,2,4,4,4,2,5,2,3,4,2,4,5,4,5,1,4,5,5,5,1,5,2,2,5,5,2,5,2,4,4,5,4,5,4,4,5,2,4,5,4,1,5,5,5,2,5,5,5,5,1,2,2,4,5,5,1,5,1,4,2,5,4,4,5,4,5,4,2,5,4,4,4,5,5,1,5,5,5,5,1,5,2,3,5,4,1,2,2,4,4,4,4,4,4,2,2,2,4,3,4,5,5,5,5,2,4,4,5,5,4,4,2,3,5,2,2,4,2,4,1,5,2,4,4,2,5,5,4,4,4,1,4,5,5,5,5,5,5,5,4,2,1,5,5,2,1,2,2,4,2,5,4,2,4,5,5,4,3,5,2,4,5,5,5,1,5,5,5,5,1,2,4,5,5,5,1,3,5,5,2,5,2,5,5,4,5,5,5,5,2,4,4,5,5,1,4,2,1,5,2,4,2,3,5,5,4,4,2,4,4,5,4,1,4,239.0,234.0,228.0,218.0,204.0
55200,female,23,Australia,5,4,4,4,4,3,3,5,3,2,3,3,5,4,4,4,3,5,3,3,4,4,1,4,3,4,3,3,5,3,3,4,3,3,3,3,3,5,3,2,3,2,5,4,4,4,3,5,4,4,4,4,3,5,3,5,3,1,5,4,3,3,5,3,3,4,3,4,3,4,4,2,5,5,4,4,3,5,5,3,4,3,4,5,3,4,5,4,5,3,4,3,5,3,3,3,3,5,4,1,3,1,4,5,3,5,4,5,3,4,3,3,3,4,3,5,3,1,5,2,5,5,5,4,3,2,2,5,3,2,4,2,5,4,4,3,3,3,3,3,5,3,4,4,3,4,3,3,4,3,4,3,5,4,3,3,2,5,5,3,4,2,4,5,4,3,2,3,5,3,4,2,3,4,3,4,4,4,5,3,3,3,5,3,3,2,2,5,4,1,4,2,5,5,4,4,2,4,4,3,4,2,2,4,2,3,5,3,3,3,4,4,3,3,2,3,3,4,5,1,4,2,5,3,4,5,1,3,4,3,4,2,3,4,3,3,4,3,3,3,5,3,5,3,3,3,3,4,5,2,3,2,4,4,4,4,3,4,4,2,4,4,2,5,4,3,4,3,3,3,3,3,4,2,4,4,2,5,5,4,5,2,5,4,4,4,3,3,2,4,4,4,2,5,2,3,4,5,5,4,214.0,200.0,202.0,225.0,218.0
55841,female,40,USA,5,2,3,2,4,1,1,5,5,2,5,3,5,2,5,4,2,5,2,3,1,1,4,1,1,3,1,4,4,5,5,2,3,3,4,3,1,5,5,1,5,4,5,5,5,5,3,4,5,4,2,2,4,2,4,5,1,5,5,3,5,1,4,2,3,4,1,4,2,5,5,3,3,4,5,5,3,4,5,4,4,1,5,3,1,5,1,4,5,4,5,1,5,3,3,4,3,4,3,2,4,3,5,4,5,4,4,5,2,3,1,1,2,3,1,5,1,5,5,5,5,3,3,2,4,2,2,5,5,2,2,2,5,3,5,5,1,4,2,4,1,1,5,3,4,4,2,5,5,5,2,1,5,1,3,4,1,5,5,1,3,2,3,4,5,4,5,1,5,5,1,1,5,4,1,2,2,5,5,5,5,1,1,2,4,1,1,5,4,1,4,2,5,4,5,2,1,1,4,5,1,1,5,4,1,2,1,2,5,5,5,1,4,1,3,3,1,5,5,1,4,3,5,4,4,5,2,2,4,3,1,1,5,3,2,4,1,5,2,5,5,5,5,1,4,3,1,3,4,2,5,3,2,4,5,5,2,5,5,2,1,1,5,4,2,3,4,4,3,5,5,1,4,4,5,4,1,3,5,2,4,2,5,5,4,3,1,2,2,4,3,2,4,5,1,3,1,2,5,3,225.0,168.0,169.0,201.0,218.0
57914,male,23,UK,3,4,5,4,5,1,4,4,2,2,2,4,4,5,2,1,4,5,4,4,3,5,5,4,4,2,3,5,4,4,1,4,5,4,4,2,4,5,4,2,1,4,5,5,5,2,4,5,2,4,4,5,5,5,4,3,5,5,4,4,1,5,5,4,4,2,4,4,2,3,2,4,4,4,4,2,5,5,5,4,2,4,4,2,4,2,4,5,4,4,1,4,5,5,5,1,4,3,2,3,1,4,2,4,4,3,4,5,4,3,2,4,4,3,4,3,5,5,2,4,2,5,4,4,5,1,1,4,2,4,1,4,4,4,4,2,4,3,3,1,2,4,3,4,4,1,5,5,2,4,2,4,3,4,4,2,3,4,3,2,1,4,2,4,2,4,2,4,4,4,2,4,4,2,4,2,5,1,4,2,1,4,5,5,5,1,4,4,2,1,1,4,2,5,5,2,3,4,5,4,4,5,5,2,4,1,4,3,4,3,2,5,1,4,5,1,5,4,5,2,1,4,2,5,4,2,2,2,4,5,3,4,4,2,4,2,4,2,4,4,2,4,4,2,4,1,4,5,5,4,1,3,2,5,5,2,3,5,2,4,4,5,5,5,5,2,5,2,2,4,2,4,5,5,5,4,3,2,5,2,2,4,4,5,4,1,4,5,5,5,5,5,5,5,5,1,5,2,2,2,229.0,208.0,228.0,201.0,176.0
57919,male,17,Spain,4,3,5,3,4,4,5,4,5,5,4,5,5,4,4,3,3,5,2,5,2,5,5,3,3,1,3,3,5,5,4,3,4,3,5,4,2,5,4,3,1,5,4,4,4,5,4,4,3,3,1,3,4,4,4,2,4,4,4,5,4,4,4,3,5,4,5,5,4,3,4,4,4,3,3,4,3,3,4,4,3,4,4,2,2,2,2,2,2,4,3,4,5,4,5,3,3,3,4,4,1,4,5,4,4,2,4,5,1,5,2,3,5,4,3,1,3,5,3,3,4,4,4,4,4,4,4,4,2,4,4,4,5,3,5,4,5,2,3,3,4,2,5,1,4,5,5,3,2,3,4,1,5,5,4,3,2,4,4,4,2,5,4,4,4,2,3,4,3,4,2,2,4,1,1,1,3,3,2,1,2,3,3,2,2,3,3,3,4,4,2,4,4,4,4,2,2,4,5,5,2,4,5,1,1,1,5,1,2,2,2,3,5,2,4,4,4,3,4,4,3,2,4,3,4,4,3,2,3,4,2,3,4,2,2,2,4,2,3,4,4,4,5,2,4,1,3,4,3,3,1,4,3,3,4,2,2,2,2,1,3,4,4,4,2,2,2,2,2,4,2,2,5,4,4,1,2,3,4,2,2,1,4,4,4,1,4,3,2,4,1,2,4,2,2,2,4,2,1,2,213.0,198.0,199.0,197.0,179.0
57998,male,16,USA,4,1,4,3,5,2,2,4,4,4,5,5,1,2,4,3,3,2,2,4,4,3,5,3,2,2,1,5,4,5,4,2,2,2,4,2,2,5,4,3,5,4,3,2,4,4,3,4,4,4,5,3,5,5,4,4,2,5,3,4,4,1,3,2,4,2,2,5,3,4,5,4,3,2,5,4,2,5,4,3,5,2,5,4,1,4,2,4,4,3,4,2,4,4,3,4,2,2,2,4,5,4,4,3,2,4,4,3,1,2,5,2,5,4,2,5,2,5,2,2,5,3,2,4,4,2,2,4,1,3,5,4,5,3,3,2,4,1,1,4,2,1,5,2,3,4,2,5,2,2,4,1,5,2,4,4,1,4,2,2,5,2,1,2,4,4,2,3,5,4,4,1,5,5,2,2,1,4,2,4,5,1,3,2,1,2,2,4,2,1,5,2,2,2,4,4,2,2,4,5,5,4,5,4,1,1,4,3,1,2,2,2,3,2,1,4,1,4,3,2,5,3,1,2,2,5,4,3,2,1,4,4,5,1,3,4,4,3,3,5,4,2,4,2,4,2,2,5,2,1,5,1,5,2,4,5,4,5,4,2,1,3,5,4,2,4,2,3,2,2,4,1,2,5,2,2,2,4,3,4,5,4,1,3,2,4,3,5,2,3,4,5,5,5,5,4,2,5,2,4,194.0,190.0,170.0,174.0,224.0
58006,female,34,Germany,4,5,3,5,4,5,1,3,4,4,1,4,5,4,5,5,5,5,1,2,5,4,4,5,4,4,3,3,1,4,3,4,3,2,2,5,5,4,5,1,3,4,3,4,2,5,5,5,3,5,4,4,4,1,2,2,3,2,5,1,3,3,4,5,3,4,2,4,2,5,2,4,4,4,5,2,3,5,5,3,5,3,3,4,2,3,4,2,5,1,3,4,2,2,1,2,1,5,5,2,3,1,5,4,4,3,3,5,1,4,1,1,4,5,2,5,2,5,3,1,4,4,3,3,4,5,1,4,5,2,4,3,5,2,5,3,5,4,4,3,5,1,5,4,2,2,3,5,4,1,5,5,2,1,4,4,3,4,5,4,1,4,3,2,5,1,4,2,2,5,4,1,1,4,2,5,1,3,2,2,5,4,2,5,3,4,3,1,2,2,5,2,4,5,2,5,4,4,2,5,5,3,5,5,2,3,3,3,3,2,4,4,3,5,3,4,2,4,5,2,1,5,5,2,5,4,2,5,2,3,4,2,3,2,4,2,3,3,5,5,5,4,2,5,2,5,2,2,5,3,4,2,5,5,5,5,5,5,5,5,4,3,5,5,1,5,2,2,3,1,2,4,2,3,2,5,2,2,5,3,5,4,4,4,3,2,5,5,2,5,2,2,4,5,2,5,1,5,1,4,218.0,180.0,197.0,209.0,216.0
58506,male,28,USA,4,4,1,2,5,4,2,3,5,5,2,3,2,4,5,2,5,2,4,4,3,3,4,4,2,5,3,1,5,4,1,4,1,4,4,5,3,3,5,4,1,5,4,4,4,4,5,2,4,5,5,1,2,1,4,3,3,1,5,4,2,5,3,3,4,3,5,1,5,5,2,4,3,4,5,5,3,3,2,3,1,2,1,5,4,1,2,1,5,5,5,4,3,4,5,2,4,1,5,5,4,4,2,4,5,4,4,2,4,5,5,1,4,5,5,4,4,1,3,4,3,4,3,4,4,4,2,3,5,5,5,2,4,5,4,4,3,1,1,5,4,1,2,5,5,2,4,2,3,3,4,4,4,4,4,4,4,1,5,4,1,4,1,5,5,2,1,1,5,5,3,1,3,2,4,4,4,1,4,2,2,3,3,4,4,1,5,1,5,3,1,5,3,5,4,5,2,1,5,4,1,1,4,1,5,2,5,1,2,2,3,4,1,2,2,3,1,1,2,4,1,4,4,5,5,5,3,2,5,5,2,1,3,3,2,2,5,1,5,5,1,5,2,4,5,2,1,1,5,5,1,1,1,5,5,2,2,3,5,5,5,1,1,3,4,2,5,1,1,5,2,5,1,5,5,2,1,1,5,5,1,4,5,5,5,1,3,2,2,5,5,1,1,5,4,2,5,1,3,4,159.0,214.0,197.0,218.0,188.0
59677,male,24,USA,3,4,3,2,4,3,3,5,5,4,1,1,1,4,4,5,4,1,5,2,3,1,5,5,1,5,5,3,1,3,1,5,3,3,5,5,5,5,1,3,4,2,5,5,2,3,3,2,5,5,5,3,1,5,1,5,5,1,2,3,1,3,2,1,3,2,5,5,3,1,2,5,1,3,4,5,2,5,5,3,5,3,1,5,2,5,4,3,5,2,5,4,1,3,3,1,3,4,1,5,5,4,1,4,3,2,1,5,1,1,4,5,1,3,5,4,5,5,3,1,2,5,1,3,5,3,1,5,2,2,2,3,5,3,3,5,4,1,3,3,3,3,1,5,3,3,3,5,3,1,3,4,2,5,4,4,2,5,1,2,5,2,4,3,1,5,1,1,2,3,5,3,5,5,1,5,5,5,3,3,3,2,1,1,2,4,2,3,5,2,4,2,3,3,3,4,1,2,2,3,4,3,2,5,2,2,5,3,2,2,3,1,4,2,1,4,2,5,4,3,3,2,3,5,2,5,1,1,3,2,4,1,2,3,1,2,5,3,1,3,2,4,1,3,3,3,3,5,2,2,5,2,3,3,5,5,3,1,3,2,5,1,1,5,1,4,5,3,3,3,1,1,3,4,3,4,1,2,3,2,5,2,3,3,3,2,3,2,3,2,5,5,1,4,1,5,5,3,3,1,172.0,162.0,211.0,189.0,183.0
59799,female,23,USA,5,4,5,1,2,2,1,1,4,4,5,3,4,2,4,4,3,3,2,1,5,4,3,2,1,2,1,2,2,1,5,3,4,1,1,4,1,4,4,2,5,3,4,3,4,5,2,2,3,3,5,2,3,4,2,4,1,3,4,4,5,2,5,1,2,4,2,3,4,4,5,2,3,2,4,2,1,4,4,1,5,3,4,2,2,4,2,1,4,5,4,2,5,1,2,5,2,5,2,4,5,2,4,3,4,3,2,4,1,3,5,1,4,5,2,3,1,5,2,2,5,4,1,1,2,5,1,4,4,4,5,2,5,2,4,4,4,1,4,3,5,2,5,4,1,4,1,2,4,2,4,2,4,4,4,5,2,2,4,5,1,2,5,2,4,5,3,2,2,5,5,2,3,5,1,2,2,4,4,4,4,4,5,1,2,4,1,4,2,1,5,2,5,4,4,4,4,2,1,3,4,4,3,5,1,4,2,2,4,2,2,1,5,1,2,5,1,2,2,1,5,4,2,2,2,5,4,2,2,2,5,2,2,2,2,2,4,2,2,2,5,2,4,1,2,4,2,1,2,2,5,2,5,2,2,4,2,4,1,1,2,4,1,4,1,4,2,2,4,2,4,2,5,1,4,5,2,4,4,4,5,4,4,4,4,4,2,2,1,2,2,2,4,2,4,4,2,2,2,4,193.0,166.0,155.0,180.0,207.0
60820,female,17,USA,5,3,4,4,5,2,1,5,3,4,1,4,1,4,4,2,2,2,1,4,4,4,5,2,4,3,3,1,3,4,5,2,3,2,5,3,1,5,2,3,1,3,4,5,5,5,2,5,1,4,1,3,3,3,4,5,5,3,5,4,5,2,5,4,4,2,1,4,5,5,1,4,5,5,5,3,2,5,5,5,1,3,3,2,3,2,5,5,2,3,5,4,5,2,5,1,4,4,5,4,2,4,4,4,5,2,2,4,2,4,1,2,4,2,4,4,4,5,4,4,1,5,3,4,5,3,5,5,3,3,1,4,4,2,4,4,5,2,3,3,4,3,5,2,4,1,5,5,5,2,1,4,4,3,4,3,3,5,5,2,1,5,2,3,4,2,2,2,3,3,4,4,5,3,4,5,4,5,4,3,2,3,2,3,5,1,4,2,5,4,1,3,2,3,5,2,2,2,3,3,2,4,5,3,3,2,5,3,4,4,3,4,1,2,5,3,2,5,4,4,1,3,3,5,5,4,3,2,3,5,2,2,5,5,4,1,5,3,4,3,3,2,4,3,5,2,2,5,4,3,2,4,2,5,5,4,1,3,4,4,1,4,5,3,4,2,3,3,2,4,3,3,5,3,5,5,2,3,3,2,2,5,2,5,3,1,5,3,5,2,2,4,4,4,4,3,1,3,2,2,216.0,207.0,202.0,187.0,190.0
60891,female,52,USA,1,5,3,5,3,2,2,5,4,4,1,4,4,4,3,1,3,5,4,4,3,3,4,3,3,1,4,2,5,2,2,4,4,4,4,3,2,3,4,4,1,3,5,4,5,3,4,4,2,4,4,4,4,2,3,2,4,5,5,4,1,5,4,4,4,1,4,4,5,2,1,1,4,5,3,2,2,5,4,4,3,2,4,4,2,2,4,3,5,3,1,5,5,5,5,1,4,4,5,3,1,3,4,5,4,2,3,4,3,3,3,2,4,3,2,2,4,3,3,5,2,4,2,5,5,1,2,5,3,3,1,5,5,4,4,1,4,5,4,4,4,2,4,5,3,2,5,2,5,2,1,4,4,4,4,2,4,5,5,3,1,3,4,5,5,1,2,5,3,3,3,3,5,1,2,2,5,5,4,1,2,5,4,5,5,1,2,5,2,5,3,4,4,5,5,2,3,5,5,4,4,4,5,1,3,1,5,2,4,2,4,5,5,4,5,2,1,5,5,3,1,5,5,3,4,1,1,3,5,3,2,1,5,3,3,1,4,3,4,3,1,5,5,5,5,1,1,1,5,4,1,2,3,5,5,2,2,4,5,5,5,4,5,5,2,2,5,2,2,2,2,4,5,5,5,3,2,4,4,4,2,4,4,4,5,1,4,3,5,5,4,1,5,3,4,2,4,1,3,1,227.0,196.0,201.0,208.0,181.0
60896,male,20,USA,1,4,5,3,4,1,3,4,3,2,1,4,3,4,5,1,2,3,4,4,2,5,5,3,2,1,3,2,1,4,1,4,4,3,5,1,5,5,4,3,1,4,2,3,4,1,5,5,1,4,1,5,5,3,4,1,5,1,1,4,1,5,3,3,4,1,4,4,4,3,1,5,4,3,5,1,5,5,2,5,2,5,5,1,2,1,3,1,3,5,1,3,3,3,5,1,3,3,3,2,1,3,3,2,4,1,5,4,1,3,1,3,5,5,2,1,3,5,1,5,1,3,2,2,5,1,3,3,1,4,1,4,1,2,3,1,5,5,3,3,4,3,4,4,4,1,4,2,2,5,1,3,3,3,4,5,3,4,5,5,1,5,1,3,4,1,2,5,1,4,2,2,5,3,5,1,3,3,2,3,1,5,3,3,5,1,3,4,2,2,1,3,1,2,4,5,3,3,3,1,5,4,4,3,4,1,4,1,1,5,1,5,5,3,5,5,3,3,5,3,1,3,5,5,5,1,3,3,3,5,1,4,5,5,5,1,4,1,3,3,1,5,2,3,4,1,3,5,3,1,1,3,1,3,5,5,4,5,1,4,1,5,5,5,5,5,3,1,3,5,1,3,5,4,5,1,3,4,3,1,1,4,2,5,5,1,5,5,3,5,1,4,5,3,5,1,4,4,1,3,207.0,198.0,215.0,169.0,140.0
60937,male,30,UK,4,4,5,4,4,2,4,4,3,4,2,3,2,4,4,1,3,4,3,3,4,5,5,4,3,2,3,3,3,4,3,4,5,4,4,3,3,5,4,4,1,5,4,4,5,4,4,4,2,4,2,5,4,2,3,2,4,2,3,4,1,4,5,4,4,2,4,4,3,5,2,4,3,4,4,3,3,4,4,2,2,5,4,1,3,1,5,1,3,4,2,4,4,2,3,2,3,3,3,4,2,3,4,4,4,3,4,5,3,4,3,3,4,3,3,2,4,3,4,5,3,4,4,4,4,2,4,4,3,4,3,4,4,4,5,2,4,3,3,4,4,4,5,3,3,2,5,4,4,4,4,4,4,4,4,3,2,4,5,4,1,2,2,3,3,3,2,3,2,5,4,4,4,4,4,2,4,3,4,2,2,4,5,4,2,2,4,3,4,3,4,4,2,4,4,4,3,4,4,4,2,4,5,4,2,2,4,2,2,3,2,4,5,2,4,2,3,3,4,3,4,4,4,4,4,2,2,2,5,4,2,3,4,2,2,2,4,2,3,2,4,4,4,3,4,2,3,4,4,3,2,3,4,4,4,2,2,3,4,2,4,5,5,2,2,3,4,2,2,4,2,4,5,5,4,3,4,4,4,4,3,4,4,4,4,1,4,4,4,4,4,5,4,4,2,2,5,4,2,2,213.0,205.0,221.0,199.0,179.0
61476,female,42,USA,5,5,5,5,3,4,5,5,4,4,4,5,5,5,5,4,5,5,5,4,4,5,5,3,3,3,4,3,4,4,3,5,4,5,5,4,4,5,4,4,3,3,4,5,4,4,4,5,4,5,3,5,3,3,4,3,5,3,4,3,2,4,4,4,5,1,5,3,5,4,3,4,3,5,4,1,4,5,5,4,2,5,3,5,4,1,5,3,4,3,3,4,4,4,5,3,4,5,5,3,1,3,4,4,4,2,5,5,2,4,3,4,5,2,4,2,4,5,3,4,3,4,3,4,4,3,3,5,3,3,3,4,5,5,5,1,5,5,3,5,3,3,5,5,4,4,5,3,4,3,5,3,4,5,5,5,3,5,5,2,1,5,5,5,5,1,3,4,2,5,5,5,5,2,5,2,5,5,5,1,2,5,5,5,5,5,5,5,5,4,1,5,5,5,5,5,3,5,5,5,4,5,5,1,5,1,5,1,1,3,4,5,5,5,5,3,5,5,5,5,4,5,5,5,5,5,2,3,5,5,5,5,5,1,2,1,5,1,4,1,3,5,5,5,5,3,5,5,5,5,1,5,5,5,5,2,3,5,5,5,5,5,5,1,5,1,5,1,2,4,1,5,5,5,5,4,2,5,5,5,1,5,5,5,4,1,5,5,4,5,5,5,4,3,5,4,5,1,5,1,238.0,240.0,254.0,236.0,218.0
62012,male,33,USA,4,2,4,3,4,2,2,5,5,4,4,2,4,3,4,3,2,5,2,2,2,4,5,4,2,3,1,5,5,4,4,2,4,3,4,4,2,4,2,3,3,4,2,2,5,3,2,5,2,4,4,4,4,4,3,4,3,4,4,5,1,2,5,2,2,1,4,4,4,4,4,4,3,4,3,4,2,5,4,4,2,4,4,3,3,3,2,4,3,4,4,2,5,4,2,3,2,4,3,3,3,3,5,4,5,4,3,5,5,3,1,1,5,4,2,3,2,5,2,5,5,2,5,4,4,1,1,5,4,4,3,3,5,3,4,4,3,5,2,3,4,4,5,4,4,4,4,5,4,3,4,2,5,3,4,4,3,5,5,5,3,2,3,4,2,4,1,4,2,4,4,1,4,3,1,3,4,5,4,4,3,1,5,2,4,2,2,2,5,2,4,3,5,4,5,5,1,5,4,5,4,4,4,3,1,1,4,5,4,5,4,1,3,2,2,4,4,2,4,3,5,2,4,2,5,2,3,5,5,4,2,2,5,2,3,2,4,3,2,5,4,4,5,2,4,2,4,4,5,3,2,2,3,2,3,5,2,5,5,1,4,5,5,5,3,2,4,2,3,5,2,3,3,5,2,2,2,2,5,4,4,2,3,4,5,2,2,5,4,5,5,4,4,4,2,2,4,4,4,3,228.0,195.0,180.0,211.0,210.0
62477,female,49,Canada,4,4,4,4,4,2,4,4,3,4,2,2,4,4,4,4,4,2,4,2,2,4,4,2,4,2,4,3,3,4,4,4,4,4,4,2,4,5,4,5,2,2,4,4,4,4,4,4,4,4,4,4,2,2,4,2,4,3,3,4,2,4,4,4,4,2,4,4,4,4,2,4,4,4,4,2,4,4,4,4,4,4,4,4,4,2,4,2,4,4,4,4,2,3,3,2,4,4,4,4,4,2,4,4,4,2,4,4,4,4,2,4,4,3,4,2,4,4,4,4,4,4,4,4,4,2,2,5,4,4,2,3,4,3,3,2,4,4,4,4,2,2,4,4,4,4,4,3,4,4,4,4,4,4,4,4,4,4,4,5,4,2,4,4,4,2,4,4,4,4,3,2,3,4,4,2,4,3,4,4,4,4,4,4,4,2,4,4,4,5,4,4,4,4,4,4,4,4,4,4,4,4,4,4,4,2,4,2,2,4,4,4,4,4,4,2,4,4,4,5,4,4,4,4,4,2,4,3,4,4,2,2,2,2,2,4,4,2,3,4,5,4,2,4,4,2,4,4,4,4,2,4,4,4,4,4,4,4,4,4,2,2,4,4,4,4,4,2,2,4,2,4,4,4,4,4,2,4,4,5,4,4,4,4,4,2,4,2,4,4,4,4,2,3,4,3,4,1,2,4,214.0,224.0,217.0,214.0,195.0
63043,female,20,USA,5,5,4,3,3,2,4,5,3,2,4,4,4,4,3,4,2,4,2,2,4,4,2,4,2,4,4,5,3,4,4,3,5,4,2,3,4,5,3,2,4,3,4,4,2,4,3,4,4,2,4,4,4,2,3,3,5,5,3,4,2,4,4,2,2,3,5,4,4,3,3,4,3,3,3,4,2,5,5,2,2,4,5,2,2,4,5,3,5,2,4,5,4,4,2,2,4,4,2,2,4,4,5,5,4,3,2,4,1,2,3,4,2,4,2,4,5,5,4,3,4,5,2,3,2,2,3,4,2,3,5,2,5,4,4,2,4,2,2,2,5,2,5,2,2,4,5,5,1,4,2,2,4,3,2,2,5,5,5,1,4,2,4,4,3,1,2,2,4,4,4,4,4,3,2,4,4,5,5,2,2,2,4,2,4,2,5,5,5,2,5,4,5,5,2,4,2,2,5,4,4,1,5,2,4,3,5,5,5,4,4,5,4,2,4,3,4,5,4,4,4,4,5,5,3,4,2,2,2,2,2,1,4,2,2,1,5,4,3,2,5,5,5,2,5,2,4,5,4,4,2,4,5,4,5,3,4,4,5,2,2,4,5,5,2,2,4,3,4,2,4,2,5,4,4,2,4,5,4,2,4,4,5,5,4,4,2,4,4,2,4,4,4,4,2,4,5,3,4,2,225.0,179.0,222.0,196.0,217.0
64938,female,47,USA,2,3,4,4,5,2,1,4,5,4,1,4,3,4,4,1,4,2,3,4,3,4,5,4,3,1,4,3,4,3,1,4,3,4,5,3,2,5,4,3,1,3,4,4,5,1,5,5,2,5,4,5,4,3,5,2,5,2,3,2,1,4,2,3,5,1,3,5,3,3,1,4,4,4,4,2,3,5,3,4,2,5,4,4,4,1,5,3,4,3,1,3,3,4,5,1,4,5,4,4,1,3,4,4,5,2,5,5,4,4,1,2,5,3,4,1,5,2,3,5,4,4,3,4,5,4,2,5,3,4,1,4,5,3,4,2,3,4,3,4,3,1,3,5,4,1,5,3,4,5,1,2,3,3,5,3,3,5,5,4,1,5,2,5,5,2,3,5,2,4,3,4,4,2,5,2,5,3,3,2,2,5,2,4,5,2,4,5,5,2,1,5,2,4,5,2,4,5,2,5,2,4,5,2,5,1,5,2,4,4,2,5,5,4,5,2,2,5,5,4,1,4,4,4,5,2,2,2,5,2,4,1,5,2,5,2,4,3,4,2,2,4,2,5,5,4,2,3,4,2,1,4,2,5,5,2,4,1,1,5,2,1,4,1,5,2,5,2,2,4,1,4,4,5,5,2,2,5,5,2,2,4,2,4,5,1,5,4,2,5,4,2,5,5,4,2,5,1,2,4,220.0,212.0,216.0,207.0,155.0
65452,female,16,USA,4,4,5,4,5,2,5,5,4,4,3,5,4,5,4,3,4,5,4,4,4,5,2,3,2,1,3,3,4,4,2,4,5,2,5,4,2,5,5,5,2,4,5,4,5,4,3,5,3,5,4,5,3,1,4,2,5,3,4,4,3,4,5,3,3,2,3,4,4,3,2,4,5,4,3,3,5,5,2,3,5,4,3,3,4,2,5,1,2,3,4,4,5,2,4,3,2,4,4,3,3,4,2,5,4,2,5,5,1,4,3,4,2,3,5,4,5,5,4,3,5,5,4,3,5,2,3,5,4,3,4,5,5,2,3,2,4,2,2,5,4,3,5,3,5,4,5,3,5,3,4,2,4,3,5,4,2,5,3,4,2,5,4,5,4,5,2,4,2,5,3,5,5,2,5,2,4,4,3,4,5,4,5,3,2,4,2,5,2,4,4,4,3,4,5,2,3,4,3,5,4,5,2,2,4,2,5,1,3,2,4,4,5,2,4,4,4,4,5,4,4,5,3,3,5,3,2,4,2,5,2,3,3,2,5,1,5,1,3,2,4,5,5,3,5,4,4,5,5,4,3,4,2,3,5,4,2,1,3,5,4,5,4,3,5,4,4,1,2,2,2,3,5,2,4,4,2,5,5,4,3,4,4,5,5,2,2,5,2,5,4,4,2,2,4,3,5,1,2,2,224.0,218.0,228.0,206.0,204.0
67464,male,31,USA,5,4,3,4,4,2,3,5,2,4,3,2,3,4,4,3,3,5,4,4,3,5,4,4,4,2,3,3,2,4,4,4,3,5,4,2,3,5,3,4,2,2,4,5,4,4,3,5,5,4,2,4,4,4,3,2,4,4,4,4,2,4,4,4,4,2,5,3,3,4,3,3,4,5,5,4,3,4,5,4,3,4,4,4,4,2,2,2,4,3,3,4,4,4,3,2,3,4,4,4,3,2,3,4,4,3,4,4,4,3,2,3,4,3,4,4,2,5,3,4,3,4,2,4,3,3,4,5,2,4,2,3,4,4,4,3,2,3,4,4,4,3,4,4,3,3,4,3,4,4,4,2,3,4,4,3,3,5,3,4,2,2,4,4,4,4,2,4,4,4,3,2,3,3,4,2,4,4,4,4,4,2,3,4,3,3,4,3,4,2,5,2,4,4,4,3,3,4,4,4,3,4,4,3,3,2,4,3,4,4,3,4,3,3,4,3,2,3,4,4,3,2,4,4,4,2,2,2,4,4,2,3,3,3,3,2,2,2,4,3,5,5,4,3,3,2,4,4,4,4,4,2,4,4,4,4,4,4,4,4,4,5,4,4,4,2,4,2,2,3,2,2,4,5,4,2,2,5,4,4,3,2,4,5,4,3,3,2,4,4,4,4,4,4,2,3,4,2,3,3,213.0,210.0,206.0,218.0,188.0
68026,female,15,USA,4,3,4,4,4,4,2,2,5,4,3,4,2,4,5,3,2,4,3,3,3,4,2,1,3,2,3,1,3,2,3,3,2,2,3,4,2,5,5,3,1,5,4,3,4,4,2,4,5,4,4,4,4,3,2,1,3,1,5,2,3,3,4,4,4,3,4,2,5,4,1,2,5,3,5,4,2,3,4,3,4,4,4,4,1,1,3,1,4,4,2,3,4,1,4,1,3,5,4,2,1,5,3,5,5,2,4,4,3,3,1,2,4,3,1,1,3,1,2,3,3,4,4,2,4,3,5,4,5,2,1,5,5,2,5,4,3,3,1,2,5,3,2,4,3,1,5,1,5,2,4,4,4,5,4,4,4,3,5,1,1,4,3,5,5,2,2,2,4,5,4,3,2,1,2,4,4,3,4,2,3,4,4,5,4,4,4,3,2,1,4,4,3,4,5,5,1,4,1,3,4,2,3,1,3,3,5,1,2,2,4,5,3,3,4,5,4,4,5,1,5,4,4,3,5,3,1,3,3,5,2,2,3,1,3,1,4,1,4,3,4,5,4,3,4,3,4,4,5,4,2,4,4,5,5,4,4,2,4,4,4,5,4,4,2,2,4,1,2,3,2,4,4,2,4,4,2,3,5,4,2,5,4,4,5,2,3,3,4,4,4,4,5,2,4,3,4,1,4,2,187.0,201.0,200.0,207.0,180.0
69581,female,32,USA,5,4,5,5,5,2,1,3,4,5,5,5,5,4,4,2,5,3,4,4,5,4,5,4,5,4,3,3,4,3,5,2,2,3,4,4,3,5,4,5,3,3,4,5,4,5,5,4,3,5,5,4,5,3,4,3,4,1,5,4,4,2,5,2,4,4,3,4,5,5,4,1,5,4,4,3,5,5,5,4,3,4,4,4,4,4,3,1,4,3,4,3,5,2,3,2,2,5,5,4,3,3,4,5,4,4,5,5,2,5,5,2,4,4,5,2,3,1,3,3,2,4,1,3,4,4,3,4,4,4,5,4,4,5,4,4,4,4,3,5,1,1,5,5,4,5,4,3,4,4,5,1,4,2,4,5,2,5,5,5,5,4,5,4,4,3,3,4,2,5,5,5,3,5,5,4,2,3,5,3,5,4,5,2,3,4,2,5,5,5,1,4,5,5,5,4,2,4,2,5,2,4,4,5,5,1,4,1,1,2,4,4,5,1,5,4,5,3,5,5,5,5,5,5,5,2,4,2,5,1,5,1,3,3,5,2,4,1,5,4,5,5,5,1,5,2,2,3,5,2,3,3,5,5,5,4,5,2,5,5,2,3,3,5,5,2,4,1,4,4,2,1,5,4,5,2,2,3,2,1,4,4,4,1,4,1,5,3,4,5,2,5,5,5,5,4,4,1,5,5,232.0,235.0,216.0,223.0,209.0
69895,female,16,USA,1,4,5,4,3,2,4,5,5,3,4,3,2,4,3,2,2,5,5,2,4,5,4,3,1,1,4,4,3,5,1,4,4,3,4,1,4,5,3,2,3,3,5,3,3,5,3,2,1,2,5,5,5,4,4,2,4,5,2,4,2,4,5,4,2,1,5,4,3,2,3,4,4,4,3,2,2,2,2,2,1,4,5,2,1,4,5,2,5,2,1,4,5,2,4,1,4,3,2,2,1,3,4,2,2,2,4,5,1,3,4,5,4,2,1,3,5,5,4,5,1,5,5,4,4,1,2,4,1,4,5,2,5,5,5,3,4,4,1,2,4,2,5,1,4,3,2,4,5,3,1,5,5,2,2,2,4,5,4,1,3,2,2,4,2,4,1,5,1,4,5,5,5,2,1,1,5,3,2,4,2,4,5,5,4,1,3,5,4,1,5,4,2,4,3,2,3,5,2,4,4,5,5,2,1,1,5,2,2,3,4,5,5,4,4,2,5,5,5,1,4,5,2,4,2,3,2,4,5,2,3,3,5,2,1,1,5,1,4,1,1,4,5,4,3,1,5,5,2,1,2,4,3,5,1,3,1,5,5,2,5,5,5,4,1,3,5,2,2,5,1,3,5,4,4,2,5,4,5,2,4,4,2,4,2,3,4,2,5,2,2,5,5,3,2,4,5,5,2,2,210.0,178.0,220.0,180.0,189.0
70099,female,28,USA,5,4,5,2,5,3,4,4,4,3,5,5,5,5,4,1,5,4,2,5,4,5,3,1,4,5,4,2,2,4,4,4,1,4,5,4,5,3,3,1,2,5,4,3,4,4,5,4,3,5,4,4,5,3,3,3,4,1,4,1,3,4,1,2,4,4,4,3,2,5,5,5,5,5,5,1,5,5,1,4,5,4,4,2,3,3,3,3,3,3,5,5,1,3,3,3,4,1,2,3,5,4,3,5,5,1,5,5,1,5,5,4,5,1,3,3,3,2,3,1,5,5,3,4,4,3,3,3,3,4,5,5,5,3,5,3,5,3,3,5,4,5,2,1,5,5,4,1,5,1,5,5,3,3,5,5,3,3,3,3,5,5,5,3,3,1,4,4,4,5,5,5,1,1,5,3,3,5,5,1,5,5,1,4,4,5,5,1,3,2,3,5,5,5,5,1,5,5,5,5,5,5,5,1,5,1,5,2,1,1,3,5,4,3,3,5,5,5,5,4,5,5,5,5,4,2,3,4,4,5,4,4,1,1,5,3,4,2,5,2,5,5,5,5,5,3,3,3,3,5,3,5,5,5,3,3,3,3,2,5,5,5,4,4,5,1,4,2,2,1,1,2,2,5,4,4,4,4,4,4,2,5,5,5,5,1,5,4,2,5,5,4,5,1,4,4,5,1,4,2,201.0,234.0,228.0,208.0,221.0
70233,female,20,USA,5,4,5,2,4,4,2,4,4,5,5,4,5,5,4,4,5,4,2,3,3,4,2,3,4,4,2,5,4,4,2,5,4,2,5,5,1,4,4,5,5,4,5,5,4,4,4,5,2,5,5,4,4,1,4,4,2,5,5,2,4,2,5,3,2,5,4,4,1,5,5,3,4,4,5,4,1,4,5,2,5,5,5,2,2,5,5,3,4,2,5,2,5,5,2,4,5,5,2,4,5,5,5,5,5,2,5,5,2,4,5,3,5,5,4,1,2,5,4,2,5,4,5,4,4,4,5,5,3,4,5,5,5,2,5,5,5,2,3,4,5,4,5,2,2,5,4,5,5,2,5,5,5,1,4,5,4,5,5,2,4,5,5,2,5,3,5,4,1,5,5,4,5,1,3,4,2,5,4,1,4,1,4,2,2,4,2,5,2,2,4,4,5,5,4,5,4,4,4,5,5,2,5,2,2,2,4,4,2,2,4,4,5,2,5,4,2,5,2,2,5,5,5,2,5,5,2,2,4,5,4,1,5,2,4,1,4,4,4,2,5,2,4,2,4,4,2,4,2,3,5,4,5,5,5,5,4,1,5,2,5,2,5,5,2,4,2,3,2,2,2,4,5,2,2,5,5,5,5,4,5,4,5,5,2,2,5,3,2,2,5,5,5,3,5,4,4,4,2,2,236.0,227.0,213.0,210.0,236.0
70903,male,13,USA,2,5,4,5,4,3,3,3,2,4,4,5,4,5,4,1,5,3,3,5,3,4,5,4,2,1,3,3,4,5,5,3,4,5,4,2,5,5,2,3,1,5,5,5,5,4,3,5,1,5,5,5,5,3,4,5,5,4,4,5,3,5,4,5,5,3,2,5,3,5,1,4,5,5,3,1,3,5,5,5,2,5,5,1,2,1,3,2,1,5,2,5,5,3,5,1,3,3,4,4,1,5,5,5,3,2,5,5,2,5,3,2,5,5,2,4,5,1,4,5,4,5,3,5,5,1,5,5,1,5,4,5,5,5,5,2,5,2,4,5,5,2,5,4,5,5,5,3,5,3,2,4,5,4,5,3,2,5,5,4,1,5,3,5,2,3,2,4,1,5,3,1,3,2,4,1,3,3,5,3,1,4,2,5,4,2,3,5,5,3,1,5,5,3,5,4,1,4,4,3,2,3,5,2,5,1,4,3,3,4,1,5,5,3,5,1,2,3,5,2,2,5,3,5,3,2,3,4,4,1,1,2,5,1,2,3,5,3,4,5,5,5,1,3,4,1,4,5,5,4,1,2,4,5,4,5,2,4,2,2,4,5,5,2,3,1,4,3,3,5,1,5,2,5,3,4,2,5,3,2,1,5,4,5,5,1,5,3,2,5,3,4,5,4,2,1,1,1,5,2,214.0,230.0,213.0,213.0,189.0
73435,female,31,Canada,5,4,4,4,3,4,4,3,5,2,5,3,5,4,4,4,2,4,4,3,5,5,1,2,2,5,4,3,4,4,5,5,3,4,5,4,5,5,5,5,4,1,4,4,5,5,2,5,5,5,5,4,4,4,2,4,4,1,4,4,5,5,4,4,4,5,4,4,5,4,5,3,4,4,5,4,2,2,5,4,5,4,3,5,4,5,5,1,5,4,5,4,4,4,3,4,3,5,5,3,5,3,2,4,5,5,2,4,3,4,4,4,3,4,5,4,3,4,4,1,4,4,2,4,4,3,5,5,5,4,4,2,3,2,2,2,3,2,3,4,5,4,4,5,4,5,2,3,4,2,5,4,4,2,4,3,3,4,5,4,4,2,5,5,4,5,1,2,2,2,4,3,2,5,4,5,1,3,5,2,4,4,2,3,2,2,2,4,4,2,5,2,5,4,5,5,1,2,4,2,4,4,2,5,3,5,3,1,4,2,4,2,4,3,4,2,4,2,5,2,4,2,5,5,3,4,2,2,5,4,4,1,3,4,1,4,4,1,4,4,4,4,2,2,3,2,3,2,5,2,4,2,5,5,5,4,2,4,5,3,2,2,1,5,2,4,4,1,4,2,4,3,2,4,4,4,2,2,5,4,5,4,5,5,5,3,2,2,4,5,4,2,2,4,2,4,2,2,4,2,193.0,215.0,204.0,225.0,233.0
74049,female,50,USA,4,4,5,4,5,2,4,5,4,4,1,5,4,5,4,1,5,4,3,5,2,5,5,4,5,1,4,3,4,3,3,4,5,4,5,2,4,5,4,5,1,4,4,4,5,3,5,5,2,5,2,5,5,1,4,1,5,3,5,4,1,5,4,4,4,1,4,5,5,3,1,5,4,5,5,1,5,5,3,5,2,5,5,4,5,1,5,3,4,4,1,5,3,4,5,1,5,5,5,3,1,5,5,5,5,1,5,5,3,4,1,3,5,3,5,1,3,1,5,5,1,5,3,4,5,1,5,5,1,4,1,5,5,4,5,1,5,3,5,5,3,3,5,4,5,1,5,3,5,5,2,3,5,4,5,4,5,5,5,5,1,4,4,5,3,1,5,5,2,5,1,2,5,3,5,1,4,4,5,3,2,5,4,4,5,2,5,5,4,5,1,5,5,5,5,1,3,5,5,4,4,5,5,2,5,1,5,2,3,5,3,5,5,4,5,1,4,5,5,5,1,5,5,5,5,1,4,3,5,5,4,5,5,2,5,1,5,3,5,1,2,5,4,5,5,2,5,5,1,4,1,4,5,5,5,1,4,5,1,5,4,5,5,4,5,1,5,3,4,3,1,5,5,5,5,4,5,5,5,5,2,4,5,5,5,1,3,4,5,5,4,5,5,3,5,1,5,1,4,1,240.0,243.0,240.0,228.0,186.0
75646,male,16,Ireland,4,4,5,3,3,2,3,5,2,3,4,3,4,5,3,4,3,5,3,2,4,5,5,4,2,1,3,1,4,1,3,4,5,1,2,3,4,5,2,4,4,3,5,5,5,4,5,5,3,4,5,5,5,1,2,2,4,5,5,4,3,3,5,2,3,2,5,5,2,3,5,4,5,5,2,3,4,5,5,5,5,5,4,3,3,4,5,5,5,5,5,4,5,4,1,3,5,4,3,3,4,5,4,5,3,4,4,4,3,3,5,3,5,4,3,5,5,5,5,1,4,5,5,5,4,2,5,5,1,3,3,4,5,5,5,2,3,4,1,3,5,5,5,5,3,5,5,5,5,3,3,2,5,2,3,4,4,5,3,1,3,2,5,5,2,4,2,4,3,5,5,2,4,4,2,2,4,4,5,3,3,4,5,3,2,2,3,4,4,1,5,1,4,3,5,2,2,4,3,2,1,5,5,5,4,3,4,3,5,3,3,3,5,1,4,3,2,5,1,1,5,4,4,4,4,4,2,2,2,3,4,4,4,2,1,2,5,2,5,2,4,5,5,3,4,2,3,3,3,1,3,2,5,4,1,1,2,5,2,1,4,5,5,3,2,3,4,4,3,2,2,2,5,3,4,2,2,4,4,1,3,4,5,4,3,3,3,4,4,4,3,5,4,3,4,3,4,3,5,1,224.0,189.0,218.0,215.0,215.0
76087,female,28,Norway,3,5,3,4,4,4,5,2,3,4,1,5,3,5,5,5,3,4,5,4,4,4,5,1,2,3,5,2,5,3,1,4,1,4,4,4,5,4,4,2,1,4,3,4,5,3,2,5,1,5,3,2,3,1,4,3,5,2,4,2,1,5,3,4,4,4,4,2,3,2,1,5,3,3,4,1,3,4,2,5,1,4,5,4,4,1,5,1,2,4,2,5,2,5,5,1,4,5,2,4,1,4,3,4,5,1,4,3,1,4,3,5,4,2,5,1,4,5,4,4,4,5,1,4,4,4,5,4,4,5,3,4,5,2,4,1,4,2,2,5,4,1,4,2,4,2,5,1,4,3,2,5,4,5,5,4,4,4,5,4,1,1,3,3,5,1,2,3,3,5,1,2,2,1,5,2,5,1,5,5,1,5,1,4,1,2,5,2,2,5,2,5,2,4,5,2,5,4,5,5,2,3,5,1,4,1,5,1,4,4,1,5,2,3,5,3,5,3,5,5,1,5,5,4,5,2,1,4,4,1,2,1,4,1,5,1,5,1,5,5,2,5,4,5,5,3,5,2,4,4,2,5,2,5,5,4,4,4,4,5,4,5,5,2,5,1,5,1,3,5,1,4,2,5,5,2,4,1,5,2,2,5,4,4,5,1,4,2,4,5,3,4,4,1,5,2,4,1,4,4,191.0,223.0,216.0,196.0,186.0
76325,female,48,USA,5,4,3,3,4,3,2,3,4,4,4,3,4,5,4,3,3,4,4,3,5,5,4,2,2,3,3,2,5,4,4,4,5,5,3,2,2,4,3,3,3,2,5,4,5,3,4,5,5,3,5,5,4,5,4,3,4,3,5,4,2,4,3,4,4,2,4,5,4,4,3,3,2,5,4,5,3,4,5,4,4,4,3,4,5,4,4,3,4,2,2,4,3,4,3,3,3,4,4,3,4,3,1,4,4,3,4,4,4,3,5,1,4,4,3,3,4,1,5,1,3,4,3,4,3,2,4,5,4,3,3,2,2,4,4,3,4,4,3,3,5,2,3,5,3,3,4,4,5,4,2,3,3,4,4,3,4,4,5,5,1,2,4,5,5,4,2,4,4,2,4,3,4,5,4,2,4,4,5,2,2,4,2,4,4,2,5,3,5,1,4,3,3,5,5,4,2,4,5,1,2,4,4,5,4,3,4,3,3,2,4,5,4,3,4,2,4,4,5,4,3,2,4,5,5,3,2,2,5,4,4,3,3,3,3,2,3,2,4,2,3,4,4,4,3,2,3,5,5,2,4,1,3,5,5,2,3,4,5,4,5,3,3,5,5,3,3,1,4,2,3,4,4,5,4,3,3,5,5,2,3,3,5,5,5,3,3,3,4,4,5,2,4,5,4,3,5,2,3,2,212.0,205.0,210.0,226.0,212.0
77346,female,40,USA,4,4,3,2,4,3,4,3,1,4,5,4,4,4,4,1,4,3,4,5,2,4,4,3,2,1,2,3,3,4,3,3,4,2,4,2,4,4,4,4,2,4,4,4,4,2,3,4,2,4,4,4,4,3,2,2,4,1,3,2,1,4,4,2,4,2,3,2,4,3,5,3,4,3,1,1,2,4,2,3,5,4,3,4,2,2,2,1,4,2,2,4,2,2,4,4,3,4,4,3,1,3,2,4,4,2,4,3,2,4,4,4,5,4,2,2,4,2,4,2,2,4,2,1,4,3,2,3,2,2,4,4,4,3,4,2,4,4,3,4,3,4,4,4,3,2,4,3,4,2,2,4,4,2,4,3,2,2,4,2,2,5,3,4,3,1,2,2,2,4,2,2,4,2,3,2,4,3,4,2,2,4,4,2,4,3,2,1,4,1,4,4,4,3,4,2,2,3,4,4,4,4,4,2,2,2,4,3,2,2,3,4,4,2,4,2,4,2,4,1,5,5,4,4,5,2,1,2,2,4,4,1,5,2,3,2,4,2,2,2,4,2,2,4,4,2,4,4,1,4,2,4,5,2,1,1,4,3,4,5,5,4,4,3,4,4,4,2,2,3,2,2,4,3,4,4,3,1,5,4,2,5,3,4,4,2,4,4,1,5,5,5,5,2,4,2,5,1,1,1,179.0,193.0,197.0,178.0,181.0
77430,male,19,USA,4,4,5,4,4,1,1,3,5,4,4,4,3,3,4,2,2,4,4,5,1,3,4,5,2,2,2,2,5,5,3,1,2,2,5,2,2,5,4,4,4,2,4,4,5,5,2,2,4,4,4,2,3,4,4,2,2,1,5,5,1,3,2,4,4,2,2,5,5,5,5,5,5,5,4,4,2,2,5,5,4,5,5,1,1,4,2,3,3,5,3,3,4,1,4,3,1,4,5,4,5,5,3,4,5,4,4,2,1,5,1,1,5,5,2,4,4,1,4,5,5,2,1,1,4,1,1,5,2,5,5,5,5,5,5,4,5,1,2,2,4,4,5,5,5,4,3,2,4,4,2,1,5,4,4,2,2,4,5,2,3,3,2,3,4,1,1,2,3,5,2,2,5,5,2,1,4,4,5,3,1,2,4,3,4,1,2,4,4,3,2,2,4,4,5,1,2,4,5,5,1,4,5,5,2,1,2,3,3,3,2,2,5,1,5,2,2,4,4,4,5,1,4,2,5,2,2,2,4,5,2,4,5,1,2,1,5,1,5,1,2,2,5,2,2,1,2,2,5,1,2,2,5,4,5,2,2,2,5,3,2,2,4,5,2,1,3,1,4,4,2,1,5,1,5,1,2,1,5,1,4,2,2,3,5,2,3,2,5,3,2,4,4,5,1,2,5,5,4,1,195.0,190.0,183.0,200.0,191.0
78291,male,19,USA,4,4,5,3,4,4,2,5,5,4,3,5,3,4,4,2,2,4,2,2,4,4,2,2,1,3,2,1,4,3,2,3,4,4,4,2,3,5,4,2,3,5,4,3,4,2,2,5,2,2,4,4,5,2,4,4,4,1,4,3,2,3,4,3,2,4,3,3,2,2,3,4,5,4,2,2,4,5,2,3,2,4,4,1,2,3,4,1,5,2,4,3,3,1,3,3,4,3,4,4,4,4,3,4,4,2,3,3,2,4,1,1,5,1,3,3,4,4,2,5,4,4,4,3,4,4,4,5,2,4,3,4,3,3,5,2,4,1,2,2,3,1,4,2,2,3,3,1,4,5,4,3,4,1,3,4,5,5,4,3,2,5,4,3,4,2,2,4,1,3,4,2,4,4,4,4,2,4,4,5,4,3,5,3,4,4,5,5,3,1,2,4,4,4,5,2,3,2,3,3,1,4,5,2,4,2,5,1,1,4,4,4,5,5,5,4,2,4,5,2,4,5,4,5,2,2,1,2,4,4,2,2,4,1,4,2,5,1,2,5,4,4,2,3,5,2,4,1,2,3,3,5,4,3,4,2,2,4,3,3,1,5,5,1,2,4,5,1,2,4,2,3,5,2,5,4,3,1,4,3,2,5,4,3,4,1,4,2,2,3,3,2,4,2,3,4,5,1,3,2,188.0,192.0,199.0,195.0,188.0
78802,male,26,USA,1,5,5,2,4,1,4,5,3,2,1,4,2,5,3,1,3,5,4,4,2,5,5,2,1,1,5,3,3,4,1,4,5,3,4,1,4,5,2,2,1,4,3,4,4,1,3,5,2,3,1,5,5,3,4,1,5,3,4,4,1,4,5,2,5,1,3,4,4,2,1,5,1,4,4,3,4,5,3,4,2,5,5,1,2,1,5,1,3,2,1,4,5,2,3,1,3,2,4,1,1,4,3,3,4,1,5,5,1,5,2,1,5,3,2,1,5,5,1,4,2,5,4,2,5,1,4,4,2,2,1,4,3,3,4,4,2,5,1,4,4,3,5,2,4,1,5,3,3,4,1,1,5,5,5,1,1,5,4,3,1,5,1,5,3,1,1,3,5,4,2,2,5,2,2,1,5,4,2,2,1,4,5,2,5,1,3,5,3,1,3,4,1,4,4,1,1,2,5,4,1,4,5,2,2,1,5,3,2,4,1,3,5,2,5,2,2,5,5,2,2,5,2,5,4,2,1,4,4,1,1,4,5,1,4,1,5,4,2,2,1,4,5,4,5,1,2,1,4,1,1,5,2,5,5,2,2,5,2,2,5,5,5,5,5,1,5,3,2,4,1,3,5,4,5,4,2,1,4,2,2,5,2,4,3,1,4,5,2,5,5,4,5,3,4,1,5,3,3,2,211.0,171.0,211.0,180.0,157.0
78932,female,17,USA,5,5,4,5,4,2,1,5,5,5,2,4,5,5,4,3,3,5,5,5,2,5,4,2,2,2,4,5,2,3,2,5,5,4,4,2,5,5,4,5,1,3,5,5,5,4,4,5,2,5,4,5,4,2,3,4,5,3,5,4,2,5,5,4,4,2,5,5,3,4,2,4,5,5,4,2,4,5,5,5,4,5,4,5,4,5,5,5,5,4,4,5,5,4,4,1,5,5,3,3,1,4,4,4,4,2,4,5,1,5,4,2,4,2,4,4,5,5,4,2,4,5,4,5,5,2,5,5,2,4,2,4,5,4,4,2,5,2,4,5,4,2,5,3,4,4,5,4,5,2,4,4,5,5,5,4,3,5,5,5,1,4,4,4,2,4,2,4,2,4,2,4,5,1,4,2,5,4,5,2,1,4,5,4,4,2,3,5,5,4,1,4,5,5,5,4,1,5,2,3,2,5,5,1,4,2,5,2,1,2,4,4,4,2,4,4,1,5,5,2,2,4,4,1,4,4,1,1,4,5,2,4,4,3,2,2,5,2,4,1,4,5,4,3,4,2,4,5,5,4,1,2,4,5,5,3,1,5,2,4,2,5,5,4,2,2,5,2,2,2,1,2,4,5,5,4,2,5,5,5,1,4,5,5,5,1,5,3,5,5,4,5,4,4,5,4,5,1,4,1,232.0,219.0,236.0,218.0,200.0
79073,male,16,USA,2,4,4,2,5,5,1,1,5,5,2,5,2,3,4,2,4,3,2,4,1,4,4,2,2,2,3,1,1,5,4,2,2,2,5,4,2,4,4,4,1,4,2,3,4,4,4,4,2,4,1,4,3,2,4,2,4,4,2,4,2,4,2,2,4,4,2,4,2,5,2,4,4,4,5,2,4,4,2,4,2,4,5,1,4,1,2,1,2,4,3,4,4,2,4,3,2,2,2,4,1,4,4,2,4,2,4,4,1,4,2,2,5,2,4,1,3,5,4,5,2,3,4,2,4,4,2,2,2,4,2,5,5,1,3,2,4,2,2,4,4,3,4,2,4,2,4,1,2,5,2,2,4,3,4,4,2,2,3,2,1,5,2,2,3,3,3,2,2,5,2,1,2,1,4,2,4,2,2,4,2,4,3,2,4,4,2,1,2,2,1,4,2,2,4,2,3,2,2,5,2,2,3,2,5,2,4,2,2,4,2,4,4,2,5,4,2,2,2,2,2,4,2,3,4,4,2,2,2,4,2,3,4,2,4,2,4,1,2,3,4,2,4,2,5,1,4,4,2,5,2,4,1,3,4,4,4,2,2,4,2,4,5,2,4,1,4,2,2,4,3,2,4,2,5,3,2,2,2,4,2,4,2,3,4,2,4,2,2,4,2,4,4,3,5,1,4,1,1,4,182.0,200.0,189.0,158.0,157.0
79133,male,23,UK,5,3,5,4,4,4,5,4,4,4,4,3,4,3,4,2,3,3,3,3,4,4,5,2,1,1,2,3,2,3,4,4,5,4,4,4,3,5,4,1,2,2,4,4,4,4,4,4,4,2,3,3,5,4,2,2,4,5,3,4,2,3,5,3,3,2,4,5,3,4,4,3,4,4,2,3,4,5,4,4,4,4,2,1,1,2,4,4,4,4,3,3,5,4,4,3,4,3,3,4,4,3,4,4,4,3,4,4,2,4,4,4,5,4,2,4,4,5,4,2,4,4,4,4,5,3,2,4,2,4,4,4,4,4,4,3,4,2,3,4,4,4,4,2,4,4,4,3,4,3,3,3,4,4,5,3,2,4,4,1,4,2,4,3,3,4,2,3,5,4,5,3,5,2,2,2,4,4,4,1,2,2,5,3,3,3,2,4,3,1,4,4,4,4,4,3,3,4,5,4,4,4,5,2,1,1,4,3,5,2,3,4,5,4,5,2,4,3,5,3,4,4,4,4,4,2,2,2,4,5,4,2,5,1,2,2,3,4,4,2,4,4,5,3,4,2,4,4,4,1,3,4,4,5,4,2,2,5,4,3,1,3,5,4,2,1,3,3,3,2,2,4,5,2,5,4,3,2,5,4,3,4,4,4,5,2,4,5,4,4,4,5,5,4,2,2,4,5,2,1,227.0,190.0,205.0,200.0,211.0
79285,male,21,USA,4,1,5,4,3,1,2,2,4,5,4,1,3,4,5,2,1,2,4,3,1,3,5,5,1,3,4,4,3,5,4,2,5,4,3,1,1,3,5,4,5,2,4,4,4,5,2,3,5,3,5,3,5,1,3,3,3,1,4,4,5,2,5,4,3,1,2,4,3,5,4,4,3,5,4,5,1,5,5,3,4,2,5,4,1,4,5,4,5,3,3,2,5,4,1,1,2,5,5,4,4,1,5,5,4,5,4,5,3,2,4,2,5,5,1,5,4,1,4,3,5,4,4,4,4,1,2,4,1,2,4,2,5,4,3,5,2,2,4,5,1,2,5,2,2,4,5,2,2,4,2,1,5,4,4,1,1,5,4,2,2,1,2,4,4,4,1,1,4,5,3,2,5,2,1,2,4,2,5,2,2,1,4,4,2,1,1,5,5,1,5,1,4,4,2,5,1,2,5,4,5,4,5,2,2,2,2,2,4,2,4,2,3,2,3,1,2,5,3,3,4,5,3,4,4,5,1,2,5,1,4,1,5,2,1,2,4,2,2,5,1,4,5,4,2,2,2,3,5,2,4,1,4,4,5,4,2,5,4,1,4,1,5,5,1,2,5,2,4,3,2,1,5,1,4,1,1,4,5,4,4,1,4,2,3,4,2,2,3,1,2,2,5,5,1,2,2,4,5,2,200.0,173.0,172.0,194.0,210.0
79923,male,38,Canada,4,4,5,4,3,4,3,2,5,5,4,4,5,4,4,4,4,4,4,4,3,5,3,2,3,2,4,2,3,3,4,4,3,3,3,4,4,4,4,5,2,4,4,3,5,4,5,5,5,4,4,5,4,1,4,4,4,1,2,1,2,4,3,4,4,4,4,5,4,5,4,4,5,3,4,1,5,4,5,3,5,5,5,2,4,3,3,3,4,4,4,2,4,4,4,3,4,2,4,5,2,3,3,3,5,4,3,4,3,5,4,2,2,2,5,3,2,3,3,2,4,4,4,3,3,3,3,5,4,5,3,2,4,4,4,2,5,1,2,4,5,5,4,2,4,3,4,1,3,2,4,5,4,2,4,4,4,3,5,2,4,4,4,2,4,4,2,2,1,5,3,3,2,2,5,4,2,4,4,1,2,3,4,4,2,4,2,2,5,5,4,4,4,4,5,4,4,4,4,3,2,1,1,2,3,3,5,2,1,1,4,4,4,2,4,4,4,4,4,4,2,4,4,4,4,2,4,2,5,2,2,5,3,2,3,2,4,4,2,1,4,3,4,3,5,2,5,5,5,3,2,4,4,4,4,2,3,4,3,4,4,5,2,2,2,4,4,2,4,2,2,4,5,5,2,4,1,4,5,4,2,1,4,4,5,2,5,1,2,5,4,2,3,2,2,4,4,1,3,1,198.0,210.0,207.0,206.0,203.0
80065,male,19,USA,5,2,5,5,4,1,1,5,3,2,5,1,4,4,2,4,2,5,4,1,1,4,4,1,1,5,2,5,5,2,5,5,5,5,3,2,1,5,2,1,4,4,4,2,3,5,3,3,4,2,5,5,3,1,2,2,4,5,5,4,3,3,5,4,2,2,4,5,2,2,5,2,3,4,3,4,3,5,4,4,5,4,4,1,1,4,4,5,4,2,4,3,5,5,2,5,3,3,4,1,4,3,5,4,4,1,3,4,2,2,4,3,4,1,2,5,4,5,4,2,5,4,5,5,3,1,4,4,2,1,5,2,5,3,4,2,3,4,1,2,2,5,5,4,1,4,4,5,5,4,5,2,4,3,2,3,2,5,4,2,4,3,4,5,1,2,2,5,2,2,4,4,4,4,1,2,3,5,5,2,2,4,5,5,4,1,2,5,4,5,4,3,4,4,4,5,2,5,5,3,5,4,4,4,1,3,5,4,5,3,4,4,5,4,4,2,2,5,4,2,5,3,4,3,3,4,2,3,4,1,3,4,5,3,2,3,5,5,4,2,4,4,4,4,5,2,2,4,4,1,3,5,5,5,2,4,2,1,4,2,2,3,4,3,1,3,5,4,4,4,1,5,5,5,4,4,4,4,4,1,4,5,5,4,2,1,3,5,4,3,4,5,3,2,2,2,5,3,4,2,229.0,175.0,203.0,198.0,221.0
80167,female,19,USA,4,1,5,1,4,4,1,5,5,5,5,1,5,3,4,2,1,4,1,2,1,4,5,5,4,4,2,3,3,4,4,4,4,1,2,4,1,5,2,5,5,1,2,2,1,2,2,1,2,4,5,1,4,5,1,4,1,5,1,4,1,1,4,1,3,5,1,5,2,1,5,5,3,3,2,5,1,5,4,1,5,2,5,4,2,4,1,5,5,2,5,2,5,2,3,4,1,1,5,5,5,1,1,1,2,5,1,3,1,4,4,1,5,1,4,2,1,5,1,2,5,4,2,1,4,5,1,5,1,2,5,4,4,1,2,3,4,5,2,4,2,5,5,5,2,5,1,3,1,2,4,1,5,1,4,5,1,5,2,5,4,2,5,5,1,2,2,1,1,4,4,4,5,5,5,4,1,5,4,1,2,1,3,1,5,5,1,5,4,5,4,2,5,1,1,5,1,1,1,4,5,5,5,5,2,2,3,5,3,4,3,1,5,1,5,4,1,5,1,5,5,2,4,1,5,2,2,5,2,1,5,4,5,1,2,2,1,5,1,1,2,2,4,1,3,1,1,2,1,5,5,1,5,1,2,2,2,5,2,4,1,5,5,5,5,4,2,5,1,1,2,1,5,3,5,2,1,5,2,5,5,5,3,2,5,1,5,5,1,5,1,5,5,5,2,1,2,5,1,1,211.0,183.0,144.0,166.0,212.0
80946,male,28,India,5,5,5,3,4,3,1,5,4,5,2,2,3,5,4,2,3,4,4,1,1,1,5,4,5,2,5,5,5,4,4,3,5,2,3,4,1,5,5,5,4,5,5,4,1,5,4,5,5,4,5,5,5,3,3,4,5,5,5,5,1,1,5,4,4,2,5,5,3,5,2,3,3,3,4,4,2,5,5,1,1,5,3,2,3,4,2,4,5,3,1,5,3,5,5,1,2,5,4,5,2,5,5,5,3,4,4,5,4,3,3,2,5,5,5,1,5,3,5,5,5,5,5,5,4,4,3,5,1,4,3,4,5,5,5,5,3,4,5,1,4,1,5,1,4,5,5,5,5,5,2,5,5,5,5,2,1,5,5,5,5,5,5,1,5,2,1,5,5,5,2,2,4,2,4,2,5,5,5,5,1,3,5,4,4,4,1,5,5,5,1,1,4,5,4,1,1,5,5,1,1,5,5,1,3,1,4,1,3,4,2,5,5,4,4,2,5,5,4,5,3,2,4,5,5,4,1,1,5,5,1,1,3,2,3,1,5,1,5,5,3,4,2,4,5,1,3,5,5,4,1,2,4,4,5,3,1,1,3,2,1,1,5,3,4,2,5,3,1,4,2,1,4,5,4,1,1,5,5,5,1,1,5,5,5,1,2,2,4,4,4,2,4,5,2,3,4,2,3,4,236.0,211.0,201.0,230.0,186.0
81105,male,25,Finland,4,4,5,1,5,3,3,2,4,5,2,5,2,3,5,3,4,2,2,4,4,4,4,2,4,2,3,2,1,5,4,3,4,1,3,3,3,4,5,3,2,4,1,2,5,4,4,4,3,5,2,4,4,2,4,2,4,5,1,4,2,4,3,2,4,3,4,1,2,3,3,4,4,1,5,3,4,4,2,4,2,3,3,1,4,2,2,1,2,4,2,3,3,2,4,2,3,2,1,3,2,4,4,1,4,2,2,4,3,4,3,3,4,3,4,2,3,5,1,4,2,3,3,1,3,3,3,3,2,5,3,4,4,2,4,3,4,3,3,3,4,4,4,2,4,3,2,2,1,2,3,2,3,2,4,3,3,2,2,2,2,5,2,2,2,3,3,3,2,5,3,3,3,2,4,2,2,2,2,3,3,4,4,1,4,2,3,2,2,3,3,4,2,2,5,2,3,3,2,5,2,4,5,2,3,2,4,2,1,2,3,4,4,2,4,3,3,2,4,3,2,4,2,3,3,3,2,3,2,4,2,3,4,2,4,3,4,1,4,3,2,2,3,4,3,2,3,3,1,3,2,3,3,2,4,3,4,4,4,4,1,4,4,2,4,2,3,1,2,4,2,2,4,2,5,3,3,3,3,3,2,4,2,2,4,2,4,2,3,5,3,4,4,2,4,2,4,2,1,4,176.0,202.0,198.0,153.0,164.0
82071,female,28,USA,5,3,5,3,5,2,4,4,3,4,3,2,3,3,4,2,3,4,2,5,3,4,4,3,4,3,3,3,4,4,5,3,2,2,4,3,3,4,4,3,2,2,5,4,5,2,4,5,2,4,3,4,4,3,4,5,4,5,4,4,5,5,2,2,5,3,4,5,4,3,2,3,3,2,5,4,4,4,4,5,1,4,4,3,4,2,2,4,5,4,4,4,2,3,5,3,3,4,2,5,1,4,4,3,4,3,4,4,2,3,3,1,5,3,4,5,3,5,4,5,4,2,2,2,4,3,2,5,3,4,5,4,4,3,2,3,4,2,3,4,3,3,3,3,4,3,5,5,4,4,4,2,4,2,5,4,3,3,5,2,1,4,3,3,4,3,4,3,2,5,3,1,5,2,4,5,3,4,3,3,4,4,2,3,4,2,4,3,2,2,2,3,3,4,5,2,4,3,5,5,4,2,5,2,4,1,3,4,5,4,5,4,4,2,4,4,2,2,3,3,3,2,4,3,3,3,3,4,4,2,3,1,5,2,4,3,3,3,3,4,4,5,2,2,4,3,2,2,3,4,3,3,5,4,4,3,4,3,4,4,4,2,5,4,4,2,2,2,3,5,2,2,4,4,5,4,3,2,2,2,2,3,3,2,3,3,5,5,3,4,3,2,5,4,3,4,2,5,2,5,219.0,214.0,199.0,192.0,195.0
84403,male,28,Canada,2,5,5,4,5,3,4,3,3,2,3,5,2,4,3,1,3,5,3,4,2,4,5,3,4,1,4,3,2,4,1,4,3,4,5,4,5,4,3,3,1,5,4,4,4,2,5,5,2,4,1,5,4,2,3,1,5,4,3,3,1,5,5,3,4,3,5,3,3,3,1,4,4,4,5,1,4,5,4,4,2,5,4,2,3,1,5,2,3,4,1,5,4,4,4,1,4,3,3,2,1,5,4,3,4,1,5,5,1,4,3,4,5,3,4,1,5,4,2,4,2,5,2,4,5,4,4,5,1,3,3,5,4,4,5,3,5,4,3,2,4,3,4,2,5,1,5,2,4,5,1,4,4,4,5,3,4,3,4,5,1,5,5,3,3,3,2,5,3,5,4,2,3,1,4,1,5,2,3,3,2,5,3,4,5,3,4,1,2,5,1,5,1,3,4,2,3,5,3,4,2,5,3,1,4,1,4,3,3,3,2,3,5,4,5,3,4,2,3,5,3,5,4,4,5,2,2,3,5,5,2,4,5,2,5,1,4,2,3,3,2,4,4,3,5,2,5,5,4,4,1,4,2,4,4,3,4,3,2,2,4,4,5,3,3,4,5,2,2,5,1,4,5,5,5,3,4,2,4,4,1,5,3,4,5,1,5,3,3,4,2,3,5,2,5,1,1,2,1,2,221.0,210.0,228.0,188.0,164.0
86135,female,32,Mexico,4,4,4,2,4,5,1,4,4,3,4,4,5,4,3,1,4,5,1,5,2,5,4,4,4,3,3,3,4,5,2,3,5,4,4,5,4,4,2,3,2,3,4,4,4,3,4,4,1,4,5,5,4,4,3,4,3,4,3,4,1,2,5,3,3,4,5,5,5,2,3,3,5,4,3,4,4,3,1,3,2,4,5,2,3,3,4,4,3,4,4,2,5,3,5,4,1,5,4,2,1,3,5,4,5,2,2,3,1,5,3,1,4,4,2,4,4,1,5,2,3,3,3,4,5,5,3,5,2,3,5,4,5,3,5,5,5,3,1,4,2,5,5,1,5,5,4,3,5,1,4,1,5,4,4,5,2,5,5,4,4,3,5,3,2,4,2,4,2,5,3,4,4,1,2,5,3,5,4,3,4,4,5,2,4,5,1,3,2,4,2,2,5,5,4,5,2,4,4,4,4,4,1,1,2,2,2,5,5,1,5,2,5,3,4,5,1,4,2,5,4,1,1,4,5,5,2,4,3,4,4,2,3,2,3,2,4,3,5,2,4,5,5,4,4,2,1,4,5,5,2,5,5,5,5,4,4,4,2,4,4,4,2,5,2,4,3,3,4,2,3,2,5,5,4,2,2,1,5,4,2,2,4,5,5,2,2,4,3,4,3,1,2,5,4,3,5,3,3,2,223.0,208.0,195.0,207.0,206.0
87358,male,28,USA,4,2,5,2,5,2,1,5,5,5,4,4,5,4,5,4,4,2,4,4,2,2,4,4,4,4,2,2,4,5,4,2,4,2,5,2,1,5,4,5,2,4,5,5,4,2,4,4,4,5,2,2,1,2,4,4,2,2,1,5,2,2,5,3,4,4,2,5,4,4,4,2,2,5,5,4,5,5,4,4,2,3,5,2,4,3,4,4,4,4,4,2,5,2,2,4,2,4,4,5,2,2,4,4,4,2,5,4,4,4,2,1,5,4,4,1,2,1,4,5,4,4,4,2,5,2,2,5,4,4,4,2,5,4,4,4,4,2,5,5,4,2,5,4,4,4,2,2,5,4,4,1,5,2,5,2,2,5,5,4,4,4,5,4,5,2,3,2,5,5,2,1,4,3,4,4,2,4,5,3,4,2,5,2,2,4,3,5,4,4,2,2,5,5,4,4,2,2,5,4,3,3,4,3,4,1,3,2,5,4,4,2,5,2,5,2,2,5,4,4,4,3,5,4,5,4,2,2,5,4,2,1,5,1,4,3,4,4,4,4,4,4,4,2,5,4,2,5,5,2,3,2,4,5,5,4,4,4,5,5,5,4,4,5,4,3,5,2,5,5,4,1,5,4,5,2,2,4,5,4,3,4,5,4,4,2,3,2,3,5,4,3,2,5,4,4,2,2,4,4,229.0,225.0,188.0,218.0,204.0
88248,male,23,USA,4,2,5,4,3,3,2,4,5,4,2,4,4,4,5,3,3,3,4,2,2,2,4,3,2,2,3,5,2,4,2,2,5,4,4,4,2,5,4,2,1,4,3,2,4,3,2,3,5,4,4,2,4,2,4,3,4,5,4,4,1,2,5,4,4,2,4,4,5,4,2,3,3,4,2,5,5,5,5,4,3,3,5,1,2,2,4,4,5,2,4,3,5,3,3,1,4,3,4,4,2,2,3,4,4,1,4,5,2,4,2,3,4,3,2,3,4,5,3,3,4,4,5,4,4,3,2,4,2,4,4,4,5,3,4,4,2,2,3,5,3,2,5,2,3,4,5,5,2,3,2,4,5,4,3,4,2,5,5,2,2,2,3,4,3,3,1,3,5,3,3,3,4,3,3,4,5,5,5,2,2,3,5,4,3,3,2,4,5,1,4,2,4,2,4,4,2,3,5,4,3,2,2,3,2,2,5,3,4,3,3,2,5,4,3,2,1,3,4,2,2,4,4,4,4,5,2,1,2,2,2,1,5,2,2,2,5,4,2,3,1,4,5,4,3,3,2,3,4,1,2,4,4,4,4,5,1,4,5,4,4,4,4,3,2,2,5,4,3,3,4,3,5,5,4,4,1,2,5,4,3,4,5,4,4,3,2,2,2,4,4,4,4,4,2,4,2,4,5,3,222.0,186.0,189.0,212.0,189.0
88342,female,29,USA,2,4,4,5,5,2,4,4,4,4,2,5,3,4,5,2,3,4,4,5,3,4,5,3,2,2,4,3,4,4,2,4,3,4,5,2,2,5,5,2,1,5,5,4,5,2,4,5,5,5,1,4,4,4,4,2,4,1,4,5,1,4,3,4,4,2,4,4,5,4,1,4,5,5,2,4,4,5,5,4,2,4,5,4,4,2,4,2,4,3,2,4,3,4,4,1,3,4,5,4,2,3,2,5,4,3,4,4,4,4,1,2,4,1,3,3,4,1,3,4,1,4,2,4,4,1,5,5,3,4,2,4,4,4,5,4,4,3,3,4,4,2,4,4,4,2,5,3,3,5,2,4,5,4,4,2,4,5,5,4,1,4,2,4,4,4,2,4,4,4,2,2,4,2,4,2,4,3,4,2,2,4,2,4,4,1,4,5,5,1,3,3,2,4,5,4,2,4,5,4,2,4,4,2,2,2,5,2,2,4,4,5,5,4,4,2,3,4,4,1,1,2,4,4,5,2,2,2,5,4,2,1,4,2,4,2,4,2,4,4,2,4,2,4,4,2,4,4,5,2,2,2,4,4,5,4,2,4,4,4,3,4,4,5,4,2,4,2,4,5,2,4,5,4,4,2,3,4,5,3,3,4,4,4,5,2,2,4,4,4,2,3,4,4,4,2,5,1,3,4,209.0,216.0,219.0,211.0,174.0
88727,female,20,USA,4,5,2,4,4,1,4,4,4,4,1,4,4,4,4,2,2,2,4,4,1,4,4,2,3,2,4,2,4,4,2,4,2,4,4,1,4,5,4,4,1,4,4,4,4,2,2,2,2,4,2,2,4,3,4,3,5,2,4,4,2,4,2,4,4,1,4,4,5,4,1,4,3,4,2,2,2,4,4,4,2,3,3,2,3,2,4,4,3,4,2,4,3,4,3,2,3,3,4,5,1,4,5,4,4,2,4,3,2,4,1,4,4,1,4,3,4,4,4,4,3,4,2,4,4,1,3,4,3,4,2,4,5,4,3,3,3,2,3,4,3,2,4,3,4,2,5,2,4,4,2,4,4,4,4,2,4,4,4,4,2,4,2,4,4,2,2,2,3,3,2,4,2,2,4,2,4,3,4,2,2,4,2,4,4,2,4,2,3,4,2,4,2,4,4,2,2,2,4,2,2,3,3,2,4,3,5,3,4,4,3,4,2,4,4,2,3,2,4,4,2,5,3,3,4,4,2,2,3,4,2,2,2,2,3,2,5,3,4,2,2,5,3,3,4,2,3,4,3,2,2,4,4,5,4,4,2,4,3,4,2,2,3,2,3,2,4,2,3,4,4,4,3,5,4,2,4,3,4,3,2,5,4,4,4,2,3,2,4,4,3,4,3,2,2,2,5,2,3,2,194.0,198.0,207.0,190.0,163.0
89150,female,46,Thailand,5,3,3,4,5,5,3,4,5,5,3,5,5,4,3,2,5,4,2,5,2,5,5,3,5,4,3,4,3,4,4,3,3,4,4,4,3,4,3,4,1,4,4,4,4,4,4,5,2,5,4,4,4,2,4,3,4,3,3,3,2,4,2,2,4,5,4,3,4,4,2,4,4,4,5,2,4,4,4,4,2,5,3,1,4,2,4,3,3,3,4,4,3,4,4,3,3,4,4,3,1,4,4,4,4,2,4,4,2,5,2,3,4,3,4,2,3,4,3,3,4,3,2,4,4,4,3,5,2,4,4,5,4,3,4,4,4,3,2,5,3,1,4,2,5,4,4,4,4,3,4,4,3,2,4,4,3,4,5,4,2,5,5,5,3,2,4,5,4,5,2,2,4,2,5,4,3,4,3,4,5,4,2,4,4,4,4,4,4,5,2,4,4,4,5,2,5,4,4,4,3,4,4,2,3,2,3,2,4,3,4,4,4,4,4,4,4,5,5,5,4,4,4,4,5,3,4,4,4,5,2,2,4,2,5,3,3,3,3,4,4,4,3,3,4,3,4,4,5,4,1,4,4,4,5,3,5,5,3,5,1,1,5,4,5,2,3,2,2,4,2,4,4,4,4,5,3,5,4,5,2,5,4,4,4,1,5,4,4,5,3,2,4,3,5,5,4,2,2,5,224.0,233.0,218.0,203.0,208.0
89175,female,18,USA,2,4,5,4,4,2,3,5,5,3,1,5,5,4,5,2,2,4,4,3,5,4,2,3,2,1,5,2,4,3,1,5,5,5,4,4,3,5,4,4,3,3,5,5,4,4,3,2,2,4,5,2,4,3,2,1,5,1,5,5,1,5,5,5,4,2,5,5,4,4,1,4,4,5,5,1,2,5,3,3,1,2,5,2,2,1,5,4,5,4,1,4,5,5,5,1,4,5,4,2,3,3,5,5,5,2,4,4,5,5,5,2,4,4,1,2,4,1,4,4,2,4,5,5,4,1,4,5,4,3,1,4,5,5,5,2,2,2,4,4,5,2,5,5,4,3,5,4,5,4,1,4,5,5,4,1,3,5,5,2,2,4,5,5,5,2,2,4,5,5,5,4,5,4,3,2,5,4,5,4,2,4,5,5,4,2,3,5,4,1,1,4,4,5,4,2,1,4,5,4,2,2,5,2,2,2,5,3,5,4,3,5,5,5,4,1,4,5,4,1,1,4,4,4,5,2,2,2,5,4,2,1,4,2,3,2,5,3,5,2,4,5,1,5,5,2,4,3,5,4,2,3,4,5,5,2,2,4,5,4,2,4,5,4,3,2,5,2,5,4,2,4,5,5,4,2,2,5,5,2,2,4,5,5,5,2,3,2,5,4,2,5,5,3,2,2,5,1,5,2,230.0,209.0,224.0,218.0,185.0
91834,female,20,Canada,5,2,5,4,2,3,1,1,1,5,4,2,4,5,5,1,2,5,4,3,4,5,2,2,2,5,2,3,4,5,5,4,5,5,4,5,1,5,5,2,2,4,5,4,3,5,2,5,5,3,4,5,1,2,2,5,2,5,4,5,4,2,4,4,3,5,5,5,4,5,5,3,4,5,3,5,2,4,5,2,4,5,2,5,2,4,3,4,5,4,5,2,2,5,2,3,5,4,4,5,4,4,2,5,5,5,2,4,5,2,2,5,2,5,2,5,1,5,5,2,5,3,2,5,4,1,5,5,2,2,5,2,5,2,5,5,4,1,5,2,2,4,2,2,2,4,2,3,4,4,5,2,2,1,4,4,3,4,5,2,5,2,5,5,5,5,1,1,5,5,2,1,5,4,1,4,2,5,5,2,5,1,5,5,1,2,3,1,5,5,1,1,5,4,3,5,1,1,5,5,5,5,2,4,1,5,2,1,5,1,5,4,5,5,2,4,5,1,5,1,5,1,5,5,5,1,1,1,5,4,2,3,2,4,1,4,4,1,3,5,5,2,5,4,2,4,5,5,5,1,4,1,5,2,4,5,2,1,5,1,4,4,1,5,1,2,4,1,4,5,4,2,5,5,5,1,2,1,5,5,2,1,4,4,5,4,5,1,4,2,5,5,1,5,1,4,5,5,1,1,197.0,202.0,202.0,211.0,220.0
96548,male,26,USA,4,4,4,3,3,4,3,4,4,3,3,3,3,4,4,2,3,4,4,4,2,5,4,3,2,4,3,3,3,3,4,4,4,3,4,4,4,5,4,4,2,4,4,4,4,4,3,5,5,5,4,5,3,4,4,3,4,4,4,4,3,4,3,4,4,2,4,4,3,3,3,4,3,4,2,3,3,3,4,3,3,4,3,4,3,3,3,2,3,2,4,4,3,3,3,2,3,3,4,4,2,3,3,4,4,3,3,4,3,3,2,3,3,4,3,4,3,3,3,2,4,4,3,3,3,4,3,4,3,4,3,3,4,4,4,3,3,2,3,4,3,3,3,2,4,2,4,4,3,3,2,4,4,4,4,4,4,4,4,2,3,2,2,4,4,2,2,2,2,5,2,3,4,2,2,2,4,5,2,3,4,4,3,4,3,4,4,3,4,4,4,4,4,3,4,2,2,2,5,2,3,4,4,2,2,3,4,3,2,3,3,4,4,4,3,3,4,4,4,4,3,4,2,5,4,2,2,2,4,5,2,3,4,3,2,2,5,4,4,3,5,4,3,3,3,2,4,1,4,3,2,3,3,4,3,2,2,5,2,4,4,5,4,4,2,3,4,3,3,3,3,3,4,4,4,3,3,2,4,3,3,2,4,4,4,2,2,4,4,4,3,5,3,4,2,2,5,1,4,2,200.0,187.0,201.0,209.0,202.0
96942,female,24,USA,5,2,5,2,3,5,4,4,3,4,5,3,4,3,2,4,3,4,2,3,4,4,3,2,3,4,2,2,5,2,4,2,5,2,2,4,2,4,2,4,4,2,3,3,2,4,5,5,4,3,5,4,2,4,2,4,4,4,4,2,4,2,5,2,2,4,4,4,4,3,4,4,4,4,2,4,2,4,3,2,5,4,3,4,1,4,3,2,3,3,4,2,4,3,2,4,3,3,2,4,4,3,2,4,2,4,2,3,2,2,4,4,2,3,2,4,3,3,3,3,4,2,4,3,2,4,3,4,2,2,5,3,4,2,3,4,4,3,3,2,4,4,4,3,2,4,3,2,3,2,5,3,4,1,2,5,3,4,2,2,4,2,5,4,2,3,3,3,3,3,5,5,4,3,2,4,2,4,4,2,4,2,5,1,2,5,2,4,3,2,5,2,5,3,3,5,2,3,2,3,5,4,4,2,2,4,4,3,3,2,4,3,5,2,3,4,4,4,4,2,5,3,4,3,3,5,2,2,3,2,3,2,4,3,2,4,4,3,4,2,5,4,2,2,2,4,4,4,4,5,5,1,5,3,3,4,5,4,2,2,5,5,4,4,1,4,4,2,4,2,4,2,4,3,2,4,3,4,3,4,4,3,3,3,3,4,3,4,2,2,4,4,3,2,2,4,4,1,2,1,189.0,182.0,191.0,191.0,220.0
97403,female,35,USA,4,5,4,2,5,4,5,4,1,3,4,3,5,5,4,2,5,5,2,3,2,5,3,1,2,2,3,4,2,5,2,4,5,3,3,4,5,5,3,3,1,4,4,4,3,5,5,5,2,5,4,5,3,1,4,2,5,5,3,4,1,5,4,2,4,4,2,4,1,5,4,3,4,4,5,1,5,5,3,4,2,5,5,1,4,2,5,2,5,4,3,5,5,3,4,2,4,5,3,2,1,4,5,5,4,2,5,5,2,4,5,5,4,2,4,2,5,5,5,4,4,5,5,4,4,2,5,5,1,4,2,4,5,5,5,2,4,3,4,4,5,3,5,2,4,3,3,5,5,4,2,3,4,5,5,4,2,5,4,5,2,5,4,5,3,1,2,4,2,5,4,5,4,1,4,1,5,4,5,2,2,1,4,3,4,4,4,4,5,5,1,5,3,5,4,1,2,4,4,5,3,5,4,1,4,1,5,4,2,4,3,5,5,2,4,4,5,5,4,4,2,5,4,5,4,1,2,4,5,5,2,4,4,2,4,2,5,2,3,1,2,4,4,2,5,1,5,5,5,2,1,5,4,5,5,1,2,5,2,4,4,5,5,2,4,4,5,2,3,2,1,2,4,4,4,3,3,5,5,2,1,5,4,5,3,1,4,5,5,4,5,5,5,1,4,1,5,1,1,1,234.0,212.0,233.0,193.0,199.0
99052,male,21,USA,4,3,5,2,4,2,1,5,2,3,5,4,5,3,3,3,4,5,2,4,3,4,5,3,2,1,1,5,3,4,4,4,5,3,3,4,4,5,3,4,4,3,5,4,5,3,4,5,2,3,4,5,4,2,4,2,3,5,4,5,1,2,5,3,4,2,4,5,4,3,5,5,4,4,3,3,3,5,5,4,3,5,5,4,3,1,2,2,5,3,2,3,5,3,4,4,3,3,3,3,4,4,4,4,4,4,5,4,2,3,3,2,5,4,3,2,3,5,4,2,3,4,4,4,4,3,2,5,1,3,5,4,5,3,3,4,5,3,3,3,4,4,5,4,3,4,4,5,4,2,2,2,5,3,4,3,3,5,4,3,3,4,3,4,3,3,1,5,3,4,2,2,3,4,4,1,3,5,4,2,3,3,2,2,4,5,3,5,5,5,3,3,4,5,5,3,2,4,5,3,2,5,5,5,3,1,4,4,3,5,1,4,5,2,4,2,2,5,5,3,5,3,4,5,4,4,2,4,3,3,4,4,5,1,3,1,4,1,3,3,4,5,4,3,3,1,3,5,4,2,4,2,1,5,5,3,2,5,2,3,2,4,5,5,4,2,4,2,2,2,2,2,5,3,5,4,3,5,5,2,4,2,4,4,5,2,4,4,4,4,2,3,5,4,4,1,3,2,4,2,233.0,202.0,207.0,199.0,203.0
99573,male,17,Italy,2,2,5,4,4,3,1,4,1,1,2,2,5,5,1,1,2,4,2,4,1,4,4,4,3,1,4,5,5,4,1,3,5,4,4,2,1,4,1,1,1,4,5,3,5,2,4,4,1,2,2,3,5,2,4,1,5,1,3,4,1,2,5,4,4,2,2,5,3,4,2,4,5,5,2,4,4,2,3,4,1,3,5,1,1,1,5,1,5,4,5,2,5,2,5,2,4,4,2,1,1,4,5,4,5,3,5,4,2,2,3,1,5,2,1,1,5,2,3,4,2,5,5,4,4,4,2,5,1,4,3,4,5,4,5,5,4,2,2,3,2,3,5,2,4,4,5,5,4,3,4,2,5,4,4,2,2,4,3,2,1,4,4,2,1,2,1,3,5,3,4,1,5,1,1,1,5,3,3,3,1,2,5,3,4,1,2,3,3,1,3,2,4,4,5,1,1,5,5,4,4,4,5,1,2,2,2,5,1,3,2,2,5,4,5,2,1,4,3,2,2,4,4,5,2,4,1,4,5,4,4,1,5,1,2,2,4,1,5,5,2,4,5,2,5,2,1,2,4,2,1,3,4,5,3,5,1,4,2,1,4,3,5,2,1,3,5,1,4,4,3,2,5,3,5,1,1,1,5,1,1,1,5,4,4,2,3,5,5,1,5,3,5,4,4,1,5,5,4,3,208.0,173.0,184.0,191.0,174.0
99688,female,26,USA,5,5,5,5,5,5,5,5,4,4,2,4,5,5,5,4,5,5,1,5,1,5,4,5,4,5,5,1,4,1,5,5,5,5,5,4,5,5,4,1,1,5,5,5,5,2,5,5,5,5,5,5,5,1,4,4,5,5,5,4,4,4,5,4,5,4,4,5,5,5,2,4,5,5,5,2,5,5,5,4,2,4,5,1,5,1,5,2,5,4,4,5,5,5,5,2,5,4,5,2,1,4,5,4,5,1,5,5,2,4,1,4,5,1,4,5,4,1,4,2,2,5,5,5,5,4,5,5,2,4,4,5,5,4,5,2,5,4,2,1,2,2,5,4,4,4,5,1,4,4,5,5,5,5,5,4,4,5,5,4,1,4,5,5,4,1,4,5,2,5,2,2,5,1,4,2,5,5,4,2,2,4,5,4,5,4,4,5,4,5,2,4,5,5,5,2,2,5,4,5,4,1,5,1,5,1,5,2,2,2,5,4,5,4,5,4,4,5,5,5,2,5,5,5,4,2,4,4,5,5,5,1,5,1,4,1,5,1,4,4,5,4,5,2,5,2,5,5,5,4,2,4,5,5,4,4,5,5,5,5,1,4,5,2,5,1,5,2,1,4,1,4,5,5,5,4,4,5,5,4,1,5,5,4,4,1,5,5,5,5,5,5,5,2,4,4,5,1,5,2,246.0,239.0,246.0,228.0,217.0
99801,female,28,USA,4,2,5,2,4,3,1,4,4,3,5,4,5,5,5,5,3,3,3,2,4,3,2,2,1,4,2,1,2,4,4,2,5,4,3,4,1,5,4,4,4,3,5,5,4,5,3,3,5,4,5,3,2,2,1,4,4,1,5,3,5,3,5,3,4,4,3,3,2,4,4,4,3,5,4,4,2,4,5,3,4,3,5,1,1,5,4,3,4,3,4,3,5,4,2,3,3,4,1,3,4,3,5,5,2,4,4,2,3,2,4,1,4,4,1,5,2,5,4,3,5,4,5,3,3,2,1,4,2,2,5,2,5,4,2,5,3,1,3,3,3,1,5,1,3,5,2,2,5,3,5,2,5,2,3,3,3,4,4,3,5,3,3,3,5,2,2,1,5,3,3,1,4,3,2,2,2,3,4,4,4,2,5,3,2,3,2,2,3,2,4,2,4,4,2,5,4,2,5,3,4,2,5,2,2,3,3,2,3,4,5,2,5,2,3,4,1,4,3,3,5,4,5,5,4,4,1,1,5,3,3,1,5,1,3,5,4,3,3,5,4,4,5,2,2,1,2,3,2,3,5,1,4,4,5,5,3,2,3,2,2,4,5,5,2,4,2,3,3,2,4,2,5,4,4,4,2,1,4,4,3,2,4,5,2,5,2,2,3,3,3,4,5,2,1,2,4,1,4,2,193.0,177.0,183.0,201.0,226.0
100566,female,19,USA,4,4,5,3,4,4,4,5,5,5,4,4,4,5,4,2,4,2,4,4,3,5,5,1,2,2,3,3,4,3,3,5,4,3,4,4,5,5,4,5,4,4,4,4,5,4,4,5,5,5,4,5,5,4,3,3,5,4,4,4,2,5,4,3,4,4,5,4,3,4,3,3,3,4,4,2,5,5,4,4,4,5,5,4,4,3,4,3,4,4,3,5,5,4,3,2,3,4,3,5,2,1,1,4,4,2,5,5,1,4,4,5,5,3,3,3,4,3,2,4,2,5,2,4,4,4,5,5,2,3,2,4,3,5,4,1,2,3,5,3,2,2,4,5,4,2,4,3,5,4,3,4,4,4,4,4,4,5,4,5,1,4,2,5,4,1,3,4,4,4,2,2,5,5,4,2,4,5,5,4,2,5,5,4,4,4,5,5,5,5,4,5,4,4,5,2,4,4,3,2,5,4,5,5,4,2,5,2,4,2,4,5,5,3,4,4,5,5,5,5,4,4,4,5,5,2,2,2,4,4,2,4,4,3,4,2,5,4,4,2,3,5,4,2,5,2,5,5,5,2,2,5,2,5,4,2,1,1,4,4,2,5,5,5,4,2,5,3,4,4,2,4,5,5,4,2,4,2,5,2,2,4,4,5,4,1,3,4,5,4,3,4,5,2,2,3,5,2,5,2,235.0,218.0,232.0,218.0,211.0
100692,male,20,USA,3,4,4,3,4,3,2,3,3,4,2,4,3,4,4,3,2,4,4,3,3,5,2,2,2,2,4,3,2,4,3,3,5,4,4,3,4,5,4,3,1,3,4,4,4,4,4,4,3,3,4,4,4,3,4,3,5,4,4,4,3,4,4,3,4,3,4,4,3,4,2,5,3,4,3,2,4,5,4,4,2,4,4,4,3,2,4,2,3,3,3,4,4,4,4,2,3,3,1,4,2,4,4,4,3,3,3,3,3,3,3,2,4,3,3,4,4,5,3,2,3,4,4,4,4,3,4,4,1,3,2,4,4,4,5,5,4,2,3,3,4,3,4,3,4,3,4,3,4,4,2,2,3,4,4,3,3,4,2,3,2,2,3,4,3,3,2,2,2,4,2,2,3,3,3,2,4,3,3,3,2,3,4,3,3,3,3,3,3,2,4,2,3,4,4,4,2,4,4,3,2,5,3,3,2,2,4,2,2,2,3,4,4,2,5,2,2,4,3,3,2,2,2,4,2,2,1,2,4,2,2,2,2,2,2,2,4,3,2,3,2,3,4,3,4,2,3,4,2,4,3,2,3,4,4,3,2,4,1,2,2,4,3,3,4,2,3,2,4,4,2,4,5,4,4,4,3,3,4,4,2,2,3,4,2,2,3,3,2,4,4,4,4,5,3,2,4,2,1,2,192.0,193.0,195.0,194.0,177.0
102747,female,29,USA,4,2,4,2,5,4,1,3,2,5,4,4,3,2,4,2,2,1,4,4,3,4,4,2,4,2,3,3,2,4,2,2,1,4,4,4,1,5,4,5,1,4,3,4,4,3,2,4,2,3,2,2,4,2,4,3,4,1,4,3,2,2,4,2,5,3,3,4,2,4,2,3,1,3,5,4,2,2,4,4,3,3,5,2,4,2,2,1,2,3,4,2,2,2,3,3,3,4,4,4,3,3,4,4,4,2,5,4,1,4,2,1,5,3,4,3,4,5,3,3,4,4,3,3,4,4,2,4,2,4,3,4,4,3,3,5,4,2,2,5,4,3,3,2,4,3,4,3,3,4,3,2,4,4,5,4,2,3,5,5,1,4,4,2,4,2,2,2,2,4,3,1,2,2,4,2,4,3,3,4,2,2,4,2,4,4,2,4,4,5,2,2,4,4,4,2,1,3,4,5,3,4,4,2,4,1,5,1,1,4,2,2,4,2,4,4,1,3,4,5,2,2,4,3,4,4,1,1,4,4,2,1,5,1,3,2,4,1,3,5,2,4,4,2,4,2,2,4,4,4,2,3,2,4,5,4,3,4,4,4,2,2,4,3,4,2,4,1,1,4,4,2,4,5,5,2,2,4,5,5,4,4,4,4,5,2,4,3,3,4,4,4,4,4,3,4,5,1,2,1,198.0,194.0,179.0,186.0,188.0
104357,female,32,USA,2,3,2,4,5,4,4,4,2,3,2,5,2,4,2,1,4,5,3,5,2,5,4,3,4,1,2,5,4,4,2,3,2,4,4,4,3,5,2,3,1,4,3,2,4,2,4,5,2,4,2,5,4,2,2,2,4,4,4,4,1,4,2,4,5,2,4,2,3,2,1,5,4,3,3,3,5,4,2,5,2,5,4,4,4,1,2,4,3,4,3,4,2,4,4,3,4,4,4,2,1,3,2,4,4,3,4,5,2,4,3,4,4,3,4,2,3,5,1,2,2,4,2,4,5,4,2,5,2,3,3,5,2,2,4,3,4,4,2,3,4,4,4,2,4,2,5,5,4,2,2,3,2,4,5,5,3,4,4,2,1,4,2,2,2,2,2,5,2,4,3,4,2,2,4,2,4,5,3,1,2,4,2,4,4,4,4,2,3,2,2,3,4,4,4,2,5,5,2,4,4,5,4,2,3,2,4,4,5,2,2,4,3,4,5,5,2,4,4,2,2,5,2,4,4,2,2,4,2,4,3,4,4,2,4,2,4,4,4,2,2,4,2,4,5,1,2,4,4,2,2,2,2,4,3,2,4,4,4,4,4,4,4,4,4,2,3,4,3,2,2,4,2,4,4,4,3,2,5,2,2,4,2,4,4,2,4,4,3,3,4,5,5,4,4,2,4,5,2,2,208.0,196.0,207.0,193.0,173.0
105266,female,63,USA,2,5,4,4,4,4,1,3,5,5,4,5,5,5,5,1,2,4,4,4,2,4,2,4,4,2,4,3,4,4,1,4,4,4,4,4,2,4,5,4,1,3,4,4,5,1,4,5,4,4,5,4,4,3,5,1,4,4,5,2,1,5,2,4,4,2,2,5,4,4,2,4,5,5,5,1,4,4,4,5,4,4,3,4,4,1,4,1,5,4,2,5,5,4,4,2,4,5,5,5,1,2,5,5,5,4,4,5,4,5,2,1,4,4,4,2,4,4,4,4,4,5,4,4,4,4,1,5,5,5,2,4,5,4,4,1,4,4,4,2,2,2,5,5,5,4,5,3,5,2,2,4,4,4,4,4,2,4,5,5,1,5,5,5,5,2,2,4,5,4,4,1,2,4,4,2,4,4,4,2,2,4,4,4,2,4,4,2,4,2,4,4,5,4,5,4,2,4,4,2,4,4,2,5,2,2,5,1,2,4,2,4,4,4,5,2,4,2,5,2,2,4,4,4,5,2,1,2,5,3,2,1,4,4,4,2,4,1,3,4,2,4,2,4,2,2,4,4,5,4,1,2,2,4,5,2,2,4,5,4,1,1,1,5,2,2,5,1,4,4,1,4,5,5,5,2,2,2,4,4,2,4,5,5,5,1,2,2,2,3,4,1,5,4,4,4,4,1,2,2,216.0,218.0,204.0,223.0,178.0
105437,female,33,Australia,4,4,5,2,2,4,1,5,4,2,3,2,5,5,4,4,5,5,5,3,2,2,4,5,1,4,4,3,5,3,5,4,4,4,4,4,1,5,2,2,2,1,5,4,1,2,4,2,5,4,4,1,5,4,1,5,3,4,5,4,5,2,4,3,2,3,4,4,2,2,4,2,4,5,2,1,5,5,5,2,4,1,4,4,4,4,2,2,5,2,4,2,4,3,3,2,2,4,5,4,2,1,4,5,4,5,1,5,5,5,4,1,2,2,3,4,4,5,4,2,4,4,4,4,3,5,1,5,3,2,4,1,4,5,5,5,2,2,5,5,4,3,4,2,2,4,5,3,4,5,4,5,4,2,2,5,2,5,5,2,2,2,5,5,4,2,4,2,4,2,2,1,5,4,3,4,4,4,5,4,2,1,4,2,2,5,2,3,4,2,4,1,5,5,2,5,2,2,2,3,2,4,4,4,4,4,5,3,2,2,5,2,5,2,5,5,1,4,5,1,4,2,5,5,5,5,1,1,5,1,2,1,2,2,2,4,4,3,5,3,2,4,4,2,4,4,1,2,4,1,2,1,5,5,4,5,2,5,5,2,4,1,5,4,4,4,4,3,5,2,2,2,5,4,3,4,1,2,5,2,2,2,5,5,2,4,3,2,2,4,4,4,4,5,1,5,4,2,2,5,218.0,176.0,172.0,233.0,207.0
105639,female,17,Canada,5,2,3,1,2,4,5,4,2,4,5,3,5,4,1,2,3,4,2,3,2,5,4,4,2,3,2,5,4,2,4,1,4,1,4,4,5,5,1,2,4,2,4,2,2,4,3,4,2,2,5,4,4,4,2,2,4,5,4,1,2,2,4,1,4,4,2,4,3,3,5,4,4,4,3,4,1,5,4,2,5,5,4,4,2,4,2,3,4,2,5,3,4,2,3,4,2,4,4,1,2,3,1,4,2,3,3,4,2,2,5,5,4,2,1,4,4,5,3,1,5,3,4,1,4,5,5,5,2,2,5,4,3,2,1,4,2,4,2,2,3,5,2,2,2,5,3,5,5,1,4,2,2,1,4,4,4,4,4,1,5,4,4,3,1,4,1,4,1,2,4,4,4,3,4,3,2,3,4,2,2,2,4,1,2,4,3,2,3,1,4,2,4,4,2,3,2,5,2,3,5,5,4,3,1,3,5,4,2,1,4,3,2,1,5,3,4,2,4,1,5,2,3,5,4,4,2,3,4,2,5,4,4,2,4,5,4,2,5,1,5,2,4,1,3,2,4,5,4,3,2,4,5,4,2,5,3,5,2,4,5,5,3,5,4,4,2,3,3,1,2,1,4,2,1,4,4,1,3,2,4,4,5,4,2,4,2,4,1,4,2,5,4,4,2,2,4,4,3,2,208.0,175.0,184.0,188.0,200.0
105984,female,35,UK,5,4,4,4,4,2,3,4,4,4,3,3,4,5,4,3,3,3,4,2,2,3,3,3,2,4,3,3,3,3,4,3,4,4,3,3,3,4,3,4,3,2,3,4,4,4,3,4,5,3,3,3,3,4,3,3,3,3,4,3,3,4,5,4,4,3,3,3,3,4,3,3,4,4,3,3,3,3,4,3,4,3,3,4,2,3,3,3,4,3,4,4,4,4,3,3,3,5,3,4,4,3,4,4,5,4,3,3,3,3,3,3,4,4,3,4,3,2,3,3,3,4,3,4,4,3,4,5,3,3,3,3,4,3,4,3,3,2,3,4,3,3,4,4,3,3,3,4,3,3,2,4,4,3,3,3,4,4,4,3,3,3,3,4,3,3,2,3,4,4,3,3,3,4,3,2,3,4,4,3,3,3,4,3,3,3,3,3,4,2,4,2,3,3,4,2,2,3,4,3,2,3,3,4,2,3,3,3,3,3,3,3,4,2,3,3,3,3,3,3,3,3,3,2,3,2,2,3,4,3,3,3,3,3,2,3,3,3,3,3,3,3,4,2,3,2,3,3,4,3,3,2,3,4,3,3,3,4,3,3,3,2,3,4,3,3,3,3,3,3,3,2,3,4,4,2,3,4,4,3,3,3,3,4,3,3,3,3,3,4,3,3,3,4,3,2,3,3,3,3,195.0,190.0,185.0,203.0,197.0
106671,female,37,Australia,1,4,4,4,5,1,4,2,1,1,1,5,4,5,1,1,4,5,1,5,5,5,5,1,4,1,4,5,4,2,1,5,1,4,5,1,4,5,1,1,1,4,4,4,5,1,4,5,1,4,1,5,5,2,1,1,5,4,5,5,1,5,2,4,5,1,4,2,5,1,1,1,5,4,1,1,4,5,3,5,1,5,5,2,4,1,4,1,4,2,1,5,2,4,5,1,4,4,5,1,1,4,4,4,4,1,5,5,2,4,2,4,5,2,4,1,5,5,2,2,1,5,3,4,5,1,5,4,1,1,1,5,5,4,4,1,4,5,5,5,4,4,4,5,5,1,5,5,5,5,2,4,4,5,5,1,4,5,2,2,1,5,4,5,2,1,2,4,2,4,5,2,5,1,4,1,5,5,5,2,2,5,3,5,5,1,2,5,3,1,1,5,2,5,5,1,2,5,5,4,5,5,5,2,4,1,5,4,5,4,1,5,5,5,5,2,5,5,5,1,1,5,5,5,5,1,2,5,5,5,4,2,5,2,5,1,5,4,4,4,2,5,4,5,5,1,5,5,5,1,1,5,4,5,5,1,5,4,5,2,5,5,5,5,2,1,5,3,5,2,1,5,5,5,5,2,5,5,5,2,2,5,4,5,5,1,5,5,5,5,5,5,5,2,5,1,5,5,5,1,231.0,210.0,235.0,192.0,175.0
106736,male,21,USA,4,4,3,4,4,2,1,3,3,5,3,2,2,3,4,4,2,2,3,4,2,2,4,4,4,4,3,3,4,5,4,2,3,3,3,2,1,4,4,3,2,3,3,3,4,5,4,2,1,4,4,1,2,2,3,4,3,3,4,3,2,2,3,3,3,2,2,3,4,4,3,4,2,3,5,1,4,2,5,2,3,2,3,3,3,3,2,3,2,4,4,2,3,4,3,2,2,4,4,5,2,4,4,3,4,4,2,2,3,2,1,1,2,4,4,4,2,5,3,4,4,4,2,4,4,2,1,4,3,4,2,2,4,3,3,4,3,2,3,2,4,1,4,3,3,2,2,3,2,4,4,2,4,4,3,4,1,4,4,4,2,2,2,4,4,2,2,2,4,4,2,2,4,3,2,4,4,4,4,4,4,2,4,4,4,2,2,2,4,2,4,2,2,2,4,4,2,2,4,3,2,2,4,3,4,2,4,2,3,4,2,2,4,2,4,4,1,2,4,4,2,3,3,4,4,1,2,3,4,3,2,2,4,3,4,3,4,3,3,4,4,4,2,3,3,2,2,2,4,5,2,2,2,4,4,4,3,2,4,2,2,1,3,4,2,3,2,2,2,4,3,2,4,4,4,4,2,2,4,5,3,2,3,3,4,3,4,3,3,4,2,4,2,4,4,3,4,4,2,4,179.0,182.0,173.0,198.0,180.0
107077,female,16,USA,4,5,5,5,5,4,3,4,4,4,3,4,5,4,5,4,3,4,4,4,1,4,3,3,2,1,3,1,3,3,3,4,5,5,4,4,3,5,4,3,2,4,5,4,4,5,3,3,3,2,5,3,5,1,2,3,5,1,5,5,3,4,5,5,4,2,5,5,5,4,2,1,3,4,3,3,3,5,5,3,5,4,5,2,2,2,4,2,4,3,1,4,5,5,4,2,1,5,5,2,2,4,5,5,5,3,3,4,5,4,1,4,4,4,1,4,2,2,5,1,4,4,3,5,3,3,2,5,2,3,4,4,5,5,5,3,5,3,2,3,3,2,5,3,3,4,5,1,5,2,4,5,5,5,4,4,2,5,5,2,3,3,4,5,4,3,2,3,5,5,2,3,4,2,3,4,5,5,3,3,2,3,5,5,3,3,3,5,5,2,4,3,5,5,5,4,2,3,3,3,3,3,4,2,3,2,5,1,5,2,2,3,5,5,3,4,2,2,5,1,3,4,5,5,4,3,3,3,5,4,2,1,4,3,4,5,2,3,4,4,5,5,5,5,5,3,3,4,5,4,1,3,4,5,5,2,2,4,4,2,2,1,5,5,3,2,5,1,2,2,1,3,5,5,1,3,1,4,5,1,2,2,4,5,5,2,5,3,5,4,4,4,5,3,1,4,4,3,3,2,218.0,197.0,213.0,226.0,199.0
107275,male,21,USA,5,4,4,3,3,4,5,2,4,5,1,4,4,4,5,2,4,4,4,5,4,5,1,5,3,2,5,1,3,3,5,2,3,4,4,4,2,5,4,3,1,2,4,5,4,4,4,5,3,4,4,3,2,5,4,4,4,1,4,5,3,3,1,2,4,4,4,5,5,5,2,1,3,4,5,4,3,4,4,4,4,4,2,5,1,2,3,1,4,4,2,3,1,3,4,1,1,1,5,5,1,3,4,4,4,4,3,4,2,4,1,1,3,3,4,2,1,1,4,5,2,3,1,5,3,5,4,4,4,4,1,4,5,3,4,4,4,1,4,4,5,2,4,5,4,4,5,5,3,3,2,4,1,4,5,2,2,3,5,5,1,5,3,3,4,3,3,2,1,4,3,1,2,1,5,3,4,5,5,5,2,3,4,2,2,2,2,4,5,2,4,3,4,3,4,2,2,2,5,5,2,1,3,1,4,3,4,1,2,3,4,3,4,2,3,4,4,3,4,5,5,3,3,5,5,3,2,2,5,5,2,1,3,2,2,2,2,2,4,5,1,3,5,3,4,1,2,3,5,5,1,1,2,5,4,3,1,3,5,1,2,3,2,3,2,2,2,1,3,5,3,3,4,5,5,2,1,4,5,5,1,4,5,4,3,1,5,3,2,3,2,3,2,5,3,3,2,1,3,2,178.0,211.0,189.0,211.0,178.0
108143,female,25,USA,5,1,5,1,4,5,1,5,1,4,5,4,4,2,2,4,2,4,2,2,5,4,1,2,4,4,1,2,4,2,5,1,2,1,4,5,2,5,2,2,5,3,4,4,4,5,2,3,4,4,5,2,2,4,4,5,2,5,4,2,5,2,4,1,4,4,2,4,2,5,5,4,3,2,5,5,2,2,3,2,5,3,4,4,2,5,1,2,2,3,5,2,5,1,2,5,1,4,2,4,5,2,1,2,3,2,4,1,1,2,4,1,4,4,2,5,1,4,4,2,5,2,2,1,4,5,1,4,2,2,5,4,4,2,2,5,4,1,2,2,5,1,2,5,2,4,1,2,2,1,5,1,5,1,5,5,1,5,2,4,4,4,5,4,3,2,4,1,4,5,4,1,4,5,4,5,1,3,2,3,5,1,4,1,1,5,1,5,2,4,5,2,5,4,4,5,4,1,1,5,5,2,5,5,2,2,2,4,2,2,5,2,5,1,3,5,1,4,2,2,5,1,5,1,5,5,4,2,2,2,4,1,4,4,2,4,2,2,2,4,5,2,5,1,2,5,1,5,2,5,5,4,5,2,3,5,5,4,2,2,4,1,4,5,2,5,2,2,2,1,5,1,2,1,2,5,1,5,3,4,5,2,5,2,3,4,4,2,2,2,5,5,5,5,2,5,3,4,2,4,196.0,181.0,166.0,178.0,226.0
108188,male,13,USA,4,4,5,3,4,5,5,1,1,3,1,5,3,2,3,5,2,3,2,3,3,4,3,1,1,4,3,1,3,3,2,4,5,3,3,5,3,5,2,2,3,3,3,3,4,3,2,4,4,2,4,3,1,3,2,3,5,2,1,1,2,5,4,3,2,5,5,2,4,3,1,4,3,3,3,1,4,4,2,3,5,3,3,2,2,1,5,2,2,3,1,5,4,2,3,4,4,1,5,3,3,3,3,4,3,1,5,4,2,1,3,1,5,4,2,5,4,3,1,2,5,4,3,3,3,5,3,2,1,2,5,5,3,2,1,2,5,3,2,3,3,3,4,3,2,3,3,5,2,3,5,2,4,3,4,5,5,1,2,2,4,5,2,3,2,4,5,3,1,3,3,4,3,4,3,1,3,1,3,3,2,1,2,2,1,1,3,4,1,1,3,3,1,3,4,1,3,3,2,3,3,4,3,4,2,2,5,3,3,2,3,5,5,2,3,5,3,5,4,2,4,5,1,3,3,2,3,3,1,1,3,4,4,2,4,2,5,3,3,1,1,5,2,3,3,4,3,3,2,2,3,5,1,2,3,5,3,4,1,3,1,1,4,5,4,3,4,3,4,2,1,5,5,5,2,4,5,1,3,2,3,5,3,4,3,1,4,3,1,3,3,5,4,1,3,1,5,4,3,2,182.0,172.0,188.0,169.0,189.0
109619,male,13,USA,3,4,4,3,4,2,4,5,4,3,2,3,2,4,3,1,2,4,2,2,2,4,4,2,2,1,2,5,4,4,2,3,4,3,4,2,4,4,3,2,2,4,2,4,4,4,3,5,2,3,3,4,4,5,3,2,4,5,5,4,2,4,4,3,3,2,5,3,3,5,2,4,4,4,3,4,4,4,4,4,3,4,5,2,3,2,2,4,4,3,2,4,4,4,3,2,4,3,4,2,2,3,4,4,3,2,3,4,2,3,3,2,4,2,2,3,4,3,2,5,2,4,3,4,4,2,3,4,2,4,2,3,4,3,4,2,3,4,3,3,2,2,5,3,4,1,4,5,3,5,2,4,4,4,4,3,5,5,5,2,1,3,4,4,3,3,2,4,3,3,3,3,4,3,2,2,3,4,3,3,2,4,4,4,4,3,4,3,4,2,2,4,4,3,4,2,2,4,4,3,2,4,5,3,3,2,4,2,5,4,4,4,5,4,5,2,3,5,4,2,2,4,4,4,4,2,4,4,3,4,2,2,4,2,4,2,5,4,4,4,3,4,4,4,4,2,4,3,4,3,3,4,2,4,5,2,2,4,3,4,3,4,5,4,3,2,2,4,4,4,2,4,5,5,5,3,3,2,4,3,3,4,3,3,4,3,3,4,4,4,3,3,4,3,4,2,4,1,4,3,217.0,186.0,207.0,197.0,188.0
109852,female,13,USA,2,1,5,5,3,3,2,4,2,1,4,3,3,1,2,3,1,3,5,3,3,5,1,2,3,1,1,1,4,3,4,1,5,1,3,4,1,5,2,1,4,4,1,3,4,1,2,4,2,1,5,4,1,2,1,3,3,4,3,1,1,1,5,3,3,2,3,5,5,1,2,3,4,2,2,5,1,3,4,3,1,4,4,1,2,1,2,3,3,1,1,1,5,2,1,4,1,1,3,1,5,5,2,3,4,2,3,3,1,1,3,2,2,5,3,5,3,1,3,1,3,1,4,1,1,2,1,4,3,1,3,1,1,1,4,5,3,3,3,1,3,4,4,5,1,1,1,5,4,3,3,1,3,1,4,3,2,4,3,1,2,4,1,5,2,3,2,4,1,1,4,5,5,5,1,3,1,3,1,3,3,1,5,2,5,3,2,4,2,1,4,3,1,3,5,2,3,5,4,1,5,5,5,5,1,3,4,5,3,3,1,1,5,3,3,3,1,2,2,1,5,4,1,1,5,2,2,4,1,1,4,5,4,2,4,2,5,3,4,1,1,4,5,3,3,3,1,5,5,1,5,3,2,5,2,1,2,3,3,1,4,5,2,2,2,3,5,4,2,1,2,1,5,5,1,1,3,1,4,1,5,5,1,4,4,1,4,5,4,1,3,5,5,2,2,2,3,5,1,2,177.0,135.0,163.0,171.0,185.0
110789,male,19,Iceland,1,4,2,4,3,1,5,2,5,3,2,1,2,3,4,3,2,3,4,4,2,5,5,5,3,1,3,4,2,4,2,3,4,4,3,2,4,4,3,1,3,1,4,4,4,4,2,5,2,3,2,4,4,4,3,2,5,5,4,5,2,5,4,4,3,2,4,4,4,2,4,4,4,3,2,2,1,1,5,3,1,5,4,3,3,1,2,1,4,3,1,5,5,3,4,2,4,1,4,2,3,4,5,3,4,2,4,5,2,2,4,3,4,3,2,3,2,5,4,2,2,4,2,4,4,1,5,3,2,4,2,2,5,2,4,3,4,4,2,3,2,4,5,3,2,2,4,5,4,2,4,2,5,2,3,1,4,2,4,2,2,2,3,5,4,1,1,4,2,3,2,2,2,4,2,1,4,3,4,2,1,5,4,4,3,5,4,4,4,1,5,4,4,4,4,2,1,4,4,2,1,4,5,4,1,2,5,1,4,2,1,5,2,2,3,2,5,1,4,2,2,2,4,4,4,2,1,2,1,2,4,4,2,2,2,1,4,1,4,2,3,3,5,2,4,2,5,5,4,2,2,2,4,5,5,3,2,5,2,1,5,5,5,2,2,2,1,1,1,2,1,2,2,4,5,4,2,1,4,2,4,4,5,5,5,1,5,5,5,2,3,2,4,5,4,1,5,5,5,2,188.0,188.0,185.0,195.0,171.0
111060,female,21,Lithuania,3,5,4,3,4,2,3,4,5,5,2,5,2,5,4,3,4,5,4,4,2,4,4,2,4,1,3,3,4,5,3,4,5,3,4,2,4,5,4,4,1,3,4,4,5,2,3,4,3,3,2,4,4,3,4,4,4,4,2,4,3,4,4,3,4,1,4,4,4,4,2,3,5,4,5,2,5,5,4,4,2,5,4,3,5,2,4,3,4,3,2,4,4,4,4,2,4,5,4,4,1,3,4,4,4,2,4,4,3,4,4,4,4,4,5,2,4,3,4,3,3,4,4,4,4,1,5,5,3,3,2,4,4,4,4,2,4,2,3,4,4,3,4,3,4,3,5,5,4,3,2,4,2,4,4,2,3,5,5,5,1,4,2,4,5,2,3,5,2,4,4,3,3,2,5,2,4,3,3,3,4,4,4,4,4,2,4,4,5,5,2,4,2,4,5,2,3,4,5,4,2,4,4,3,5,2,4,2,3,3,2,5,4,3,2,1,4,4,5,5,2,4,3,4,5,3,4,4,5,5,2,4,3,2,4,2,4,3,3,4,3,4,4,3,4,2,4,4,5,5,1,4,1,4,4,4,4,4,5,5,2,4,4,4,5,2,4,3,2,4,2,4,5,5,2,2,4,4,5,5,1,4,3,4,3,1,4,4,5,4,2,4,2,2,4,2,4,1,3,2,227.0,225.0,223.0,201.0,177.0
111362,male,23,USA,4,4,4,4,2,3,5,4,5,4,3,2,4,4,4,3,3,2,3,2,4,4,2,2,2,2,4,4,4,2,3,4,4,4,3,3,5,5,4,2,2,2,4,4,5,5,3,5,4,2,4,5,2,2,1,2,4,2,4,2,2,4,4,4,4,1,5,4,2,4,3,3,3,5,1,3,3,5,5,2,4,4,4,3,2,1,5,1,5,3,2,4,4,4,3,2,5,5,4,3,2,2,5,5,5,2,2,5,3,2,4,5,4,3,2,5,3,3,3,2,4,4,3,4,4,3,5,5,4,2,3,3,5,2,4,4,4,2,3,1,5,5,4,4,1,2,4,4,5,2,5,4,4,4,3,4,5,4,5,1,2,2,2,5,2,4,2,4,4,4,4,5,3,2,1,1,4,3,5,2,1,5,5,5,2,1,5,5,5,1,5,4,4,4,5,4,1,4,5,5,5,5,5,1,1,2,5,2,1,2,2,5,5,2,4,2,5,5,5,1,2,4,1,5,4,2,1,1,5,4,4,4,4,3,1,1,5,3,5,2,5,5,5,2,5,1,5,5,5,2,2,5,5,5,5,2,2,4,2,2,4,5,5,5,1,2,5,1,5,2,1,1,5,5,2,4,5,4,5,5,2,2,2,5,5,2,4,4,2,4,3,5,2,3,2,2,4,1,4,1,195.0,192.0,208.0,216.0,203.0
111438,male,45,USA,5,2,3,4,4,4,1,5,4,5,4,4,4,2,5,2,2,4,3,4,4,4,4,5,2,3,2,1,4,5,4,1,2,4,2,4,1,5,4,4,4,4,2,3,4,4,2,2,5,4,2,2,3,5,2,4,2,2,5,4,4,1,4,4,4,4,4,5,4,5,4,3,4,4,4,5,2,4,5,2,5,4,3,2,4,2,1,2,4,4,4,2,4,4,4,3,4,4,5,4,1,1,4,5,5,1,4,4,1,4,2,2,4,5,3,4,2,5,4,4,4,2,2,4,4,4,1,5,4,4,4,4,4,4,5,4,4,2,2,4,5,2,4,5,2,4,3,1,5,4,4,2,4,2,4,4,2,5,5,2,4,4,4,5,5,4,2,4,5,5,4,1,4,5,4,5,2,2,4,5,5,5,4,5,5,4,2,4,2,2,5,2,5,5,5,5,2,5,3,5,2,4,5,5,4,2,4,2,4,4,4,5,5,4,4,2,1,4,5,2,5,2,4,2,4,5,2,4,5,4,4,4,4,2,4,4,4,2,4,4,4,5,5,4,2,4,1,5,5,5,5,1,5,5,5,5,4,4,5,5,4,5,5,5,4,4,4,1,4,5,2,2,5,5,5,4,2,4,5,4,5,2,4,4,5,2,4,2,4,5,4,4,3,5,5,5,4,1,4,2,215.0,227.0,202.0,225.0,222.0
111632,male,22,USA,4,4,4,2,3,2,2,4,5,4,1,2,5,4,4,4,3,2,4,1,3,3,3,5,1,4,4,4,4,4,5,3,4,4,3,4,1,5,4,4,3,2,5,5,5,4,3,4,5,3,4,4,4,4,3,3,3,4,4,4,4,2,4,4,4,3,4,5,2,4,4,3,4,4,4,5,3,4,5,3,4,3,4,5,1,4,2,4,4,3,2,4,5,2,2,3,2,3,5,3,4,3,5,5,5,5,4,2,4,2,3,1,4,4,2,4,3,3,2,4,4,4,4,3,3,2,3,5,3,3,4,2,5,3,3,3,4,2,4,3,3,2,5,4,3,4,3,5,4,4,3,2,5,3,3,2,2,5,5,4,4,3,4,4,4,4,2,2,5,2,3,1,4,4,3,2,3,4,4,3,2,2,4,3,4,4,2,5,5,4,3,2,4,4,4,5,3,2,5,4,3,3,4,4,4,2,4,2,2,4,3,2,4,2,4,2,2,4,4,4,2,2,4,4,4,4,2,2,4,3,3,3,4,2,2,3,3,2,4,4,4,4,4,2,3,2,2,5,4,4,4,2,3,4,4,4,3,3,4,4,3,4,4,4,2,3,3,2,3,4,4,2,4,3,4,3,2,3,4,3,4,2,4,4,4,4,3,3,3,4,4,5,4,5,3,3,3,2,3,3,217.0,187.0,194.0,215.0,209.0
111751,female,24,USA,4,3,4,4,4,2,2,4,1,3,4,3,4,4,3,2,2,4,3,3,1,4,3,5,3,3,2,2,3,3,2,4,3,4,2,2,1,4,3,3,4,2,5,5,5,5,3,4,2,3,3,3,4,5,3,4,4,5,5,5,4,2,3,4,3,3,5,4,4,2,2,3,3,5,2,4,2,5,3,2,4,4,5,3,2,4,1,4,4,2,3,2,3,5,4,2,3,2,5,2,4,3,3,5,5,4,3,2,2,4,2,3,4,4,2,4,1,5,4,4,4,2,3,5,4,2,1,4,2,2,3,3,4,4,5,5,4,1,3,3,2,4,3,4,2,3,2,3,4,4,4,1,4,2,3,2,2,5,3,4,5,2,1,5,2,4,2,2,2,3,4,2,4,3,2,4,2,4,5,2,3,2,3,3,3,2,2,4,5,3,5,2,4,1,4,4,2,2,4,2,2,4,4,3,1,2,2,4,2,3,3,3,4,2,5,1,2,5,5,2,4,2,3,4,4,4,3,3,5,2,2,3,4,1,2,4,2,3,4,4,4,4,4,4,3,1,2,4,4,2,4,1,4,5,3,4,3,5,2,3,4,4,5,4,2,4,2,3,3,3,3,2,4,5,4,2,2,3,4,2,4,3,4,4,4,2,2,4,4,4,4,4,5,5,1,4,4,4,5,4,195.0,180.0,188.0,206.0,200.0
112160,female,32,USA,4,3,4,2,4,3,1,4,4,4,4,3,4,3,3,4,3,2,3,4,2,3,3,3,4,4,3,4,3,3,3,2,2,3,4,3,3,4,3,4,2,2,4,3,4,3,3,4,4,4,2,4,3,4,4,3,3,3,4,4,3,3,3,2,4,4,3,5,4,3,3,3,3,4,5,3,3,4,4,4,4,3,4,4,4,3,3,3,4,3,3,4,3,4,5,3,2,4,5,3,2,3,4,4,4,3,2,4,4,4,1,1,3,2,4,2,3,4,2,5,2,4,1,4,4,2,3,5,5,4,3,3,5,4,5,4,4,2,3,4,3,1,4,4,4,4,4,4,3,4,4,2,4,4,4,3,4,5,5,5,3,5,4,4,4,2,4,4,5,4,1,1,3,2,5,3,4,3,4,4,2,4,4,3,3,4,5,5,5,5,5,4,4,5,5,5,4,4,5,4,2,4,3,2,4,2,4,2,2,4,4,4,4,3,4,4,4,5,5,5,3,4,5,4,5,4,4,4,4,4,3,1,4,3,4,2,4,3,4,5,4,4,2,4,4,3,4,4,5,4,2,2,4,5,5,5,4,5,4,4,1,1,4,5,4,3,4,2,4,5,4,4,5,5,5,4,2,3,5,4,2,4,5,5,5,3,4,3,2,4,3,4,4,5,2,4,4,2,2,2,224.0,222.0,200.0,209.0,209.0
113429,male,22,UK,3,2,4,3,3,4,2,4,2,3,5,2,3,3,1,3,1,3,4,4,1,3,2,2,1,3,3,3,4,3,5,2,3,2,2,3,1,5,1,2,4,2,3,4,3,4,1,5,2,1,4,3,1,3,2,3,2,4,3,3,2,1,4,2,3,3,1,5,3,2,2,2,3,4,1,4,1,2,4,1,4,4,3,2,2,3,4,1,3,3,4,2,5,3,2,3,1,3,4,3,4,3,3,4,3,4,3,3,1,3,1,1,3,2,1,4,1,5,3,3,3,4,3,4,3,4,3,3,2,2,5,3,4,1,3,4,3,3,3,1,2,3,4,4,3,5,2,5,5,4,4,1,3,3,3,5,2,5,4,1,3,3,2,4,2,4,1,1,1,2,3,3,4,4,2,4,3,2,5,3,1,2,2,3,3,3,2,5,5,1,5,1,3,3,3,4,1,1,3,3,3,4,3,4,1,3,2,3,2,3,4,2,5,3,3,3,2,2,4,4,2,1,4,4,4,2,1,1,2,1,3,3,3,3,1,3,5,2,2,3,4,4,2,3,3,3,1,5,4,2,3,2,4,4,4,2,2,3,1,3,4,4,3,3,3,4,3,1,3,3,3,2,4,2,4,4,1,1,5,3,4,5,5,5,4,1,3,3,1,1,3,5,5,4,3,4,1,5,3,3,184.0,168.0,161.0,173.0,181.0
116026,male,23,USA,5,5,5,1,5,5,4,5,5,3,3,4,5,4,3,3,5,1,2,5,3,5,4,1,2,2,5,3,5,3,4,4,5,3,5,4,4,5,3,2,2,4,2,2,5,5,5,5,4,5,4,5,5,2,4,2,4,5,4,1,4,3,5,1,5,4,5,5,2,5,3,4,4,3,5,5,5,5,5,5,5,5,4,2,2,3,5,5,2,2,3,3,5,3,3,2,2,5,3,2,3,4,5,4,4,3,5,5,1,5,5,5,5,4,4,3,5,1,2,2,4,5,5,3,4,5,4,5,2,4,5,4,5,3,3,5,5,1,2,5,4,5,5,1,4,4,5,3,4,2,3,1,5,3,5,4,3,5,5,1,4,2,4,2,2,4,3,3,1,5,4,5,3,1,4,2,5,5,3,2,5,2,5,1,2,4,4,4,5,1,2,4,4,2,5,4,5,4,2,4,4,2,5,1,3,2,5,2,4,2,3,4,5,1,4,4,4,4,4,2,4,5,5,4,2,5,1,1,3,5,2,4,3,1,4,2,5,5,4,1,5,5,5,2,5,2,3,5,5,1,2,4,5,2,5,2,3,2,2,5,1,5,5,2,4,2,5,4,2,2,2,2,5,3,4,2,2,2,5,2,2,3,2,4,4,1,4,5,1,5,3,5,5,2,2,2,5,4,1,1,223.0,204.0,235.0,195.0,199.0
117562,male,24,USA,2,1,5,2,4,2,2,4,2,3,2,4,3,1,4,1,3,2,4,4,3,3,3,4,2,1,1,2,2,4,4,1,3,2,5,3,1,3,3,2,1,4,4,4,4,1,2,2,1,3,2,2,4,2,4,2,3,1,2,5,1,2,5,1,4,3,1,5,2,3,1,4,2,2,4,5,1,5,2,2,1,2,5,1,2,1,1,4,1,4,2,2,4,2,5,4,1,3,2,4,1,5,5,4,4,2,5,3,2,2,1,1,5,4,2,3,2,5,2,5,2,2,3,2,4,2,2,4,1,3,3,4,5,2,4,5,4,1,1,4,4,1,5,2,3,1,4,2,2,5,1,1,5,4,5,3,2,5,2,2,1,4,1,4,3,2,2,1,2,3,4,1,5,1,2,1,4,3,4,5,3,2,5,2,5,3,2,4,2,1,2,2,1,2,4,2,2,2,4,4,2,2,5,2,2,1,2,2,4,5,1,4,5,2,5,2,1,4,2,1,2,4,5,2,3,2,2,2,4,3,1,1,5,1,2,2,2,4,3,5,2,3,3,2,5,2,4,1,2,4,2,2,3,3,5,2,1,2,4,2,2,2,5,2,2,2,2,3,2,5,2,1,5,4,5,4,2,4,4,4,2,5,2,3,4,1,2,2,2,2,2,5,5,5,2,1,1,2,1,4,187.0,171.0,164.0,154.0,155.0
119624,female,27,USA,5,4,5,3,4,4,4,4,5,5,5,5,5,5,5,3,3,4,4,4,3,5,5,1,2,2,4,5,5,5,5,4,5,4,4,4,4,5,5,5,1,5,5,5,5,5,3,4,4,5,5,4,1,1,4,4,4,3,5,5,5,5,5,4,4,4,5,5,2,5,5,4,5,5,5,1,3,5,5,4,2,5,4,4,5,4,5,1,5,4,4,5,5,4,5,1,4,5,5,5,2,4,4,5,4,1,4,4,2,5,1,5,4,2,4,4,3,2,4,4,5,5,5,4,5,4,4,4,2,4,3,4,4,4,5,4,4,1,5,3,3,1,5,3,4,5,4,5,5,2,4,4,5,2,4,4,3,5,5,5,3,2,4,5,5,3,2,2,5,4,2,4,4,2,3,4,2,5,5,4,3,5,5,2,2,4,3,3,5,1,4,3,4,5,5,2,1,2,5,4,2,3,3,2,3,2,5,2,1,1,4,5,5,2,3,3,1,4,5,4,4,5,4,5,5,3,2,2,5,4,2,1,5,3,4,3,4,3,5,3,5,5,5,3,4,2,2,1,5,3,2,4,4,5,5,4,3,4,4,5,1,1,1,3,4,4,3,1,3,4,3,4,5,3,5,4,3,5,5,5,2,5,5,5,3,1,4,2,1,4,4,5,1,2,1,3,5,1,5,3,220.0,226.0,226.0,231.0,210.0
119629,female,15,USA,4,4,5,3,5,4,2,5,3,5,4,3,3,3,4,4,2,4,2,3,2,5,3,4,2,1,3,3,3,4,4,5,5,2,4,4,2,5,4,5,4,3,4,4,5,3,5,5,4,3,3,5,4,5,3,1,4,3,5,2,4,2,5,2,4,4,5,4,3,3,4,4,3,4,3,3,4,4,4,3,4,5,3,3,2,2,3,1,5,3,4,2,5,3,3,3,4,4,4,3,4,3,2,4,4,3,3,4,4,3,3,4,2,3,2,5,2,1,2,3,4,4,4,3,4,4,2,5,3,3,4,3,1,2,4,4,3,2,3,3,3,4,4,5,3,4,3,3,3,3,4,4,4,2,3,5,3,5,5,5,1,3,3,5,2,3,2,2,3,4,3,4,4,5,2,3,3,3,4,3,2,2,5,3,3,5,2,4,4,2,3,3,4,3,5,5,2,2,3,3,4,5,4,5,4,2,5,4,2,3,4,5,5,3,2,5,2,4,5,1,2,3,3,5,5,4,3,2,3,3,3,4,4,3,3,4,3,3,4,3,3,4,5,3,3,4,4,5,5,5,5,3,3,5,5,4,3,4,3,2,2,3,3,5,3,3,3,3,3,4,2,3,5,5,4,3,2,4,5,4,5,3,3,4,3,4,4,3,2,5,3,5,4,5,4,3,5,4,3,2,203.0,201.0,213.0,218.0,210.0
120059,female,14,USA,4,5,5,4,5,3,5,5,5,3,2,4,5,5,5,1,3,3,5,4,3,5,3,3,1,2,5,3,4,4,5,5,1,4,4,2,5,5,4,3,3,4,5,3,4,4,3,4,1,3,4,4,4,3,3,3,5,5,5,3,3,5,5,4,4,2,5,5,5,4,1,5,5,5,5,1,3,5,2,3,1,4,3,5,3,2,5,1,5,3,2,5,5,5,5,1,4,5,5,3,3,4,5,3,3,1,4,4,1,5,2,5,5,3,5,2,2,5,3,3,4,5,3,5,4,3,5,5,2,3,3,4,5,5,4,1,4,5,4,5,3,3,5,5,3,5,5,3,3,3,2,5,5,3,3,3,5,5,5,1,2,5,3,5,3,2,3,4,3,5,3,5,5,4,4,4,3,2,5,3,3,1,1,5,3,3,4,5,3,1,3,3,5,5,4,5,3,4,4,2,3,4,4,4,4,3,5,5,3,4,2,5,5,5,3,2,5,5,5,3,3,5,5,5,4,3,2,3,5,3,3,2,4,3,4,3,5,3,1,2,4,5,3,3,4,3,4,5,5,5,3,5,5,5,5,1,3,3,3,5,1,3,4,4,4,3,4,1,2,3,1,5,5,5,5,5,5,5,4,3,3,5,4,5,4,2,3,3,2,5,2,4,4,2,4,4,2,2,4,1,223.0,228.0,241.0,206.0,201.0
120476,male,25,Finland,2,3,5,4,4,3,3,2,3,4,3,3,4,4,5,3,3,2,2,4,2,4,4,3,3,2,2,3,3,4,2,3,4,4,4,3,2,5,4,4,2,3,4,4,5,2,2,4,2,4,2,3,4,1,3,2,4,2,4,3,2,3,3,4,4,3,3,4,3,4,2,4,4,4,5,2,2,4,3,3,2,3,4,3,4,2,3,2,4,4,2,3,3,4,4,2,3,3,4,4,2,3,4,2,5,3,4,3,2,4,3,2,4,4,3,2,3,2,3,4,2,4,3,4,4,2,2,4,4,4,2,3,4,4,5,3,4,3,4,2,3,2,4,3,4,2,4,3,4,4,4,3,3,4,4,2,3,2,5,4,2,3,3,3,4,2,2,3,4,3,2,2,3,2,4,2,4,2,3,3,2,4,3,4,4,2,3,3,4,4,2,3,3,3,5,3,2,3,5,4,2,4,4,3,4,2,3,3,3,4,2,4,4,4,4,2,3,3,4,4,3,3,3,4,5,3,3,3,5,4,2,3,3,2,4,2,4,2,4,4,4,4,3,2,3,2,3,3,4,4,2,3,3,4,5,3,3,3,2,3,2,3,4,4,4,2,4,3,3,4,2,4,4,4,4,2,3,2,4,3,2,4,4,4,4,2,4,3,3,4,3,4,4,4,3,2,4,2,4,4,204.0,208.0,185.0,194.0,175.0
120597,male,17,UK,3,5,5,2,4,1,5,1,1,5,1,5,1,4,1,3,4,3,1,3,4,5,1,1,3,2,5,5,1,3,1,3,5,1,5,4,5,5,1,5,1,4,1,1,1,1,5,5,3,4,5,5,1,1,3,1,5,3,1,1,1,5,3,1,3,1,5,1,3,5,1,5,3,1,5,1,3,4,3,3,1,1,5,1,1,1,5,1,3,4,1,5,4,1,5,1,4,5,1,5,1,5,5,1,1,1,5,1,1,3,5,5,5,1,3,4,5,5,1,3,1,5,5,1,3,1,1,1,1,1,3,5,1,1,1,1,5,5,3,4,5,4,5,1,4,1,5,5,1,1,1,5,4,5,5,1,3,3,1,5,3,5,1,1,1,4,1,3,5,5,5,5,2,1,3,1,5,1,1,1,1,1,2,1,3,1,2,1,3,5,1,5,5,1,1,1,3,3,5,5,5,5,1,1,2,5,5,1,3,4,1,5,5,1,3,1,5,5,1,1,1,5,5,1,5,1,1,5,1,5,5,2,1,1,4,1,5,1,1,1,1,1,1,1,5,1,5,5,1,5,1,5,5,1,5,1,1,5,3,1,5,5,1,3,2,2,5,1,1,1,1,1,2,1,1,5,1,1,1,5,1,5,1,1,1,1,2,5,1,3,3,5,1,1,3,1,5,1,1,3,168.0,178.0,205.0,115.0,156.0
121199,female,25,USA,4,5,5,2,4,5,1,5,1,4,3,4,5,4,4,3,2,5,4,4,5,5,5,2,2,2,4,2,4,4,3,4,5,2,5,5,4,5,4,2,3,4,5,4,4,4,2,5,2,4,4,5,5,4,4,2,4,1,5,3,2,4,5,2,4,5,4,4,3,4,2,4,4,5,1,2,2,5,4,4,4,5,5,4,4,2,5,2,1,4,4,4,5,2,4,3,2,4,4,2,2,4,4,5,4,2,4,5,2,5,1,2,4,2,4,2,3,4,4,2,4,4,5,2,4,5,4,5,2,2,5,5,5,2,5,4,4,2,3,4,4,4,5,3,4,4,4,1,4,2,2,1,5,2,4,5,1,5,5,4,2,4,5,4,2,4,1,4,3,4,4,2,4,2,4,1,3,4,5,1,4,4,5,2,4,5,2,4,4,1,2,4,4,5,4,4,2,4,2,5,2,4,5,2,4,1,5,4,2,2,2,4,5,2,4,4,4,4,5,2,4,2,4,4,4,2,1,4,4,4,4,5,4,2,4,2,4,2,5,2,4,5,5,2,4,2,4,5,4,2,2,4,5,5,4,2,1,5,2,4,4,5,5,4,4,2,4,2,2,2,1,2,1,3,4,4,2,2,4,2,2,4,4,4,4,2,4,2,2,5,5,5,5,2,4,1,5,1,2,1,216.0,207.0,208.0,208.0,195.0
121541,male,18,USA,4,4,4,1,3,4,2,4,1,4,2,2,1,3,4,3,3,1,4,2,1,2,5,4,4,3,1,5,2,3,4,4,4,2,4,4,3,5,2,4,4,2,1,4,5,4,2,4,5,3,4,2,5,4,4,4,3,2,3,3,2,4,5,2,4,2,4,5,2,5,4,5,5,1,4,4,4,5,2,4,2,1,4,2,4,2,1,1,5,5,5,4,5,2,4,3,3,1,2,5,5,5,5,1,4,2,4,3,1,4,1,2,4,4,5,3,4,5,1,5,4,4,2,2,5,4,4,4,1,5,2,2,5,3,4,4,4,1,1,5,5,2,5,2,4,1,4,5,2,5,1,1,5,1,5,2,2,4,2,2,1,1,1,2,3,4,1,2,1,5,1,5,5,4,2,5,4,2,2,5,4,3,4,1,4,2,2,2,5,2,5,1,1,2,4,1,1,2,3,5,2,1,5,4,2,1,5,3,2,5,2,4,1,1,5,2,3,4,4,4,2,3,2,2,2,4,4,2,3,4,2,1,5,5,2,2,5,2,2,4,4,2,5,1,4,1,2,2,2,4,2,2,3,2,1,4,4,1,1,3,2,1,5,3,2,2,4,1,2,5,4,2,4,1,5,2,2,5,4,4,2,2,1,2,5,2,2,2,1,4,2,2,5,5,4,4,4,1,1,2,201.0,178.0,183.0,164.0,183.0
122160,male,26,USA,5,3,5,2,4,2,4,3,5,4,5,3,2,3,4,2,2,4,2,2,1,4,3,4,3,4,1,1,2,4,4,2,4,2,4,3,2,4,4,3,4,3,4,2,4,4,2,4,4,4,2,4,3,4,5,3,3,4,1,3,3,1,5,2,3,2,1,3,4,4,5,3,3,2,4,4,1,3,4,2,5,4,4,4,2,3,2,2,5,4,5,2,5,3,2,4,2,3,3,4,4,3,3,2,5,4,4,3,3,2,4,3,4,3,2,4,4,5,3,3,4,3,4,3,4,2,3,5,2,4,5,3,4,2,4,5,5,3,3,4,3,4,4,3,4,1,2,5,2,3,4,2,4,2,4,2,1,4,5,4,4,3,1,2,4,2,1,3,4,3,3,4,2,4,2,1,1,3,4,2,4,1,5,2,3,2,2,3,4,2,5,2,2,2,4,2,2,2,5,3,4,4,4,4,1,2,3,3,2,4,3,2,5,2,4,2,3,3,2,4,5,1,3,2,5,3,3,2,4,2,4,4,3,2,2,3,4,3,2,1,5,2,1,2,4,2,2,4,5,3,4,2,3,3,4,4,2,4,3,1,2,5,4,3,2,2,2,2,2,4,3,2,5,4,3,2,2,2,4,4,4,2,2,2,3,3,4,4,4,3,4,4,4,4,2,2,4,4,2,2,187.0,180.0,179.0,183.0,204.0
123543,female,23,Canada,3,4,5,5,4,1,3,4,3,2,5,2,3,4,2,1,3,5,4,4,1,4,2,4,3,2,3,1,4,4,2,3,4,4,3,3,4,5,1,3,4,1,5,3,5,4,3,5,3,3,2,4,1,3,4,3,3,2,2,3,1,4,5,4,3,2,3,3,5,2,3,3,3,5,2,2,4,5,5,3,2,3,3,2,3,1,4,3,5,1,1,4,5,3,3,3,2,5,5,1,3,1,1,4,5,2,3,4,4,3,3,2,3,3,3,4,3,5,3,3,1,1,3,3,3,2,3,5,3,3,4,1,3,2,2,2,2,5,4,2,2,3,4,5,4,2,3,5,5,3,1,5,4,4,3,3,5,5,5,1,3,3,4,4,3,1,1,5,5,1,2,2,4,4,3,2,2,5,4,5,2,5,5,5,4,3,4,3,5,1,5,3,4,5,4,2,3,4,4,3,4,4,4,4,2,3,5,4,3,3,2,5,5,5,3,2,2,3,4,2,4,4,4,5,4,1,2,5,5,3,3,2,4,1,1,3,4,4,4,3,4,5,5,3,4,3,4,4,5,1,3,1,4,5,3,2,2,5,1,3,2,3,3,3,1,2,4,3,3,5,1,5,5,5,4,5,3,4,5,1,3,4,4,5,5,2,4,5,5,4,2,4,1,4,3,1,5,5,5,2,203.0,185.0,191.0,208.0,196.0
124564,female,17,USA,4,3,5,2,4,3,3,5,5,5,4,2,4,5,5,3,3,2,4,5,4,4,1,2,5,4,3,3,4,5,4,4,4,3,5,4,4,5,4,5,3,3,5,4,5,5,4,3,4,5,5,4,2,3,4,3,4,2,4,4,5,4,5,3,4,4,3,5,3,5,3,4,4,5,5,5,3,4,5,3,4,4,5,4,4,4,3,2,4,5,4,4,5,4,3,2,4,5,4,5,4,4,4,5,5,3,5,4,5,5,4,3,3,2,4,5,3,1,4,2,4,5,4,4,4,3,5,4,5,5,4,4,5,4,5,2,5,1,4,4,4,1,5,4,5,5,5,3,5,4,4,5,4,4,5,4,4,5,5,4,4,2,5,4,5,4,2,1,4,5,2,3,2,3,4,4,4,3,5,4,2,3,5,2,2,2,4,5,4,5,3,2,4,5,5,5,4,2,4,5,2,3,3,4,5,4,4,2,3,3,4,4,5,2,2,4,4,4,5,3,2,2,5,3,5,4,2,1,4,5,2,3,2,3,4,2,5,2,4,2,4,5,4,2,3,2,4,5,5,4,3,4,4,5,5,4,1,3,4,4,2,3,2,5,4,3,4,2,2,3,2,4,5,4,5,2,2,4,4,5,3,3,4,5,3,2,2,2,3,5,3,4,3,2,3,4,4,1,3,4,215.0,234.0,220.0,223.0,219.0
125206,male,25,USA,1,2,5,5,4,1,1,5,5,3,2,4,2,4,5,3,4,3,3,4,2,2,5,3,2,1,4,5,4,3,1,3,5,5,5,2,2,4,3,3,1,4,5,4,5,2,2,3,3,4,2,2,5,4,4,3,5,2,4,4,1,4,5,4,4,1,3,5,4,3,1,2,3,5,5,4,4,5,3,3,2,3,5,2,2,1,4,3,4,4,2,4,5,5,4,1,3,4,5,2,1,2,3,5,5,2,3,4,4,5,2,1,5,4,3,2,4,5,5,4,2,4,3,5,5,1,2,5,2,3,2,3,4,4,4,3,2,4,3,4,3,1,5,3,4,2,5,5,4,5,1,2,5,4,4,1,2,5,5,4,1,4,2,5,5,2,3,4,4,4,3,1,5,2,2,2,5,4,5,4,2,3,5,5,4,1,2,5,4,1,2,2,2,5,5,3,2,5,5,4,2,3,5,2,4,1,4,3,5,4,3,3,5,5,5,2,2,4,4,2,2,4,2,4,4,2,3,3,5,4,1,1,5,1,2,2,4,4,4,5,1,3,5,4,4,2,2,4,5,2,1,2,2,4,5,3,2,4,5,5,2,3,5,5,2,2,5,3,3,4,2,3,5,5,5,1,1,4,5,1,2,3,4,4,5,2,2,4,5,5,4,2,5,5,3,2,3,3,5,2,237.0,190.0,189.0,211.0,174.0
125297,female,26,USA,5,4,4,2,5,4,4,5,5,4,4,2,5,5,5,2,4,5,2,4,2,4,5,2,1,5,5,1,3,4,4,4,4,4,4,4,4,5,4,2,2,1,5,4,5,4,4,5,2,3,2,4,2,2,3,2,4,2,4,3,5,5,5,2,3,4,4,5,2,4,4,2,3,4,4,2,3,3,5,4,4,5,2,4,2,1,5,1,4,3,4,4,4,4,4,2,4,5,4,2,3,1,5,5,4,2,4,4,2,3,1,1,4,4,1,5,3,4,4,2,4,5,2,4,3,4,5,5,4,4,4,2,5,3,4,2,4,2,2,2,3,1,4,5,4,5,4,2,5,2,4,5,5,4,4,4,3,5,5,2,1,2,5,4,3,4,2,3,2,4,2,3,1,4,1,4,3,5,5,2,4,4,5,2,5,4,4,5,5,2,2,2,5,5,4,1,2,2,4,5,5,4,1,5,2,1,5,1,1,2,4,5,4,3,4,4,1,5,5,2,4,5,5,5,2,3,2,5,3,5,4,1,1,3,2,1,4,2,3,2,4,5,5,2,5,2,4,5,4,2,3,4,5,5,5,2,4,5,2,4,2,2,1,4,1,2,2,1,4,3,2,5,4,5,5,4,4,2,5,3,4,2,5,5,2,2,5,4,4,5,4,5,4,4,2,4,5,1,4,4,205.0,198.0,215.0,209.0,207.0
126053,female,35,USA,4,3,4,4,4,4,1,5,5,4,3,2,5,4,4,4,5,2,4,4,1,2,4,5,4,4,4,4,2,2,3,4,3,2,4,4,2,5,4,5,2,1,5,4,4,2,5,5,5,5,1,3,5,5,4,5,3,5,4,3,3,2,3,4,4,5,2,4,5,4,3,2,4,4,5,4,3,5,1,3,2,4,5,2,2,3,2,2,5,4,5,3,5,4,4,1,2,5,5,4,2,4,1,3,4,3,5,5,1,5,3,1,5,3,4,2,5,5,3,4,3,4,2,4,4,3,2,5,3,4,4,4,5,4,5,2,5,1,3,5,1,1,5,4,3,5,4,3,4,3,4,1,4,4,5,4,1,5,5,4,2,3,5,5,4,2,4,2,5,2,1,1,5,3,4,3,4,5,5,5,4,3,2,4,4,2,2,5,5,4,3,1,5,4,3,4,2,2,5,4,2,1,5,4,5,1,5,1,2,3,4,2,4,4,4,5,1,5,5,2,4,4,5,5,5,1,2,1,5,2,1,1,5,2,1,3,4,3,3,5,4,4,3,3,4,3,1,3,5,5,1,1,5,4,5,3,2,5,5,5,1,1,5,5,4,4,1,1,3,5,2,2,5,5,4,2,2,5,5,5,4,3,5,3,5,4,5,2,5,5,3,1,5,5,1,5,5,4,5,4,225.0,210.0,199.0,208.0,208.0
126427,female,18,USA,4,3,5,3,2,5,3,5,3,3,4,2,5,4,4,5,3,5,2,3,5,5,3,5,1,3,2,4,5,1,4,5,5,3,3,5,4,5,3,2,5,2,3,3,2,5,3,5,5,2,5,5,5,3,1,3,3,1,5,3,2,3,5,5,2,5,5,5,3,4,3,4,4,4,3,3,2,5,4,3,5,5,4,5,1,4,3,1,3,2,5,3,5,3,2,3,3,4,3,3,5,2,1,5,2,5,3,2,1,1,5,5,2,5,1,2,1,2,5,1,5,3,4,4,3,5,3,5,4,3,5,2,5,3,2,5,5,3,2,2,5,3,4,5,3,5,3,3,2,2,4,2,5,3,3,5,2,5,4,2,3,1,5,5,4,2,1,1,2,2,5,3,4,5,2,3,1,5,4,1,3,3,5,4,1,5,2,5,4,1,5,1,5,4,3,5,2,1,2,3,5,5,5,5,2,4,4,3,1,1,2,3,5,1,3,5,4,5,4,1,5,3,1,4,3,4,2,1,4,2,5,2,3,4,1,3,2,5,5,1,5,4,5,3,3,4,3,5,4,2,5,1,5,1,4,3,2,5,2,2,5,5,5,5,1,4,4,1,3,1,3,3,5,5,1,5,2,5,5,4,5,1,4,5,3,3,4,2,1,1,5,4,4,5,2,3,3,2,2,1,205.0,166.0,192.0,218.0,225.0
126648,male,18,USA,2,4,4,3,4,4,2,5,5,4,2,4,2,4,5,1,3,4,3,3,1,4,4,1,3,2,3,1,4,5,3,4,4,4,4,4,4,5,4,4,2,5,4,4,5,3,3,4,1,5,5,4,2,3,4,1,5,1,4,2,2,5,5,4,4,4,5,3,4,4,1,5,5,5,5,1,4,4,4,4,4,4,4,3,4,2,3,3,4,4,2,4,4,2,5,2,4,4,2,3,3,4,3,4,5,1,1,5,4,5,1,3,4,1,4,1,4,1,4,2,2,5,3,2,4,4,4,5,1,3,2,5,5,5,5,2,4,4,3,3,3,4,4,5,3,2,5,1,5,3,2,5,5,3,4,4,5,5,5,5,1,5,2,5,5,1,4,5,1,5,1,4,3,3,5,1,3,3,3,4,3,4,4,4,4,4,4,3,5,4,1,5,2,5,5,1,2,5,5,5,2,1,5,3,5,1,5,2,5,5,2,5,5,5,4,4,5,4,5,5,2,5,3,5,4,2,4,4,4,5,2,3,2,2,5,1,5,2,5,3,4,5,4,5,5,1,5,5,5,2,2,5,2,5,5,1,4,5,5,5,4,5,5,4,5,2,5,2,5,3,1,5,5,2,5,3,4,5,5,2,3,5,4,5,5,1,4,2,4,5,4,5,2,2,4,2,5,1,4,4,217.0,229.0,229.0,212.0,183.0
126721,female,24,USA,5,2,5,4,4,4,2,5,4,3,4,3,5,3,3,4,3,5,4,2,4,5,5,4,1,4,4,5,5,4,5,4,5,4,4,4,2,5,2,1,4,3,4,4,4,4,2,5,4,3,5,5,5,4,2,4,2,2,5,3,4,2,5,4,2,4,2,5,5,2,5,2,5,4,2,4,2,5,5,1,5,3,4,1,1,2,4,5,4,2,4,2,5,4,3,4,2,5,4,2,5,4,4,4,4,4,2,5,2,2,4,2,5,4,1,4,4,1,5,2,5,4,5,4,3,4,3,5,3,2,4,2,4,3,4,4,4,4,3,4,5,4,5,2,2,5,3,5,4,4,4,3,5,2,1,4,1,5,4,2,4,3,2,3,3,4,2,4,5,5,4,4,5,4,5,5,2,5,5,2,5,4,5,3,2,4,2,5,3,1,4,3,5,4,4,4,2,4,2,4,2,5,5,4,2,1,4,3,5,3,5,2,4,2,4,4,2,5,4,2,4,4,4,3,4,4,2,4,4,3,4,4,5,2,1,4,2,5,4,2,5,5,5,2,4,4,2,5,4,1,4,2,5,5,3,2,2,5,4,2,2,4,5,5,1,4,2,3,4,2,4,2,4,3,4,1,1,5,3,4,4,2,5,4,5,4,3,5,2,2,4,5,5,4,5,5,3,2,4,2,234.0,180.0,197.0,217.0,237.0
127156,female,16,Australia,5,4,5,3,3,4,2,4,1,4,4,3,4,4,3,4,2,5,4,2,5,5,4,2,1,1,1,5,5,4,3,4,5,1,4,5,1,5,2,3,5,4,1,1,2,4,2,5,5,2,5,5,5,5,2,5,1,2,4,5,2,2,5,2,2,4,5,3,5,5,5,2,2,4,1,4,1,5,5,1,4,5,5,5,2,5,5,1,3,2,4,4,5,2,2,3,2,3,4,2,5,2,2,5,2,3,2,5,1,2,5,4,4,5,2,3,1,5,1,1,5,4,5,1,4,2,3,5,4,2,4,2,5,2,2,4,4,4,2,2,5,5,5,5,2,4,2,5,4,2,5,3,5,4,3,5,2,4,2,1,4,2,4,2,1,4,1,5,5,5,5,2,4,5,1,4,1,5,2,1,4,4,5,2,2,4,2,3,4,1,5,4,4,4,2,3,2,5,5,3,5,5,5,5,1,3,2,2,1,2,2,4,5,1,2,5,4,1,5,1,5,4,2,4,2,2,2,4,2,1,5,2,4,2,1,4,4,3,3,4,4,3,5,2,2,2,4,4,4,1,5,3,4,2,4,5,4,5,4,2,4,5,5,5,1,4,2,4,4,2,2,3,5,3,2,4,3,1,4,2,5,4,2,4,2,2,4,5,4,2,5,5,5,3,2,4,5,5,1,1,200.0,172.0,194.0,201.0,227.0
127685,female,21,Canada,5,2,4,1,5,4,1,5,4,5,3,4,5,4,4,3,4,4,3,3,2,5,4,3,1,4,3,4,3,4,4,3,4,2,5,4,1,5,4,4,3,2,4,4,4,5,4,5,3,5,4,4,4,2,3,4,2,2,5,5,2,2,4,3,5,3,4,4,2,4,3,5,4,4,2,5,3,5,4,3,4,4,5,3,2,4,3,4,4,2,3,3,5,4,4,2,4,4,2,4,4,2,5,4,4,2,5,5,1,5,5,1,5,4,2,5,4,5,4,2,4,4,4,4,5,3,2,5,2,5,4,5,5,5,4,5,4,2,3,4,3,2,5,2,4,4,4,5,5,2,2,2,5,4,5,4,2,5,5,2,1,2,4,4,4,2,2,4,5,4,3,2,4,3,2,1,4,5,5,1,2,2,5,2,4,4,2,5,5,2,5,2,5,5,3,2,2,4,3,4,3,4,4,3,3,2,4,2,3,2,4,2,5,2,4,4,1,2,5,2,4,4,5,5,5,1,2,2,2,4,2,1,4,1,2,1,4,3,4,4,2,4,5,2,4,2,2,4,4,3,2,2,4,4,5,4,2,5,4,4,4,5,5,4,2,2,4,2,2,4,1,2,4,5,5,3,2,2,5,4,4,3,4,4,4,2,4,4,4,4,4,3,4,4,2,2,4,5,2,1,229.0,196.0,188.0,204.0,219.0
130291,male,23,USA,3,5,5,4,4,2,4,5,5,4,3,2,4,4,3,4,4,4,2,2,1,3,1,2,3,2,3,4,5,3,4,4,5,5,5,4,3,4,4,5,4,1,5,4,2,4,4,5,5,4,4,4,1,5,2,4,3,3,5,4,3,4,4,4,4,4,2,5,2,5,4,2,2,3,1,2,3,3,5,2,4,4,4,5,2,4,5,3,4,2,5,3,2,5,3,4,2,5,3,4,4,2,2,5,4,4,3,3,5,3,5,3,4,5,2,5,4,5,4,1,4,4,4,5,3,1,3,4,2,3,4,2,2,4,4,4,3,2,5,4,1,3,2,5,2,4,3,5,3,2,4,1,4,4,3,4,1,5,3,4,2,2,1,3,3,2,1,5,4,2,5,2,3,3,3,4,4,4,5,2,3,2,4,5,3,1,1,2,5,4,4,2,3,5,2,5,5,4,5,4,5,2,1,3,2,3,4,4,4,2,4,3,5,5,4,2,5,3,3,1,3,2,3,5,5,5,3,3,5,1,5,2,2,2,2,1,4,2,4,3,2,2,2,4,4,3,2,1,4,5,3,2,1,2,5,4,4,2,4,3,5,4,2,4,2,4,5,3,4,4,3,2,5,5,2,4,4,4,5,5,4,2,4,2,2,4,2,3,2,2,4,4,1,4,2,3,5,5,5,2,204.0,191.0,196.0,215.0,203.0
130932,female,18,Mexico,4,3,5,2,5,3,5,4,5,4,5,4,4,5,4,1,4,5,4,3,5,5,5,1,4,1,4,4,4,4,4,3,5,4,4,3,1,5,5,4,3,5,4,4,3,4,3,3,2,4,4,1,1,5,4,3,4,3,4,5,2,1,5,2,3,5,5,5,2,4,3,3,3,5,4,4,1,4,5,3,3,4,3,4,3,1,5,2,3,3,5,5,5,4,3,1,4,5,2,4,2,5,3,4,4,2,5,5,3,3,3,5,5,4,3,1,3,1,2,5,2,4,5,4,4,2,5,3,3,4,5,5,5,3,5,2,3,1,3,3,5,1,5,3,2,3,5,3,5,4,2,4,5,4,4,3,5,5,5,4,4,3,3,4,4,4,2,1,5,4,4,5,5,2,4,4,2,5,3,3,2,4,1,4,3,2,4,3,2,1,5,3,5,5,3,4,2,2,2,4,3,3,3,3,1,1,5,3,2,4,2,5,5,4,2,2,5,4,5,3,2,2,5,5,4,2,3,2,5,3,3,2,4,2,3,3,4,3,2,1,5,5,1,4,4,1,3,5,5,4,3,4,5,5,4,4,2,5,2,3,1,5,3,4,3,2,3,1,2,4,1,5,1,5,4,5,4,5,5,4,3,4,5,5,4,1,4,3,3,4,3,5,4,1,3,4,3,4,5,1,216.0,216.0,213.0,201.0,198.0
131556,female,50,USA,3,4,5,4,4,2,1,5,3,4,2,3,5,5,4,3,2,4,5,2,1,2,5,5,2,4,4,5,5,4,4,3,4,4,4,2,2,4,4,4,2,2,5,5,5,4,2,4,5,4,1,3,4,2,4,3,3,5,5,5,2,2,5,4,4,2,2,5,3,4,2,4,5,5,4,4,2,4,5,4,1,2,5,2,2,2,4,5,5,2,4,2,5,4,4,1,4,5,5,4,2,4,5,5,5,4,2,5,5,5,1,1,4,5,4,2,1,4,3,2,4,5,4,4,4,1,1,5,3,3,2,4,5,5,5,3,2,4,4,4,3,1,5,4,4,4,5,5,5,5,2,1,5,3,4,2,1,5,5,4,1,5,4,5,5,2,2,4,5,4,2,1,5,3,4,2,4,4,5,4,1,2,5,4,3,2,1,4,5,4,3,2,5,5,5,4,1,4,5,4,1,3,5,2,2,1,4,4,5,5,3,2,5,4,5,2,1,5,5,4,2,4,5,5,5,4,1,3,5,4,1,1,4,2,5,2,3,3,4,3,4,5,5,3,4,2,2,4,5,4,2,1,5,5,5,4,4,4,5,4,1,1,5,5,4,3,2,4,4,5,2,1,5,5,5,1,1,4,5,4,2,2,5,5,5,2,2,4,2,5,2,2,4,5,4,2,2,3,3,4,249.0,203.0,185.0,225.0,190.0
131866,female,14,USA,3,4,4,4,4,4,5,5,4,4,1,4,3,4,4,2,3,4,4,4,3,4,2,1,3,1,5,4,4,4,1,3,4,4,4,4,5,5,4,3,1,4,4,3,4,4,4,4,3,3,4,5,4,1,3,3,5,3,4,3,2,4,4,3,3,1,5,4,2,3,1,3,2,4,3,3,2,4,4,3,2,4,3,4,3,2,5,4,3,3,4,4,4,3,4,1,4,4,3,3,1,3,4,4,3,2,3,4,2,2,2,4,2,1,4,4,5,2,2,2,4,4,4,4,2,2,5,4,2,4,1,2,4,3,3,3,3,2,3,3,3,4,4,4,3,1,4,2,4,3,2,5,4,4,3,2,4,5,2,4,1,2,3,4,4,2,2,4,4,3,3,4,3,4,4,4,3,3,2,3,3,4,5,4,4,4,5,4,3,2,2,4,4,4,4,4,2,4,4,4,4,4,2,4,2,4,5,4,3,4,3,5,5,2,3,2,4,4,4,4,5,5,5,4,4,4,2,3,4,4,2,4,4,3,2,3,4,3,2,2,2,4,4,3,4,2,5,5,4,4,2,4,3,4,5,5,2,2,2,2,4,5,2,5,4,3,5,3,4,4,3,4,5,4,2,4,5,2,3,3,1,4,2,4,3,2,4,3,4,4,4,5,4,2,2,3,5,2,2,2,202.0,199.0,224.0,193.0,186.0
132583,male,26,USA,4,2,2,4,5,1,2,1,5,5,3,4,3,3,5,4,4,2,5,5,4,4,5,5,4,1,2,1,2,5,4,2,2,3,5,4,1,4,5,4,2,3,3,4,5,4,4,1,5,5,3,2,2,5,4,2,2,3,3,4,2,2,3,3,4,2,4,3,3,4,3,2,2,5,5,4,2,3,5,2,2,3,5,4,4,4,4,1,2,4,4,2,3,4,3,1,3,2,5,4,1,2,4,5,5,4,5,3,5,5,3,3,5,5,5,2,2,2,3,4,4,2,2,4,5,1,2,2,2,4,1,4,5,3,5,4,4,2,4,5,5,2,4,1,4,2,3,1,3,4,4,1,4,4,5,2,2,2,5,4,3,3,2,5,5,3,2,2,4,5,3,1,3,1,5,1,2,2,4,4,2,2,3,4,5,1,2,2,5,3,3,1,3,5,5,5,3,1,5,5,3,3,4,1,3,1,1,2,2,3,4,3,2,3,5,3,4,1,4,4,3,2,2,5,5,2,2,1,5,5,3,2,3,1,5,2,3,2,2,4,4,4,2,3,5,1,3,3,5,4,2,1,2,5,5,4,1,1,4,5,1,2,5,5,5,2,4,1,2,5,4,2,3,4,5,3,2,1,5,4,2,3,2,4,5,2,3,1,4,5,4,4,1,5,2,1,2,1,2,4,174.0,209.0,180.0,210.0,182.0
133104,female,13,USA,3,4,4,3,3,2,5,4,2,1,2,1,3,3,3,2,3,1,1,1,5,5,3,5,1,1,2,5,1,1,1,3,5,3,2,2,3,5,1,1,5,1,4,3,3,4,3,5,3,4,5,5,5,5,3,1,5,3,4,2,2,4,5,3,2,2,5,5,5,1,1,4,3,4,2,2,5,5,5,3,5,5,3,2,2,2,5,3,3,2,2,4,5,3,3,1,2,3,4,1,5,3,3,5,2,4,2,5,3,2,1,5,4,3,2,4,2,5,2,1,4,3,4,2,2,1,5,3,3,2,1,2,4,2,4,3,2,5,2,3,5,3,5,5,3,2,3,5,5,4,3,1,5,3,3,3,5,5,5,1,3,2,3,5,2,2,1,5,5,3,3,5,4,5,3,4,3,5,3,4,3,4,4,3,3,3,4,4,5,1,5,1,4,5,3,5,1,5,5,3,3,5,3,5,5,3,4,3,3,3,3,5,4,3,4,3,5,4,4,1,2,1,2,4,4,4,2,5,4,4,4,1,4,2,1,3,4,3,3,1,4,5,5,3,4,4,5,5,5,3,3,1,4,5,3,1,3,5,2,4,1,5,3,4,4,5,5,3,1,1,3,4,5,5,1,4,4,5,4,3,4,1,5,5,3,2,2,4,3,5,3,5,4,5,3,3,4,1,5,1,218.0,164.0,201.0,203.0,199.0
133233,male,19,USA,3,2,4,4,4,1,4,5,4,5,2,2,2,4,5,2,5,3,3,4,2,4,3,3,2,1,4,3,3,4,2,3,4,4,4,1,2,5,4,2,1,4,4,4,5,2,5,4,4,5,4,3,2,4,4,2,4,4,3,4,2,4,4,5,4,1,5,4,4,3,1,4,4,4,3,4,2,4,5,4,4,4,3,4,2,2,5,1,3,4,1,4,4,4,5,1,4,3,4,4,1,3,2,4,5,2,4,4,5,4,1,2,4,4,3,2,4,4,4,4,3,4,4,4,4,1,5,4,2,4,2,2,4,2,3,4,2,2,3,4,4,3,4,4,4,2,5,3,4,5,2,2,4,4,4,1,3,5,5,4,2,3,2,5,4,4,1,2,4,5,2,4,4,2,2,2,5,4,5,2,2,4,4,5,4,1,2,4,4,2,1,2,2,4,5,4,2,2,4,5,2,2,2,2,2,2,5,3,2,5,2,4,4,2,4,2,4,4,4,4,2,2,4,4,4,4,2,2,5,4,2,1,5,2,3,2,4,3,3,2,2,4,4,2,5,1,2,4,5,4,2,2,2,5,4,2,2,1,4,2,4,4,5,4,2,2,5,2,4,5,2,2,5,4,4,2,1,4,5,2,1,3,2,5,4,2,4,2,4,4,4,4,2,4,2,2,4,1,2,3,197.0,201.0,212.0,205.0,157.0
133454,female,20,USA,3,1,5,3,3,2,1,5,5,2,3,1,1,5,5,1,2,2,2,5,1,2,3,5,2,1,3,3,2,4,1,2,4,3,4,4,1,5,5,2,1,2,4,4,5,4,2,4,2,5,1,2,5,4,3,4,4,2,3,2,4,1,5,2,3,4,3,5,5,4,2,2,4,3,5,4,1,2,4,4,4,3,2,4,2,1,4,1,4,2,2,3,5,2,4,2,2,5,5,2,1,3,2,4,4,5,4,2,3,5,1,1,3,4,4,4,3,4,2,5,2,4,2,3,4,4,1,5,3,4,4,2,5,4,5,5,4,2,2,4,3,2,5,5,4,2,1,3,4,5,2,4,5,4,5,4,1,5,5,1,1,1,4,5,5,5,1,2,3,5,2,1,4,3,4,3,4,3,5,2,4,1,5,3,4,4,1,5,5,1,4,2,2,5,5,5,1,2,4,5,1,4,4,2,2,4,2,2,3,5,1,2,5,4,4,4,1,4,5,1,4,3,4,5,5,5,1,2,5,5,1,2,4,4,1,2,4,1,3,4,2,3,5,1,4,3,2,2,5,2,2,1,5,5,2,4,1,4,4,3,1,1,2,4,2,4,4,1,4,4,2,2,5,5,4,4,1,2,5,1,2,2,5,5,5,2,1,2,2,4,4,2,5,5,2,2,3,1,5,1,197.0,186.0,172.0,204.0,181.0
133521,male,33,USA,5,2,5,2,5,4,3,4,4,5,3,4,4,3,4,2,2,1,2,5,4,3,4,2,4,1,2,1,1,5,3,2,4,4,5,4,4,5,4,3,3,4,2,4,5,1,3,2,2,5,4,2,2,2,4,2,4,1,3,3,2,4,4,3,5,4,3,4,4,4,3,4,5,2,5,4,2,4,2,4,4,2,4,4,4,1,4,1,1,4,3,4,4,4,4,3,2,1,2,4,2,4,3,2,4,2,4,3,1,4,4,1,4,2,5,1,3,3,2,4,2,2,4,4,4,4,3,4,2,4,4,4,4,2,4,4,5,2,2,4,5,3,4,2,5,3,3,1,2,4,2,2,4,4,5,4,2,4,2,5,2,5,4,2,2,2,2,2,2,5,4,2,4,2,5,2,3,2,2,4,2,3,5,2,4,4,2,2,2,3,2,4,4,2,5,2,3,2,2,5,4,4,4,2,3,2,4,2,2,4,1,2,5,2,5,4,1,2,3,4,3,3,4,2,4,2,2,1,2,4,4,2,4,2,5,2,4,2,2,4,2,2,4,2,4,3,2,3,2,4,2,4,4,2,3,4,4,4,2,3,4,4,4,2,4,4,2,1,1,4,3,2,5,4,2,4,2,2,4,3,2,4,2,2,3,2,4,2,2,5,4,5,4,2,4,3,4,2,2,4,184.0,211.0,181.0,180.0,179.0
133636,male,25,Japan,2,5,3,5,5,2,1,4,5,5,3,4,4,5,4,1,3,2,5,2,2,3,4,2,4,1,3,5,5,5,2,5,3,5,5,1,3,5,4,5,1,5,5,4,5,2,2,5,2,5,2,2,3,1,4,2,4,5,5,2,1,5,3,5,5,1,4,4,5,4,1,4,5,5,5,1,2,3,4,4,2,4,4,1,3,1,2,4,5,2,2,5,4,5,5,1,5,5,5,5,1,5,4,5,5,1,3,5,5,5,4,1,3,4,2,2,4,5,4,3,4,5,3,5,5,1,3,5,4,1,1,5,5,4,5,1,2,4,2,5,5,1,5,4,2,2,4,5,5,4,2,5,4,4,4,1,5,4,5,4,1,5,2,5,5,2,1,4,5,5,2,1,2,1,5,2,5,3,3,2,1,5,2,5,4,1,5,4,5,4,2,5,4,5,5,1,1,4,5,5,2,4,5,1,3,1,5,2,3,4,2,5,4,5,4,1,2,2,5,4,2,5,5,1,5,1,1,1,5,4,2,1,5,1,5,1,5,3,4,5,2,5,4,5,5,2,2,2,5,4,1,4,2,5,5,3,3,4,5,5,4,4,4,4,5,2,5,3,2,4,1,5,5,5,4,3,2,2,5,2,1,5,4,5,5,1,4,5,5,5,4,1,4,5,4,2,4,1,2,2,225.0,224.0,205.0,211.0,173.0
134055,male,19,USA,2,4,5,5,3,2,1,5,1,3,3,1,4,3,3,4,3,5,4,2,4,5,4,5,2,4,4,3,4,5,2,5,5,4,3,2,2,5,3,3,2,2,5,4,5,3,3,5,4,3,5,5,4,2,3,4,4,2,5,5,3,3,5,4,3,2,4,4,4,3,2,3,4,5,3,5,3,5,5,3,3,3,4,4,3,2,4,1,4,3,2,4,5,3,4,3,4,4,4,2,2,4,5,5,4,4,1,4,2,3,2,1,4,2,3,3,3,1,3,3,4,4,4,4,4,2,2,5,3,3,4,2,5,4,5,2,3,4,3,2,2,3,5,4,4,4,5,3,5,3,2,3,5,4,3,2,2,5,4,4,2,3,4,5,4,3,2,4,4,4,3,2,5,2,3,3,4,4,5,2,2,4,5,4,3,2,2,4,4,1,3,2,5,5,4,2,1,4,5,4,3,4,4,2,2,3,5,2,4,2,4,3,4,4,4,2,1,4,4,2,2,2,4,5,4,2,2,4,5,3,4,3,4,3,2,1,4,1,4,2,3,5,5,2,4,2,5,5,5,1,2,5,4,5,5,1,1,4,5,3,4,2,5,4,4,2,5,2,2,2,1,4,5,5,4,2,2,4,4,2,2,4,5,4,4,2,3,5,5,3,4,4,4,5,4,2,4,4,4,2,217.0,184.0,203.0,208.0,208.0
134523,female,29,USA,4,4,5,3,5,4,4,5,5,4,4,4,5,4,4,4,5,4,2,4,1,5,5,3,3,3,4,5,5,5,4,4,4,4,4,4,4,5,4,5,2,4,5,5,5,4,5,5,3,5,5,4,5,2,3,4,4,4,5,4,4,2,3,4,4,2,2,5,3,5,3,4,5,4,5,4,5,5,3,3,2,5,4,2,2,2,3,3,3,2,4,4,2,4,4,1,2,5,4,3,2,2,5,5,4,2,4,5,3,4,4,2,5,2,4,4,2,5,4,3,4,4,2,4,4,4,4,5,2,2,2,4,5,5,5,3,4,3,3,4,2,4,5,2,4,4,4,5,5,4,4,5,4,4,5,2,2,5,5,4,3,2,4,5,2,4,2,4,4,5,2,4,5,2,4,2,2,5,5,2,4,2,2,2,2,2,2,5,2,4,4,4,4,5,5,2,2,4,5,5,4,5,5,2,2,1,4,4,4,1,4,2,5,2,5,4,2,5,4,4,4,4,5,5,4,2,2,4,4,2,2,4,5,2,4,2,4,3,4,2,4,4,2,2,4,2,2,4,4,4,3,4,4,4,4,2,4,5,4,2,3,5,5,4,4,2,2,2,4,4,1,3,5,4,5,2,2,5,5,2,3,4,4,4,4,1,4,4,4,3,4,4,5,2,2,3,2,3,2,2,234.0,219.0,213.0,202.0,211.0
136051,male,20,USA,4,5,5,5,4,1,5,4,5,4,2,5,3,5,4,2,4,3,4,4,4,5,4,1,4,3,5,3,4,4,2,5,5,5,4,1,4,5,4,3,1,5,5,5,5,5,3,4,4,3,2,4,5,1,4,2,4,4,5,4,3,5,5,4,4,1,5,5,4,3,1,4,5,5,2,4,4,5,5,3,1,4,5,1,3,2,3,5,5,4,4,5,4,5,3,1,3,4,4,3,3,4,4,5,4,4,4,4,1,3,3,4,5,2,2,2,4,1,4,4,2,5,4,5,5,1,5,4,3,3,2,4,5,5,4,3,4,2,2,5,3,2,4,3,3,2,4,3,5,5,1,4,2,5,4,2,3,5,5,5,1,5,4,5,5,1,2,2,4,5,3,2,4,3,2,2,4,3,3,3,2,4,5,5,3,1,5,5,5,2,4,4,4,5,5,2,2,2,5,4,2,4,4,3,4,2,5,2,5,4,4,5,5,4,3,1,4,3,5,3,2,5,5,5,4,3,2,4,5,4,3,1,4,1,2,3,5,3,3,3,4,5,5,4,5,1,4,5,4,5,3,4,4,5,5,4,3,2,5,1,5,1,5,2,2,2,5,2,4,4,2,3,5,5,4,1,3,2,4,4,3,4,5,5,5,1,3,2,4,4,4,5,4,1,3,2,5,1,2,3,223.0,205.0,236.0,210.0,195.0
136068,female,31,Albania,4,4,4,3,5,5,3,5,5,4,3,3,4,4,4,3,2,3,3,3,1,4,3,3,4,3,3,4,4,3,3,3,4,3,4,5,3,5,4,3,2,3,4,3,5,3,2,5,3,4,3,3,4,4,3,3,4,4,4,4,3,4,4,3,4,3,4,4,4,4,3,4,4,4,4,3,3,4,4,4,2,4,4,3,4,2,3,2,4,4,2,4,2,4,4,2,3,5,5,4,2,2,4,2,4,2,2,4,2,4,3,1,4,3,4,2,3,2,3,4,3,4,3,4,3,3,4,5,2,4,3,4,5,4,5,4,3,2,3,2,2,2,4,4,3,2,4,5,4,3,3,2,4,3,2,4,3,5,4,4,1,3,3,4,4,2,4,2,4,4,4,2,2,2,4,3,4,3,3,4,2,4,2,3,3,4,3,3,4,4,3,4,2,4,4,3,2,2,3,5,2,2,4,3,3,3,3,2,2,4,3,4,4,3,4,4,2,4,4,4,3,3,4,4,4,2,2,2,3,3,2,1,3,4,3,3,4,3,3,3,2,4,4,3,3,3,3,4,5,4,2,3,3,4,4,3,3,2,3,4,1,1,2,4,3,3,4,1,3,4,4,2,4,5,5,4,2,5,5,4,2,4,3,4,5,2,4,2,3,4,3,4,4,4,4,3,3,3,3,3,219.0,206.0,192.0,200.0,179.0
136487,female,27,USA,4,4,4,2,4,3,2,2,5,4,2,2,2,4,4,4,3,2,4,4,5,5,3,5,4,4,3,1,2,4,4,3,3,3,2,4,1,5,4,4,1,2,1,1,5,5,3,4,5,4,2,3,2,4,4,4,3,2,2,4,3,2,5,3,4,3,4,4,5,4,3,3,2,2,5,5,2,3,5,3,3,3,1,5,4,1,4,1,5,4,5,1,5,3,2,2,1,1,4,5,4,1,2,1,5,5,3,3,3,2,4,2,1,5,4,5,2,5,1,5,4,2,4,3,2,2,2,5,4,4,2,3,4,4,4,4,2,1,5,2,4,2,5,5,4,2,5,2,1,5,4,1,4,4,4,2,2,1,5,5,1,2,2,5,5,4,1,4,5,3,2,2,2,4,4,2,4,3,4,4,2,1,5,2,2,3,1,1,5,4,4,1,2,2,5,5,1,2,5,4,2,5,1,3,4,3,4,2,2,4,2,2,1,2,1,4,2,2,3,5,2,1,1,5,5,5,1,1,5,2,3,1,2,5,4,2,3,2,1,4,4,2,4,2,2,2,2,3,5,3,2,1,2,5,5,5,1,5,4,4,1,5,1,5,4,2,5,1,1,4,4,1,3,5,4,2,2,1,5,4,1,2,2,2,5,2,2,2,2,4,2,4,1,5,2,2,4,1,1,3,170.0,185.0,172.0,199.0,193.0
137311,female,13,USA,4,4,3,2,3,3,4,3,3,4,4,4,4,4,3,2,3,4,3,3,2,3,3,2,2,2,3,3,4,4,2,4,4,3,3,4,4,5,3,4,2,3,4,4,3,2,4,5,3,4,2,4,4,3,3,3,4,4,2,4,1,4,4,2,4,2,4,4,3,4,3,4,4,3,4,2,4,4,5,4,3,4,4,5,3,2,4,3,4,4,4,5,5,3,4,2,4,5,3,4,2,5,4,4,4,2,2,4,2,4,3,2,4,3,3,2,4,3,3,4,4,5,4,4,4,1,5,5,2,3,4,3,4,4,5,2,4,2,3,4,3,3,4,3,3,2,5,3,4,2,2,5,4,4,3,4,5,4,5,4,2,5,3,5,3,2,1,4,3,3,2,3,4,3,4,2,4,4,5,3,2,5,3,2,4,3,5,5,4,5,2,3,4,3,4,2,2,3,4,2,4,4,3,2,4,2,5,2,2,4,3,4,4,3,4,4,4,4,4,4,3,4,3,5,4,3,2,3,4,4,3,3,4,2,2,2,5,4,3,2,3,3,2,4,4,2,3,5,4,4,2,3,3,5,3,2,2,4,3,3,2,4,3,4,4,3,5,3,3,4,2,4,4,5,3,2,4,4,3,2,2,4,5,4,4,2,4,3,4,4,3,5,4,3,4,2,2,3,2,4,213.0,215.0,210.0,192.0,187.0
137512,male,21,USA,5,1,3,2,4,4,4,3,4,4,1,4,3,4,5,3,3,3,4,4,3,4,4,5,3,2,1,3,3,2,1,3,3,2,3,4,1,5,4,3,5,4,3,3,4,4,3,5,3,4,4,4,3,2,4,2,1,1,2,2,3,1,3,2,3,3,4,3,4,3,5,2,3,5,4,5,3,2,4,4,3,4,3,4,2,4,3,1,3,4,4,4,4,4,3,4,2,1,3,4,5,3,1,4,4,4,3,3,4,2,3,3,4,4,4,4,2,3,3,2,5,3,1,2,3,3,4,5,3,4,4,3,4,3,3,3,3,1,3,3,3,3,2,2,4,3,1,3,4,3,3,2,4,1,4,3,2,3,5,4,5,3,3,4,4,4,3,3,2,5,3,1,2,5,2,2,1,3,3,4,5,1,4,1,3,3,2,2,3,4,3,1,4,2,5,3,3,3,4,4,2,4,2,5,2,2,1,2,2,2,3,3,2,2,2,3,4,4,4,5,5,1,2,1,4,4,3,2,3,4,3,3,3,4,2,2,2,5,2,5,5,4,4,1,2,2,4,4,4,2,5,1,4,5,3,5,4,2,3,4,4,2,2,4,2,3,4,2,2,2,4,1,2,3,4,4,2,2,4,4,5,2,3,4,4,2,4,3,3,4,4,4,4,4,2,2,2,3,3,5,183.0,193.0,174.0,193.0,194.0
137967,female,27,USA,4,4,4,3,5,4,2,2,4,4,3,4,3,4,4,4,5,2,4,5,3,4,4,4,3,4,4,3,2,4,4,4,3,4,5,3,4,4,4,4,1,4,4,4,4,4,4,3,5,5,4,4,4,2,2,2,4,4,2,4,4,2,4,3,4,3,1,4,2,4,2,4,3,4,4,3,4,4,4,4,4,4,4,2,4,2,4,1,4,2,2,4,4,4,4,2,2,5,2,4,1,4,4,4,4,3,5,5,4,4,4,1,4,4,4,3,4,5,2,2,2,4,3,3,4,3,1,4,2,4,2,4,4,4,4,3,4,2,4,5,5,4,5,2,4,2,4,3,2,4,2,2,4,4,4,2,1,3,4,4,2,4,2,4,4,1,2,2,5,4,4,2,2,1,4,1,5,2,4,4,2,2,4,3,4,2,1,2,5,2,1,2,2,4,4,4,5,2,4,3,4,4,4,1,4,2,5,1,1,4,2,2,4,3,4,2,2,4,2,2,2,4,2,5,4,4,2,2,5,5,3,2,4,2,4,2,5,1,2,4,2,2,4,2,5,1,2,4,4,4,1,2,2,4,5,4,4,4,4,4,4,1,4,4,4,2,5,1,2,4,2,2,4,4,4,2,1,4,4,2,1,2,2,4,4,2,4,4,4,4,4,4,4,4,5,2,5,4,2,4,202.0,195.0,201.0,187.0,197.0
139192,male,25,Canada,2,4,3,4,5,1,3,4,4,4,2,4,4,5,5,2,5,4,3,4,1,3,4,3,5,1,4,3,5,4,1,5,3,4,5,1,4,5,4,3,1,2,4,3,4,2,1,4,5,4,2,2,1,2,4,1,4,3,3,5,1,5,2,3,3,1,5,5,4,3,1,3,3,4,4,1,3,4,5,4,3,4,4,3,2,1,2,3,5,5,1,5,1,5,4,2,2,5,5,5,1,1,5,4,4,2,4,4,5,5,3,2,3,2,5,2,5,5,1,5,1,5,2,5,4,2,4,5,4,2,1,5,5,3,4,1,4,4,3,3,5,1,3,3,5,1,5,3,4,4,2,3,4,5,4,1,3,4,4,4,2,4,4,5,4,3,5,3,5,3,4,1,4,2,4,2,5,3,5,4,2,4,2,4,4,1,4,4,4,4,4,4,4,4,4,2,2,4,5,5,1,4,5,3,5,3,1,1,5,1,3,5,4,4,4,2,5,3,4,4,2,4,4,5,5,1,3,2,5,5,3,1,4,3,4,2,4,2,3,4,3,4,1,4,4,2,3,4,5,1,1,4,2,5,5,4,3,5,5,5,1,4,4,4,4,1,4,3,3,5,1,5,4,5,4,2,3,2,5,4,2,4,5,5,5,1,4,3,4,5,3,3,4,4,4,2,2,4,4,2,221.0,223.0,202.0,204.0,165.0
139229,female,17,USA,5,4,3,4,5,1,4,4,5,4,1,3,2,4,4,3,4,4,4,3,2,4,2,3,4,3,4,3,4,4,4,3,4,4,4,3,3,4,4,3,1,2,3,3,5,4,4,5,5,4,3,3,2,5,5,2,5,3,4,4,2,4,4,3,4,1,5,3,4,5,1,2,4,4,5,4,3,3,5,2,2,3,3,4,3,1,5,3,3,4,4,4,3,3,4,1,4,5,4,3,1,3,3,4,4,1,3,4,5,2,1,3,4,5,4,1,4,2,2,4,3,4,3,4,3,1,3,4,4,3,1,3,4,3,3,4,3,4,5,4,4,1,4,5,4,2,5,3,4,4,2,2,3,3,4,4,5,3,5,5,1,4,4,5,4,3,2,4,5,4,2,4,3,4,4,2,4,1,5,3,2,3,3,2,4,1,5,4,4,4,2,4,3,4,5,4,2,4,5,1,2,4,3,4,4,3,5,3,5,4,4,4,3,4,5,3,2,3,5,3,1,2,4,4,5,2,2,3,5,5,2,1,3,3,4,2,4,2,4,2,2,5,2,3,4,1,4,5,5,4,2,3,1,5,5,2,2,5,5,5,2,5,3,3,4,2,5,2,2,4,2,4,4,5,5,2,3,4,5,4,2,2,5,5,4,2,4,4,4,5,3,4,2,4,3,2,3,1,2,4,203.0,207.0,210.0,219.0,177.0
140049,male,26,USA,5,5,5,5,4,1,4,4,4,3,4,4,5,5,4,1,5,5,5,2,2,4,5,3,4,2,4,3,5,2,4,4,5,5,5,1,2,5,2,4,4,5,5,4,5,5,1,4,1,5,5,5,5,3,3,1,5,3,5,4,5,1,5,5,4,1,5,4,5,5,4,4,5,5,5,5,4,5,5,5,3,3,5,5,3,1,2,3,5,5,4,4,5,5,4,1,4,3,5,1,5,1,4,5,3,5,5,5,1,5,2,2,5,3,5,1,5,1,5,1,5,5,5,5,5,1,1,5,1,3,1,5,5,4,5,5,5,1,3,5,5,5,5,5,5,2,5,3,5,1,5,4,5,4,5,4,2,5,2,5,4,2,5,5,2,5,1,1,1,5,4,1,5,4,4,1,4,3,5,1,4,1,5,5,5,1,4,5,5,5,3,3,5,5,5,5,1,5,5,4,2,2,5,4,2,1,5,3,3,1,5,4,5,5,4,4,2,4,5,4,4,4,4,4,4,4,4,2,3,3,2,3,3,1,5,2,5,3,4,2,4,5,5,5,5,2,2,5,5,5,5,5,5,5,5,5,2,2,4,4,3,2,5,4,4,2,4,3,4,4,1,3,5,5,5,4,4,5,5,5,4,4,3,5,4,4,5,4,4,4,4,4,4,4,4,2,5,1,5,2,227.0,222.0,231.0,246.0,205.0
140211,female,23,USA,5,2,5,2,4,5,2,4,5,5,5,5,5,3,4,4,4,4,2,3,3,3,4,4,2,5,4,5,4,4,5,3,2,2,4,5,2,5,4,5,5,4,4,5,3,5,4,4,2,4,5,4,3,4,4,5,2,4,5,4,4,4,4,2,4,5,4,4,4,5,5,4,4,4,4,2,4,4,5,4,3,4,2,4,3,5,4,4,4,2,5,2,3,4,3,4,4,5,2,5,5,4,4,5,2,4,4,4,2,4,5,2,4,4,4,2,4,5,4,4,5,4,4,4,4,5,1,5,4,4,5,4,5,2,4,4,4,4,2,4,5,3,5,1,4,5,2,5,5,2,5,2,5,2,4,5,2,5,4,5,4,4,5,2,4,4,3,4,2,5,5,4,4,3,4,4,3,4,4,1,5,2,4,2,2,5,2,4,3,4,5,2,5,5,4,5,4,4,1,5,4,4,4,3,2,2,4,2,5,1,5,2,4,2,2,5,2,4,4,4,5,3,5,3,4,3,2,2,2,3,5,2,4,2,2,2,4,2,3,2,4,4,4,2,3,4,2,4,2,5,2,2,5,2,4,5,5,4,2,3,5,1,4,2,2,3,5,2,3,4,2,2,4,3,5,5,2,2,4,5,4,4,5,2,4,2,4,4,1,4,5,4,3,4,4,4,5,5,2,2,222.0,214.0,205.0,220.0,230.0
141011,female,22,USA,3,5,5,4,4,3,5,4,5,3,3,4,4,5,4,2,2,4,3,2,4,5,5,1,2,3,3,1,3,4,2,5,5,4,5,4,5,5,3,2,3,4,4,4,4,3,3,5,3,5,5,5,3,1,1,1,4,5,5,3,1,5,4,4,4,3,4,4,3,4,2,3,3,4,1,1,3,5,4,4,2,5,2,3,2,3,5,3,2,2,2,5,5,4,4,1,3,3,4,2,3,4,3,3,3,1,4,4,3,4,4,5,4,2,2,4,2,5,2,1,4,4,4,4,4,4,4,4,3,2,3,4,5,3,2,1,3,4,3,3,4,3,2,4,3,3,4,5,5,2,3,5,3,4,4,4,5,5,5,3,1,5,4,4,3,2,4,4,2,3,4,4,5,2,3,2,4,5,5,2,3,5,5,5,4,4,5,5,5,1,3,5,3,5,3,2,3,4,5,2,4,4,4,2,3,2,5,3,3,1,4,5,5,4,5,4,5,5,5,1,4,5,5,5,4,2,2,4,4,3,4,3,5,3,3,4,4,3,4,2,4,5,5,3,5,2,5,5,5,5,2,5,4,5,5,2,3,2,3,4,4,5,5,5,4,3,5,3,5,2,2,3,5,5,2,3,5,5,5,2,3,4,5,5,4,1,5,3,4,5,5,5,4,3,2,2,5,2,4,1,226.0,208.0,230.0,210.0,198.0
141468,female,17,USA,4,5,4,4,5,2,5,3,3,4,2,4,5,4,3,3,5,5,4,4,5,5,1,2,2,1,4,3,3,4,4,5,3,4,5,4,5,5,4,2,2,4,4,4,5,3,5,5,3,5,5,4,1,4,4,2,5,4,4,2,2,5,4,4,4,2,5,4,4,4,2,4,4,4,3,2,5,5,5,2,3,5,1,5,2,1,4,3,2,2,5,5,4,5,4,3,4,5,4,4,2,4,2,4,4,2,4,4,2,3,5,4,3,4,4,5,2,4,3,2,4,5,4,4,4,2,5,4,2,4,2,4,4,4,3,2,3,2,3,4,5,5,5,4,4,4,5,3,3,3,2,2,4,5,5,1,3,2,5,2,3,2,5,4,4,2,1,2,2,4,3,4,3,4,3,4,4,3,3,2,2,4,2,2,2,2,4,4,5,1,1,2,5,4,5,4,2,2,4,4,2,5,1,4,4,4,4,1,1,2,2,4,4,3,3,2,4,2,2,2,2,4,2,4,4,4,2,2,3,5,4,2,3,2,3,2,5,3,2,2,4,4,4,2,4,2,2,5,4,2,2,4,5,4,4,2,2,5,4,4,1,4,2,5,2,2,4,2,4,2,2,4,4,5,2,4,2,4,3,2,2,2,5,4,3,2,4,3,2,4,2,5,1,3,2,4,5,2,4,2,200.0,199.0,217.0,200.0,190.0
144222,male,18,Canada,4,4,5,2,4,3,1,5,2,2,3,4,5,4,2,2,2,5,4,3,2,5,5,4,1,4,4,4,5,2,4,2,5,4,3,5,2,5,1,1,3,4,5,5,4,3,4,5,4,2,4,5,5,4,3,4,5,5,5,2,3,3,5,5,5,4,4,5,1,3,2,5,5,5,2,4,4,5,3,4,4,5,5,1,3,3,5,5,5,4,5,3,5,4,3,3,3,5,1,1,3,5,4,5,4,4,3,3,1,5,3,1,5,2,1,5,5,5,4,1,4,5,5,5,5,4,2,5,1,2,4,4,4,5,5,5,5,1,1,3,4,5,5,3,5,5,5,5,5,2,4,1,5,4,4,4,1,5,2,2,4,4,4,4,2,2,1,1,4,4,2,5,5,2,2,3,4,5,5,1,2,2,5,2,2,3,1,5,3,1,2,4,5,5,4,3,2,5,2,4,4,5,5,2,2,2,4,5,4,1,4,2,5,2,4,4,1,5,4,1,4,5,4,5,2,4,2,1,4,2,2,5,5,2,2,4,5,5,5,1,4,5,5,2,5,4,2,5,2,1,2,2,5,3,3,4,1,5,2,2,4,5,5,3,2,2,5,5,5,1,2,2,5,4,2,5,1,5,4,1,3,5,5,4,3,2,5,5,3,1,5,5,5,3,2,2,5,5,5,1,232.0,178.0,212.0,214.0,216.0
144243,male,20,USA,4,4,5,3,2,4,4,5,4,3,4,4,3,3,4,2,4,4,4,3,1,4,4,3,2,2,2,4,4,3,3,5,5,4,4,4,4,5,3,2,4,4,4,4,3,4,3,5,4,2,4,3,4,4,3,3,4,5,3,4,3,2,5,4,3,4,4,5,3,4,5,5,4,4,3,4,4,5,5,4,4,4,5,3,2,3,4,2,4,3,4,3,5,2,3,4,3,3,4,2,4,4,2,4,2,2,3,4,1,4,2,3,4,3,2,4,5,5,4,3,4,5,4,3,4,4,4,4,1,3,3,4,2,4,3,3,4,4,3,2,4,4,5,2,3,4,2,5,4,3,4,3,4,3,4,4,2,5,3,2,3,4,4,3,3,1,2,4,2,4,3,5,5,2,2,2,3,5,5,2,3,2,5,3,2,4,2,5,3,2,4,3,4,4,3,1,2,4,4,3,4,5,5,2,2,1,5,3,4,3,2,2,5,3,4,4,4,5,3,2,5,4,4,4,2,2,2,4,2,2,4,4,5,1,3,2,5,4,5,1,4,4,5,3,4,3,4,5,3,2,5,3,4,4,3,2,2,4,3,3,2,5,5,4,3,2,4,3,3,2,3,2,5,4,4,3,2,4,4,3,4,4,4,4,3,4,3,4,2,2,4,4,5,3,2,2,5,2,4,2,221.0,187.0,205.0,206.0,210.0
145595,male,29,USA,4,3,4,4,5,2,3,4,4,4,2,4,2,4,5,2,2,4,4,4,1,4,4,2,2,1,2,1,5,4,2,4,1,4,3,2,3,5,4,3,1,4,4,4,5,3,2,4,2,4,1,4,4,2,2,2,2,1,5,4,1,3,2,4,4,1,4,4,2,2,1,4,4,4,4,4,2,4,4,4,2,4,4,2,2,2,2,3,5,4,2,4,4,4,5,1,4,4,5,4,5,4,4,4,4,2,4,4,2,4,2,2,4,5,2,2,2,2,4,5,3,4,2,4,4,2,4,5,4,4,1,3,4,3,4,2,4,4,2,3,4,1,5,4,4,1,4,1,5,1,2,4,4,4,3,3,3,4,5,3,4,3,2,4,4,3,2,3,5,4,2,1,4,2,3,2,3,4,2,4,2,3,4,4,4,2,4,4,4,2,3,4,2,4,5,3,4,4,5,4,2,1,4,2,2,2,2,3,5,5,4,4,4,2,4,2,4,4,4,3,3,3,4,2,4,3,2,2,4,4,2,1,4,1,4,2,4,4,3,5,4,4,4,3,4,2,4,3,4,2,2,3,2,4,4,4,2,4,5,2,2,1,4,2,2,2,4,2,4,5,3,4,4,4,4,4,3,4,5,4,3,2,4,4,4,2,2,3,4,4,2,3,4,4,2,2,4,2,5,4,195.0,197.0,195.0,205.0,175.0
145705,female,16,USA,4,5,4,4,5,2,5,5,5,2,1,5,2,5,4,2,5,5,5,5,1,5,4,4,1,2,5,3,4,4,1,5,4,5,5,1,5,5,4,2,1,5,5,5,5,4,4,5,5,5,2,5,1,4,4,1,5,2,4,4,2,1,5,5,5,2,5,2,5,2,1,2,2,5,3,1,4,5,5,5,1,5,2,5,4,1,5,4,4,4,1,5,4,4,5,1,5,5,5,2,1,5,2,5,5,2,4,5,4,4,2,5,4,5,4,4,4,4,2,4,2,4,2,4,4,1,5,5,2,2,1,5,4,4,5,2,4,4,5,4,2,1,5,5,5,1,5,3,4,5,1,5,2,5,5,1,5,5,5,5,1,5,2,5,4,2,2,4,5,2,1,4,4,1,4,2,5,3,5,2,2,5,4,5,4,2,5,4,5,1,1,5,4,2,5,1,1,4,5,5,2,4,2,1,5,1,5,1,2,4,2,5,5,4,4,1,5,5,5,4,1,5,4,5,4,1,2,4,5,5,2,2,4,2,4,1,5,3,4,2,2,5,4,2,5,1,5,5,5,2,1,4,2,5,4,1,2,4,2,4,1,5,2,5,5,1,4,1,4,4,1,5,5,5,5,2,4,4,5,4,1,5,5,5,5,1,4,2,4,5,5,5,1,4,4,2,5,1,1,1,210.0,215.0,232.0,219.0,176.0
145716,male,18,USA,4,4,5,4,5,4,1,4,5,4,4,2,2,2,5,2,4,2,4,3,3,4,1,2,4,2,2,3,3,4,2,1,2,3,4,5,4,5,4,4,1,1,5,4,5,4,4,3,5,5,5,3,1,3,5,2,4,1,3,4,2,4,3,4,3,2,4,2,5,4,2,2,3,3,5,4,3,3,4,5,1,5,1,5,3,2,1,1,5,4,2,4,4,3,5,4,5,1,3,5,1,5,4,5,5,3,5,2,4,2,3,1,4,4,3,5,4,1,2,3,3,4,1,4,5,4,4,4,2,4,2,2,4,4,5,3,3,1,2,5,4,1,5,3,4,1,4,3,2,3,4,3,5,4,5,2,1,5,4,2,1,2,2,2,3,2,1,2,1,5,3,1,2,2,4,2,5,2,4,3,1,4,3,4,4,3,1,2,2,4,1,1,2,4,5,2,1,2,2,5,1,2,4,2,2,1,5,3,3,3,4,2,4,3,5,4,1,2,2,4,3,5,2,2,5,4,1,2,1,2,1,5,4,2,3,1,4,1,4,4,4,4,4,2,5,2,1,2,5,4,1,2,2,5,4,3,2,1,4,3,1,5,2,4,5,5,3,2,4,4,2,3,4,4,4,5,1,1,1,4,2,2,4,4,5,2,2,3,4,1,2,5,1,4,2,2,4,5,4,1,177.0,192.0,188.0,190.0,179.0
145913,female,18,USA,4,4,4,4,5,4,5,3,4,4,5,5,5,4,4,4,4,3,4,3,4,4,3,3,3,4,4,1,4,4,5,4,3,4,4,5,4,5,4,3,5,4,5,5,5,5,4,4,2,4,5,4,4,4,4,4,5,4,5,3,4,4,5,4,4,5,4,4,4,1,5,4,4,5,5,4,3,4,4,4,5,4,4,4,4,4,4,3,4,3,5,4,5,4,3,5,4,5,2,4,5,4,4,5,4,4,4,4,1,4,5,4,4,3,4,4,4,1,5,1,4,4,4,4,4,4,4,4,2,4,5,4,4,4,2,4,4,2,2,3,5,4,4,5,4,4,4,5,5,2,2,2,4,4,4,4,3,3,5,3,4,3,5,5,3,2,2,2,2,3,3,4,2,5,4,2,4,3,5,2,2,3,5,2,2,4,3,4,3,2,4,2,5,5,5,5,2,2,2,3,5,4,2,5,4,2,5,2,2,2,4,5,3,2,4,4,4,1,4,2,4,4,4,2,4,4,2,2,4,4,4,4,3,2,4,2,5,2,5,2,4,5,5,2,4,2,4,4,5,2,5,2,1,5,3,2,2,2,2,2,4,5,1,1,4,2,5,1,4,1,2,3,4,4,2,4,3,2,5,2,4,2,4,5,4,1,3,3,2,4,4,5,2,5,4,2,5,3,4,2,204.0,214.0,209.0,223.0,228.0
146006,female,30,USA,2,5,5,3,4,2,4,5,5,2,3,5,2,5,2,1,1,5,3,4,2,5,5,2,3,1,4,2,5,4,1,5,4,3,3,1,5,5,2,3,1,4,2,5,5,1,4,5,2,5,2,5,5,2,4,4,5,5,2,4,1,5,3,3,2,1,5,5,2,4,2,5,4,5,5,1,5,5,2,4,3,5,4,2,4,1,5,3,5,4,2,5,3,3,4,1,4,5,3,3,1,3,5,5,4,2,5,5,2,3,3,3,5,5,4,1,3,1,3,5,3,5,3,3,5,1,5,5,2,3,3,4,5,5,4,5,4,3,3,4,3,3,5,3,4,2,5,4,4,3,2,4,5,5,4,1,4,5,3,2,1,5,5,3,3,3,3,4,3,4,4,2,4,1,4,3,5,4,4,5,4,4,3,3,3,5,3,5,4,4,2,4,1,2,4,1,2,5,5,4,1,5,5,1,4,1,2,2,4,4,2,4,5,4,5,1,4,5,3,3,2,5,2,5,5,3,3,5,5,5,5,1,5,3,5,1,4,3,3,4,3,5,4,3,5,2,4,5,4,4,1,4,4,4,5,2,4,5,5,4,5,5,5,3,3,3,5,4,4,5,1,4,5,5,5,5,5,5,5,4,3,3,5,5,5,1,5,5,3,5,5,5,5,5,5,2,2,3,4,5,230.0,225.0,234.0,205.0,184.0
146377,male,24,Norway,5,2,2,4,2,1,1,3,3,3,5,1,4,5,4,5,2,5,3,2,2,3,2,5,1,1,2,3,3,4,4,3,2,3,4,2,2,4,4,2,4,1,4,5,3,5,2,3,5,2,3,3,2,2,2,3,2,4,3,5,3,2,3,2,2,2,2,4,4,5,5,4,3,4,1,5,2,2,5,2,3,3,4,2,1,5,2,2,4,3,1,3,4,4,1,4,4,3,4,3,5,4,2,3,3,5,4,4,4,2,2,1,3,5,1,5,3,5,4,3,3,2,3,4,3,1,3,4,4,2,3,1,5,2,3,5,3,2,5,4,3,3,4,2,3,3,2,3,4,3,3,3,4,2,2,3,3,4,4,4,4,2,4,2,3,5,1,2,5,3,4,1,3,4,1,1,2,4,2,2,3,1,4,2,3,1,3,3,5,2,5,1,4,4,3,4,2,3,5,4,4,3,3,2,1,3,2,2,3,3,2,3,2,1,3,4,1,3,2,4,5,1,3,5,3,3,1,2,5,1,5,3,3,2,1,3,5,2,3,5,4,2,3,2,2,1,1,1,5,4,4,1,4,3,3,5,2,2,4,1,3,5,3,5,1,3,3,2,2,3,2,3,2,2,3,4,2,5,3,4,5,1,3,3,2,4,2,2,2,2,3,3,3,5,2,1,3,3,2,3,175.0,162.0,161.0,203.0,191.0
146809,female,18,Canada,2,4,5,4,4,3,3,3,4,3,3,3,4,4,5,2,2,4,4,4,4,4,2,2,2,3,5,3,2,3,1,3,5,5,3,4,3,5,5,3,2,2,5,3,5,5,3,5,4,3,5,4,3,1,4,3,4,4,4,4,2,3,5,5,4,3,4,4,4,5,2,3,3,4,5,4,3,3,5,3,3,3,5,5,3,2,5,4,5,3,2,3,5,4,4,1,2,3,5,3,2,4,5,5,4,3,3,4,3,3,4,2,3,2,2,4,5,4,3,2,3,5,5,5,4,3,5,5,3,4,3,4,5,4,4,3,3,2,3,3,4,3,5,4,4,2,5,3,5,4,3,3,5,4,3,4,2,4,5,3,2,3,3,5,5,3,1,4,5,2,4,2,4,3,4,1,5,4,4,2,2,4,5,4,3,3,2,5,4,1,4,3,4,5,5,4,2,4,5,2,1,2,5,3,2,3,4,3,3,2,2,5,5,3,3,4,3,4,5,3,2,4,4,5,4,4,1,3,3,2,3,2,4,2,3,2,5,3,3,3,2,4,5,4,4,1,4,5,5,4,2,4,3,5,4,3,2,2,5,4,1,5,5,3,4,3,5,3,4,3,2,3,5,5,4,4,2,4,4,4,2,3,4,5,4,2,2,4,5,3,2,4,4,4,2,1,5,1,3,2,214.0,209.0,205.0,217.0,198.0
146945,male,22,Finland,1,5,5,5,4,1,3,5,5,5,1,2,5,4,5,1,1,3,5,4,1,4,5,2,4,1,4,1,5,5,1,4,5,5,4,1,4,5,5,5,2,4,5,4,5,3,2,4,2,3,1,4,5,4,2,2,4,4,5,2,1,3,5,5,3,1,4,5,5,4,1,4,4,4,5,2,4,5,3,4,1,4,2,4,2,2,4,4,5,5,1,4,5,5,4,1,3,3,4,5,3,4,5,3,5,4,4,5,5,4,3,3,4,3,2,1,4,5,5,2,2,4,3,5,4,1,2,5,1,4,2,3,5,4,5,5,4,3,3,4,1,3,5,4,4,1,5,2,4,4,1,4,4,4,4,1,2,5,5,5,1,4,2,5,4,3,2,4,2,5,3,3,4,4,3,1,5,4,5,3,1,4,5,5,5,2,2,4,2,5,2,3,1,3,5,1,2,4,5,5,1,5,5,4,3,2,1,1,3,4,5,4,5,5,4,1,4,5,3,5,2,1,5,5,3,1,1,4,5,5,1,4,4,2,2,1,3,1,3,2,1,5,5,3,3,1,4,4,2,5,2,3,5,5,5,1,3,4,2,2,4,5,5,5,3,3,2,1,3,3,1,4,5,5,5,1,2,4,3,5,3,4,5,4,4,1,3,3,3,4,3,4,4,4,3,1,4,1,4,4,218.0,211.0,209.0,214.0,165.0
146957,male,17,USA,5,3,5,4,5,4,4,3,2,4,3,4,4,4,4,3,4,4,3,4,1,5,3,2,4,4,3,4,3,4,3,4,4,3,4,5,4,3,3,4,2,4,4,4,4,4,3,4,2,4,4,5,4,2,4,3,4,2,5,4,4,2,4,4,4,4,5,3,2,4,2,4,5,4,4,4,4,5,2,4,4,4,5,3,2,3,3,3,4,3,5,3,4,4,4,2,5,4,1,4,2,5,5,4,4,4,4,4,1,4,1,2,4,1,3,2,4,5,3,2,5,4,5,4,4,5,3,5,2,4,4,5,5,2,4,5,4,3,2,4,2,4,5,2,4,5,4,4,3,4,5,2,5,4,4,4,5,3,2,5,3,2,5,3,2,3,4,3,4,4,3,5,3,2,4,4,4,2,3,2,4,1,5,2,2,4,4,3,2,5,2,2,5,5,3,4,3,2,1,4,4,4,5,2,4,2,4,4,2,3,4,4,5,2,2,4,4,1,3,4,4,4,4,4,2,5,2,2,2,5,2,5,2,2,4,2,5,4,2,1,2,4,4,2,4,3,4,3,1,5,2,2,4,4,4,5,4,3,1,5,4,4,5,1,4,2,3,2,3,2,4,5,5,4,3,5,3,2,2,4,2,5,4,4,3,1,4,3,2,5,4,2,4,2,2,2,5,5,2,2,217.0,215.0,206.0,196.0,201.0
148205,male,20,India,3,2,5,3,2,2,2,3,2,3,4,3,2,3,4,3,3,3,3,2,1,4,4,3,1,2,2,4,3,3,3,3,4,3,3,3,1,4,4,2,4,1,2,2,3,4,2,3,3,3,5,3,3,3,2,4,2,5,3,4,3,4,4,3,2,2,3,1,5,2,2,4,2,3,3,4,2,2,3,2,4,3,5,2,1,2,1,3,4,3,3,3,4,2,2,4,2,1,3,4,4,3,3,3,2,3,2,2,1,2,3,2,4,4,3,4,3,5,3,3,4,3,3,2,2,2,3,3,4,4,4,3,4,2,3,4,3,2,2,3,2,3,3,5,2,2,2,4,2,3,2,2,4,2,2,3,3,3,2,2,2,2,2,4,3,3,3,3,5,2,3,3,4,5,3,4,3,4,4,3,2,4,4,3,2,1,2,3,4,1,4,3,2,2,3,3,2,4,5,2,2,2,4,4,1,2,3,4,5,4,2,2,5,2,4,2,2,3,5,2,5,3,4,4,3,3,4,3,4,3,2,2,5,2,1,3,4,4,3,3,4,3,4,2,3,2,2,3,4,2,3,3,2,3,4,4,2,4,3,2,1,4,4,4,2,4,3,3,3,4,3,2,4,2,4,3,2,4,4,1,5,3,4,2,4,3,4,3,5,3,1,4,4,4,1,4,4,5,4,2,192.0,156.0,178.0,180.0,188.0
148328,female,16,USA,5,4,3,2,5,5,1,3,5,5,3,4,5,5,5,4,3,2,2,4,5,3,3,4,3,4,4,3,4,5,4,3,4,4,5,5,3,5,5,5,4,4,4,4,5,5,3,4,5,5,5,1,3,2,4,4,4,5,5,4,5,3,4,2,5,5,1,4,5,5,3,5,3,4,4,2,3,5,5,5,5,3,5,4,4,3,4,1,5,5,5,3,3,2,5,3,2,5,5,5,5,3,3,4,5,5,5,3,2,4,1,2,5,1,4,2,3,5,4,2,5,5,5,2,5,5,2,4,2,5,5,5,3,3,5,5,5,1,1,5,5,1,5,5,2,4,4,3,4,2,5,4,4,4,5,5,4,4,5,4,1,5,4,5,5,2,1,1,3,4,4,4,3,4,5,2,3,5,5,3,1,2,5,2,2,5,2,4,5,3,1,2,4,4,5,4,2,1,2,3,1,3,4,4,4,1,5,1,1,2,4,2,2,2,2,5,2,4,5,2,2,5,2,5,5,4,2,2,4,5,2,1,4,2,5,2,5,1,1,5,5,5,5,2,4,3,2,5,5,5,4,2,4,4,4,4,2,2,4,4,2,1,4,4,4,4,4,1,2,2,2,2,4,4,5,4,1,4,4,5,3,4,2,4,5,1,2,2,2,4,4,5,4,5,5,2,5,3,1,4,204.0,227.0,199.0,220.0,219.0
150390,female,15,USA,1,4,4,3,5,1,1,3,4,1,1,4,2,4,3,1,2,5,4,1,3,4,4,5,1,5,4,5,2,3,1,4,5,4,3,1,2,4,3,1,1,1,5,5,4,1,5,5,1,3,3,5,5,5,1,1,5,5,1,3,1,4,5,4,4,1,3,5,4,1,1,5,2,3,2,1,2,5,5,2,1,5,5,4,1,1,4,3,3,2,1,5,5,3,5,1,4,5,2,1,1,3,4,2,4,2,4,5,1,1,3,2,4,1,1,2,5,5,1,4,1,3,4,4,2,1,2,5,1,2,1,2,4,4,5,2,3,4,2,2,3,3,5,5,1,1,5,3,4,4,1,5,4,4,4,1,1,5,4,1,1,5,4,5,3,1,1,5,3,1,2,3,5,5,4,1,5,3,5,1,1,1,5,5,5,1,2,4,5,1,1,3,4,5,4,3,5,5,5,1,4,5,5,5,4,1,5,4,1,2,1,4,5,2,5,1,5,5,5,1,1,5,4,5,2,1,1,5,5,1,4,5,5,2,2,1,5,3,5,3,1,5,5,5,4,1,5,5,4,1,1,2,1,5,4,2,1,5,2,3,1,5,5,5,3,1,5,3,1,5,1,5,5,5,5,2,2,5,5,1,1,2,5,5,5,1,2,5,5,4,4,4,5,5,5,1,4,3,5,5,218.0,163.0,214.0,181.0,173.0
150621,male,30,USA,5,2,4,4,4,5,2,5,4,5,5,3,5,4,4,3,3,2,2,2,2,2,4,5,4,3,2,4,3,2,4,3,2,2,4,4,1,5,4,4,4,3,4,4,4,4,3,5,3,4,4,3,4,3,3,3,4,2,4,3,3,2,4,4,4,5,3,4,4,3,4,3,4,4,3,5,4,5,4,4,4,3,4,3,3,3,2,3,2,2,5,1,4,4,2,4,2,4,3,4,4,4,4,4,4,5,4,4,2,4,4,2,4,3,4,3,2,5,3,3,4,4,3,4,4,4,1,5,3,4,4,3,4,3,4,5,5,2,2,4,3,3,5,2,4,4,3,5,4,2,4,2,4,3,3,4,2,5,4,4,4,3,4,3,3,3,2,3,3,5,4,1,4,3,4,2,2,5,5,3,4,2,4,4,2,4,2,5,3,4,4,2,4,4,4,5,4,3,2,4,4,4,4,3,3,2,4,2,2,2,4,2,4,3,3,4,2,5,4,4,4,4,4,4,4,5,2,2,3,4,4,3,4,2,3,4,4,3,4,4,5,4,4,3,5,4,2,4,4,4,4,1,5,5,4,4,3,3,3,4,4,4,5,3,3,3,4,2,3,4,3,2,4,4,3,4,2,3,4,4,4,4,4,4,4,2,4,3,2,4,4,4,4,4,4,4,4,1,3,3,213.0,209.0,185.0,212.0,226.0
151170,male,17,USA,2,3,5,4,2,1,1,4,3,3,4,3,5,4,4,4,3,3,4,4,4,4,4,3,2,1,1,1,4,3,3,3,5,5,4,4,3,5,4,3,4,3,5,5,5,5,3,4,5,3,5,4,5,3,3,3,4,5,5,4,2,4,5,4,4,5,3,4,4,5,4,3,4,4,3,5,3,4,4,3,4,3,4,5,3,4,5,4,4,4,4,2,4,1,2,5,4,5,3,3,5,3,5,4,4,5,2,2,1,4,3,1,4,3,4,4,4,2,5,3,4,4,2,3,2,1,3,4,3,3,5,3,5,2,3,4,4,2,2,1,5,3,4,5,3,5,3,3,3,3,5,2,4,2,2,4,1,5,4,2,5,1,5,4,5,2,4,3,3,2,3,2,3,5,2,3,2,3,3,3,5,2,5,3,3,2,1,5,4,2,5,2,5,3,4,5,3,3,5,3,3,3,3,5,3,4,4,3,3,2,1,1,5,2,1,5,2,3,4,3,4,2,1,1,3,3,2,2,1,2,2,3,4,2,2,4,3,3,3,3,4,4,2,2,3,2,2,3,3,3,4,4,5,2,4,4,3,3,2,2,2,4,4,4,2,4,3,4,2,2,2,2,5,5,4,4,4,3,3,4,4,5,5,4,4,4,2,3,2,2,3,2,4,3,3,4,4,3,3,3,204.0,194.0,185.0,210.0,206.0
151245,female,19,USA,4,4,4,2,4,4,4,3,4,4,3,4,4,4,4,2,4,3,4,4,5,5,4,1,2,2,4,5,4,4,3,4,3,2,4,5,4,5,3,4,3,4,4,3,4,4,5,5,3,4,2,5,3,4,2,3,5,5,4,4,2,4,4,1,4,3,4,5,2,3,3,4,4,4,4,3,2,4,5,4,2,4,4,4,3,2,4,4,4,3,4,4,4,3,4,3,4,4,4,3,3,4,4,4,4,2,3,4,2,4,3,4,4,2,4,2,3,4,4,4,3,4,2,4,4,4,4,5,2,2,3,4,4,3,4,2,4,3,3,4,4,3,4,4,4,3,4,5,5,4,3,3,4,3,4,4,4,4,4,4,3,3,3,5,4,3,3,4,2,4,4,4,3,3,3,2,4,4,4,3,3,4,3,2,4,4,3,5,2,2,4,4,3,3,4,4,2,4,2,3,2,4,4,3,3,3,4,3,3,4,4,4,5,2,4,4,4,3,4,4,3,3,4,3,3,3,1,2,4,4,4,3,3,2,3,2,4,3,3,2,4,5,3,4,4,3,4,5,4,3,3,4,3,5,4,4,2,4,3,4,4,5,5,4,4,2,3,2,3,5,2,4,4,5,5,2,3,4,3,4,3,4,4,4,4,1,4,3,3,4,4,5,2,3,4,2,5,2,5,2,219.0,217.0,223.0,199.0,196.0
153092,female,28,Canada,3,4,5,2,4,4,5,5,4,4,3,5,5,4,5,3,5,3,4,3,3,5,5,3,2,2,4,4,5,4,2,4,5,2,4,4,5,5,4,2,1,5,5,5,4,2,4,5,1,5,4,5,3,1,4,2,4,1,4,3,2,4,5,2,4,4,4,5,2,1,2,4,5,4,5,1,5,5,3,4,2,5,5,5,2,2,5,3,3,1,3,4,5,4,4,2,4,5,4,4,2,5,5,5,4,2,5,4,1,3,1,4,5,3,2,1,4,5,4,4,3,4,4,3,4,4,4,5,3,4,1,5,5,3,4,1,5,4,2,4,4,2,5,5,4,3,5,5,5,5,3,4,5,5,4,4,3,5,5,4,1,5,4,4,4,3,2,5,1,5,2,3,5,2,2,2,4,4,5,3,3,2,5,2,4,4,3,4,3,2,2,3,4,4,4,2,3,5,3,4,4,5,4,2,2,1,5,2,4,3,2,4,5,3,4,4,5,5,5,2,2,5,5,2,5,2,2,3,3,4,4,3,5,2,4,2,3,3,4,3,2,4,5,3,4,4,4,4,5,1,2,4,4,4,3,2,2,5,4,2,2,5,5,2,4,2,4,2,2,4,2,3,5,5,4,5,2,5,5,2,2,5,3,4,5,2,4,5,4,4,4,4,4,2,5,2,5,3,2,1,233.0,201.0,241.0,200.0,193.0
153152,male,21,Sweden,4,2,4,1,2,5,4,1,3,4,5,3,2,2,5,2,1,2,5,3,4,5,5,3,2,1,3,5,4,2,5,1,4,1,2,5,4,5,2,1,4,3,1,2,2,4,3,5,1,3,5,3,5,2,2,3,1,5,5,5,5,2,4,2,3,2,5,1,5,2,3,2,4,1,5,5,3,5,4,2,5,4,4,5,2,5,5,5,3,2,1,2,5,5,5,3,2,1,2,4,1,5,4,1,1,3,2,4,4,3,3,1,4,2,2,3,4,5,1,2,5,2,4,2,2,5,3,2,5,1,5,3,5,2,5,5,4,4,1,3,5,4,5,3,2,4,1,5,1,2,4,1,5,4,4,5,1,1,3,5,4,2,1,2,1,4,1,4,3,5,3,4,4,2,2,1,1,5,1,3,2,2,5,1,2,5,1,5,4,3,4,3,5,2,2,4,2,4,5,4,5,5,5,2,2,1,3,5,5,4,3,4,5,1,2,4,4,1,2,1,4,3,4,3,5,3,3,2,4,3,5,1,4,2,2,3,4,4,1,2,5,1,4,3,2,1,3,5,2,4,1,3,5,5,5,5,3,5,4,3,1,5,5,1,4,5,4,4,3,1,3,2,5,3,2,1,2,1,3,4,2,5,1,3,2,2,4,4,1,3,3,5,5,2,1,1,4,5,2,2,200.0,176.0,184.0,176.0,204.0
153498,female,45,USA,5,5,5,4,5,4,4,5,5,5,3,5,5,5,5,1,5,4,4,5,4,5,5,4,5,3,4,4,4,3,3,5,4,5,5,3,4,5,5,5,1,5,4,3,5,4,4,5,5,5,3,4,5,4,4,3,4,4,4,4,3,5,5,5,5,3,4,5,2,5,3,5,4,4,5,2,5,4,4,5,1,5,4,4,5,3,3,2,5,4,4,5,4,4,5,1,4,5,4,5,1,4,5,4,5,2,5,5,3,5,3,4,5,3,5,1,4,1,4,4,1,5,4,5,5,3,4,5,2,5,1,5,5,4,4,2,3,4,5,5,4,1,5,4,5,3,5,3,5,4,4,5,4,3,5,3,4,5,5,5,1,5,3,5,5,1,4,4,4,5,2,3,5,1,5,2,5,3,4,2,2,5,5,5,4,4,4,5,5,2,1,5,4,5,5,3,3,5,5,4,3,5,5,1,5,1,5,2,4,5,4,5,5,4,5,2,4,5,5,4,1,5,3,5,5,2,1,1,5,5,2,1,5,2,5,1,4,1,4,3,2,4,4,2,5,2,5,4,5,5,1,4,2,5,5,1,4,4,5,5,3,1,5,5,5,1,4,1,4,5,1,4,5,5,5,2,2,4,5,5,1,4,4,4,1,1,5,5,5,5,4,4,5,5,5,4,4,1,2,3,238.0,248.0,235.0,228.0,205.0
153911,female,23,Thailand,5,3,4,4,3,3,4,3,3,3,3,2,5,3,4,2,1,5,4,3,1,3,3,2,3,4,4,4,3,4,5,4,5,3,3,4,4,4,4,4,3,2,5,4,3,4,4,3,3,3,4,1,1,3,4,3,4,4,3,3,4,4,4,4,3,3,4,3,4,4,2,3,4,4,3,3,4,5,4,3,3,3,1,4,3,3,4,2,5,4,5,4,3,3,4,2,4,5,5,3,3,2,3,4,4,4,4,4,3,4,4,3,3,3,2,4,4,4,4,3,4,4,4,4,3,3,4,4,2,4,4,3,4,3,4,4,4,2,3,3,4,2,4,4,3,5,5,4,4,2,4,3,3,4,3,2,3,5,5,5,2,2,5,5,5,3,2,3,3,2,4,2,4,3,3,4,3,5,3,4,2,4,4,4,2,2,4,2,4,5,1,5,5,5,5,5,2,3,3,4,4,2,2,4,4,4,4,2,2,4,4,4,4,5,3,3,3,3,5,5,5,3,2,4,4,5,2,3,5,5,4,1,4,3,2,3,4,3,3,3,4,5,5,2,4,4,4,4,4,4,3,4,5,5,4,3,3,4,3,2,4,2,3,3,3,4,4,2,3,2,3,3,5,3,3,4,4,5,5,4,4,2,5,5,5,2,3,2,3,4,2,4,2,4,3,5,2,3,3,4,209.0,211.0,194.0,220.0,212.0
154724,female,16,Philippines,4,4,4,4,3,4,5,5,3,4,4,5,5,4,4,3,3,4,4,3,4,5,4,2,3,4,5,4,4,4,5,5,5,4,4,5,5,5,4,4,3,5,5,5,4,5,4,5,4,3,3,4,4,2,3,4,5,5,5,4,3,5,5,4,4,4,4,5,3,3,3,5,4,3,2,2,2,5,4,3,2,5,4,3,3,2,4,3,3,2,4,5,5,4,4,5,3,4,3,3,1,5,5,5,2,1,4,3,3,3,3,4,4,3,3,2,4,3,4,3,4,5,4,4,5,5,4,4,2,3,4,4,4,4,4,3,4,3,2,3,5,4,5,2,3,4,4,4,4,4,4,5,5,3,4,5,3,5,3,3,4,4,4,4,2,3,3,3,2,4,4,4,5,2,3,3,3,3,4,4,2,4,5,3,3,4,3,4,2,3,2,3,4,4,3,2,2,4,4,4,4,5,4,2,3,2,4,3,3,3,2,4,5,3,4,4,3,4,3,3,4,4,4,4,3,2,2,2,3,3,3,3,4,2,2,2,4,2,4,2,3,4,4,2,4,3,4,4,3,2,2,4,5,3,3,3,3,3,3,3,4,3,4,4,3,3,4,3,3,3,2,3,4,3,4,4,4,4,3,3,3,4,4,4,4,2,3,3,4,3,4,4,4,2,3,3,4,3,4,2,227.0,202.0,220.0,213.0,207.0
155413,male,17,USA,2,4,5,3,4,4,4,4,3,1,4,4,4,3,1,2,3,4,4,3,4,4,4,1,2,2,4,1,2,3,2,4,5,2,4,4,5,5,2,1,3,4,4,4,4,2,3,4,2,3,4,4,5,2,3,2,4,5,3,2,2,4,4,3,4,2,3,4,3,2,3,4,3,3,3,2,3,4,3,4,4,4,5,1,2,2,4,2,1,2,2,4,4,2,4,3,4,4,2,2,3,4,3,3,3,2,4,4,2,3,4,4,4,1,2,2,4,5,3,2,3,4,4,2,4,4,4,4,2,3,4,4,3,2,2,2,4,4,1,3,4,4,4,2,3,3,3,4,2,2,2,4,4,3,4,4,3,5,3,2,2,4,2,3,2,2,2,4,2,2,4,4,4,3,2,2,3,4,3,2,2,4,4,2,4,4,3,5,2,2,4,4,3,3,3,1,2,4,3,3,3,4,4,3,2,2,5,4,3,2,2,3,5,2,5,3,4,4,2,3,3,4,3,3,2,2,2,4,2,2,3,4,4,2,2,2,4,3,2,2,2,3,4,3,4,2,4,5,3,2,2,4,4,3,3,2,2,3,2,2,4,5,4,2,2,2,3,3,2,2,2,3,4,3,3,4,3,4,3,2,3,4,3,3,3,2,4,4,2,2,4,5,5,2,4,2,4,2,3,4,207.0,175.0,197.0,165.0,183.0
156597,female,32,USA,4,4,3,2,4,4,3,4,5,5,2,5,3,4,4,2,5,2,4,4,4,4,3,3,4,3,3,4,4,4,4,3,1,3,5,4,4,5,4,4,2,4,4,4,5,4,5,5,4,5,3,4,3,3,4,2,4,3,3,3,3,4,2,4,4,3,4,3,4,4,1,3,4,4,4,2,5,5,4,4,3,5,3,2,4,1,2,2,3,4,3,4,1,4,4,1,4,5,4,4,2,3,3,4,4,3,5,5,2,4,4,2,4,2,3,1,2,5,3,3,1,4,1,3,4,3,4,4,4,4,3,4,4,2,4,3,4,3,2,4,4,4,3,2,4,2,4,5,4,2,2,3,3,3,4,2,5,5,5,5,1,5,2,2,4,1,2,2,5,4,4,4,3,2,4,2,3,5,5,2,4,3,2,4,4,2,5,5,3,4,1,5,2,4,5,2,3,2,5,4,3,4,5,2,5,2,5,3,2,2,3,4,3,2,4,3,2,4,5,5,1,4,4,2,5,3,4,3,4,5,3,3,4,3,5,2,4,2,5,3,4,4,2,2,4,2,3,4,5,5,3,2,3,4,5,4,3,5,4,5,4,1,4,4,5,2,4,2,3,3,2,2,4,5,4,4,3,4,5,5,2,4,4,5,4,2,5,4,2,5,4,3,4,3,5,2,5,4,2,3,213.0,219.0,217.0,196.0,192.0
158025,female,13,USA,5,2,3,2,4,2,2,4,4,4,4,3,4,3,5,3,3,2,1,4,4,3,4,4,2,3,2,3,4,4,4,2,3,3,4,4,3,5,5,4,3,3,4,4,3,5,2,4,3,4,4,2,4,3,4,4,3,2,4,4,3,3,3,2,4,3,2,3,3,4,2,4,4,3,4,4,3,4,4,3,4,3,4,3,2,3,2,2,3,3,3,2,5,4,4,4,2,3,4,4,3,4,5,3,5,3,4,2,2,3,3,2,4,3,3,3,3,1,3,4,4,4,3,4,4,3,4,4,4,4,4,4,5,2,4,4,4,2,2,4,4,2,4,3,4,3,3,3,3,4,3,2,4,3,4,4,2,4,5,5,3,4,3,4,4,3,2,2,3,5,3,2,4,3,2,2,2,3,2,4,3,3,4,3,4,3,2,4,4,3,2,3,4,4,4,3,2,4,2,4,2,3,4,3,2,3,4,2,1,4,3,3,4,2,4,3,2,4,4,4,4,4,4,4,4,4,2,2,2,5,3,1,4,2,4,2,4,3,3,4,4,3,4,2,4,1,1,3,4,4,2,2,3,4,3,4,2,3,3,3,3,3,4,4,2,2,2,3,3,4,3,2,4,3,4,3,2,3,3,4,3,3,3,4,4,3,3,4,2,4,4,4,4,4,4,3,4,2,2,4,200.0,199.0,179.0,195.0,203.0
158223,male,24,Finland,1,5,5,4,4,2,4,4,1,3,1,5,4,4,3,2,2,4,3,4,2,5,4,1,2,1,4,4,4,4,2,4,4,4,4,2,4,5,3,2,2,5,4,4,4,2,4,5,2,4,4,5,4,2,4,2,5,5,4,4,1,5,3,4,4,2,4,4,2,3,2,4,2,4,3,2,4,5,2,4,4,5,5,1,2,1,2,3,4,2,2,4,2,2,5,2,4,2,2,2,1,5,4,4,2,1,5,5,1,4,3,4,4,4,4,4,4,5,2,2,2,4,4,2,4,2,4,5,2,3,2,5,5,2,1,2,4,4,3,4,5,5,5,1,4,1,5,5,3,2,2,2,4,4,4,1,4,5,2,2,2,5,1,2,2,2,2,4,2,4,4,5,5,2,4,1,4,3,4,2,2,5,4,2,4,2,3,4,2,1,3,5,1,4,2,1,2,4,2,4,4,4,5,2,2,2,5,4,4,2,2,5,5,2,5,2,5,4,2,2,1,4,4,2,2,1,1,4,2,4,4,5,5,1,4,1,5,4,4,1,2,4,4,2,4,1,5,5,2,2,2,5,2,4,2,2,4,5,2,2,5,5,5,2,4,2,5,4,2,4,1,2,5,2,4,4,4,4,2,2,2,4,3,4,2,1,5,4,4,4,2,5,5,1,2,1,4,1,4,2,211.0,190.0,217.0,171.0,167.0
158735,female,16,USA,4,4,4,3,5,2,4,4,5,4,2,4,3,4,4,1,4,3,3,3,3,5,3,5,2,3,3,1,4,2,3,4,4,3,4,3,3,5,4,4,1,2,2,3,4,5,4,5,4,4,4,5,3,5,3,4,5,4,4,3,3,3,4,3,3,3,5,4,4,4,1,4,4,4,5,3,4,4,5,4,4,5,4,4,1,3,4,1,3,3,5,4,5,2,4,1,3,5,5,4,1,1,2,4,4,2,3,4,3,4,4,4,3,3,1,4,5,1,5,2,4,5,4,3,4,3,5,5,2,4,3,4,4,4,4,3,4,3,3,4,5,4,3,5,4,3,5,1,5,2,4,4,4,5,4,4,3,5,5,2,2,3,4,5,3,2,1,4,5,3,4,4,5,2,3,3,4,2,3,2,2,4,4,3,3,3,3,5,5,1,2,3,4,5,3,4,1,4,4,4,4,4,3,2,1,3,4,2,2,2,4,5,4,3,3,3,3,2,5,2,3,3,5,5,5,3,2,2,4,5,4,3,3,3,2,3,4,2,3,2,3,5,5,2,3,3,3,5,5,1,2,3,4,5,3,3,3,4,4,3,2,4,4,5,3,3,4,1,3,3,3,3,4,4,4,3,3,5,5,2,2,4,4,4,3,2,3,3,4,4,3,5,3,4,3,3,5,1,4,1,198.0,203.0,221.0,211.0,195.0
160780,male,43,Canada,1,4,5,5,5,1,4,5,2,4,1,5,3,4,4,2,1,4,2,4,1,5,5,2,4,1,5,4,4,5,1,4,2,5,4,1,4,5,2,4,1,4,4,4,4,1,4,5,3,4,1,4,5,2,4,1,5,5,1,4,1,5,4,4,5,1,4,5,5,3,1,4,5,5,4,1,4,5,5,4,2,5,5,5,4,1,5,4,5,5,1,5,3,5,5,1,4,5,5,4,1,4,4,4,4,2,5,5,3,4,1,4,5,4,4,1,3,5,1,5,1,5,3,5,5,1,4,5,2,4,1,5,5,4,5,1,4,4,4,3,4,1,4,5,4,1,5,5,5,5,1,5,4,4,5,1,5,5,5,2,1,5,4,5,3,1,2,4,2,4,1,3,5,1,5,1,5,5,5,3,1,5,4,5,5,1,4,5,5,5,1,5,2,5,5,1,2,4,5,4,1,2,5,1,4,1,5,4,5,4,2,5,5,5,5,1,4,5,5,4,1,5,4,5,5,1,1,5,5,5,1,2,5,1,4,1,4,5,5,4,1,5,1,5,1,1,5,5,5,4,1,4,5,5,4,1,3,5,5,5,2,4,4,5,5,2,5,4,4,5,1,5,5,5,5,1,4,5,5,2,1,5,4,5,5,1,4,5,5,5,2,4,4,4,5,1,5,2,5,4,247.0,235.0,233.0,202.0,159.0
161408,female,23,USA,4,4,5,3,3,1,3,2,1,5,4,1,4,4,4,3,2,2,3,3,2,5,5,2,3,2,3,1,2,3,3,3,5,3,4,2,1,5,3,4,2,1,4,3,4,4,2,5,2,5,4,5,1,3,3,3,3,2,4,4,3,3,4,3,4,3,3,4,5,4,4,2,3,4,4,4,4,4,5,3,3,4,1,5,3,4,3,3,4,2,3,3,3,2,2,2,3,4,5,5,4,2,2,4,4,4,3,3,5,3,3,2,3,3,3,3,3,3,2,3,3,3,3,3,3,2,5,5,3,3,4,2,4,3,3,4,3,3,4,4,2,2,4,5,4,3,3,5,3,3,3,3,3,2,3,3,2,4,5,4,1,2,4,4,3,3,2,3,5,3,2,1,4,4,3,3,2,3,3,4,3,3,3,3,3,2,3,2,4,3,4,2,3,4,4,5,2,3,4,3,3,3,1,3,3,3,3,3,2,3,3,3,3,3,3,2,3,2,4,3,4,2,4,3,4,4,3,2,4,3,2,2,2,4,3,3,3,3,3,4,3,3,3,3,3,3,3,5,4,4,4,2,4,4,4,4,3,4,4,4,4,4,2,5,3,4,4,2,4,3,3,3,4,4,3,3,2,3,4,4,3,3,3,4,4,3,3,3,3,4,4,4,5,5,3,3,4,1,4,3,193.0,199.0,187.0,197.0,190.0
161431,female,13,USA,3,4,2,4,4,4,3,3,4,2,1,3,3,5,5,2,4,5,3,4,2,5,3,3,2,1,5,3,3,4,3,4,3,4,4,4,3,5,4,1,3,4,5,5,5,4,5,5,4,4,5,5,4,3,3,2,5,3,5,4,2,5,3,3,4,4,5,5,2,4,1,5,4,4,5,2,3,5,3,4,4,5,3,2,2,3,4,2,1,2,2,5,3,5,4,2,5,4,3,2,3,4,3,4,4,2,4,4,5,4,3,4,4,3,4,4,5,3,4,3,3,5,4,4,4,4,5,5,2,2,3,4,4,4,4,2,4,2,1,4,2,3,5,2,4,3,4,3,4,2,4,5,4,3,4,4,5,5,5,4,1,3,2,4,4,1,3,2,5,5,2,4,4,3,2,2,4,4,5,2,2,4,3,4,4,3,4,4,4,1,3,3,2,5,4,2,3,3,2,4,4,5,4,3,4,2,5,2,2,2,4,4,2,2,3,4,4,4,4,1,1,5,3,5,2,2,2,2,2,5,2,1,4,1,5,1,5,3,5,2,4,4,4,2,4,2,4,4,3,2,2,2,4,4,2,3,3,4,1,4,5,5,2,5,5,2,5,1,3,2,2,5,2,5,2,5,5,5,2,1,3,4,3,5,3,2,5,5,1,5,3,3,4,4,4,2,5,1,4,1,205.0,203.0,205.0,207.0,199.0
161877,male,24,USA,4,4,4,4,5,3,2,3,4,4,3,5,3,4,4,1,3,4,5,4,4,4,5,3,4,2,3,3,2,4,2,3,3,2,5,3,2,5,4,3,1,4,4,3,5,3,4,4,3,4,2,3,5,4,4,2,4,1,2,4,2,4,3,3,4,1,3,4,2,3,2,5,3,4,4,2,3,5,4,3,2,4,5,4,2,1,3,2,2,3,2,4,4,4,5,1,3,3,4,4,1,4,2,3,5,4,2,4,3,2,1,2,5,4,2,2,3,1,2,4,3,4,1,4,5,2,2,5,1,4,2,4,4,3,5,4,5,2,4,4,4,1,3,2,4,3,4,2,2,5,2,3,2,4,4,2,3,4,5,2,1,4,1,3,4,1,1,1,3,4,2,1,2,2,2,1,4,1,3,4,2,2,3,2,5,2,2,2,3,2,2,3,3,4,5,2,2,2,5,5,4,5,3,2,3,1,4,2,3,4,1,3,4,2,5,2,2,3,4,3,2,4,3,4,3,2,2,3,4,4,2,1,4,1,2,1,4,1,2,5,1,4,4,2,4,2,2,3,5,3,2,2,2,4,5,4,2,4,2,3,4,2,3,4,4,2,4,2,2,4,2,4,4,4,4,2,3,3,4,4,2,4,4,4,5,1,3,2,4,5,4,3,5,5,2,2,4,1,2,3,196.0,185.0,185.0,184.0,173.0
162066,male,22,New Zealand,2,2,5,3,3,1,5,5,3,3,2,3,3,4,2,2,3,4,3,3,1,3,3,4,3,1,4,5,3,4,3,3,5,4,4,2,4,5,3,3,2,3,4,4,3,2,2,5,3,3,4,4,4,4,3,2,4,4,4,3,2,4,5,4,4,2,4,5,4,4,2,3,4,3,2,2,3,5,4,2,3,4,4,3,3,2,5,4,5,3,1,4,5,2,4,2,2,4,5,3,2,3,4,4,5,3,4,4,4,3,4,4,4,5,4,2,4,4,3,4,2,4,4,3,5,1,2,5,3,2,2,4,4,5,4,2,4,4,3,4,2,3,5,3,3,2,5,5,3,5,4,3,5,5,4,2,3,5,4,3,1,4,1,4,2,2,1,4,4,4,1,3,5,4,4,1,5,5,4,3,1,4,4,4,4,1,3,2,4,2,4,4,3,4,4,3,2,4,4,5,1,4,5,4,2,4,4,4,5,4,4,4,5,4,4,2,4,5,4,4,3,4,4,4,5,2,2,4,3,4,2,3,5,3,2,2,5,3,4,2,3,4,4,4,5,1,4,5,5,2,1,2,3,4,4,3,2,5,5,3,2,5,5,5,4,2,5,3,3,4,2,3,5,3,4,2,2,4,5,2,4,4,5,4,4,1,3,5,4,4,4,4,4,5,4,2,4,4,2,2,239.0,187.0,209.0,201.0,193.0
162726,female,14,Namibia,5,3,2,4,5,5,1,3,5,4,2,5,4,3,4,2,4,2,3,5,1,3,4,1,3,4,3,3,4,2,3,1,4,3,4,5,1,4,4,4,2,5,4,4,4,5,3,3,3,4,3,2,5,4,3,2,4,3,5,4,3,2,2,4,3,4,3,2,5,4,3,4,3,5,3,3,4,4,2,3,4,2,2,2,3,3,2,3,2,4,4,3,2,3,4,3,2,5,3,3,3,4,3,4,4,4,3,2,2,3,4,2,3,3,1,4,3,5,3,3,3,2,3,3,3,4,4,4,4,4,4,3,3,4,3,2,4,2,4,4,1,1,5,4,4,2,5,3,5,2,5,4,4,3,4,5,1,3,5,3,2,5,4,5,5,3,4,2,5,5,3,4,3,4,4,2,4,3,5,5,4,4,2,4,3,3,2,4,3,3,1,4,4,5,4,5,2,3,3,4,3,1,3,3,5,2,4,3,2,3,3,4,2,4,4,5,1,3,5,2,3,5,3,4,4,4,3,3,3,5,1,2,4,4,2,3,4,5,5,2,4,4,2,4,4,4,1,5,2,4,2,2,3,4,5,4,3,4,4,5,4,3,3,4,3,3,4,2,4,3,2,3,2,5,5,4,2,5,4,4,3,4,4,4,5,1,5,3,4,5,3,3,5,5,3,3,4,1,5,3,202.0,202.0,195.0,209.0,207.0
163207,female,19,USA,5,1,5,1,3,5,1,4,3,5,5,3,5,2,4,4,1,1,2,2,5,2,3,5,1,5,1,5,5,4,5,2,4,1,2,5,2,5,4,1,5,2,4,4,4,5,1,3,4,1,5,1,3,1,2,5,2,5,5,1,5,1,4,1,2,5,1,4,3,4,5,1,4,4,3,5,1,5,2,1,5,1,5,2,2,5,4,4,5,3,5,1,5,2,2,4,1,5,2,5,5,1,4,4,5,5,2,2,1,2,5,1,2,3,1,4,2,4,5,2,5,4,5,3,2,5,2,4,4,5,5,2,5,2,4,5,4,1,2,1,5,1,5,5,2,5,2,5,5,4,5,1,5,2,2,5,1,5,3,1,5,2,5,4,3,4,5,1,2,2,5,2,4,5,1,3,1,5,5,4,5,1,5,1,3,5,1,2,3,1,5,1,5,5,2,5,1,1,1,3,4,2,5,5,1,4,5,3,2,3,5,1,5,1,3,5,1,5,4,1,5,5,5,3,2,5,1,1,1,1,5,1,5,2,1,4,5,4,5,3,5,4,4,1,1,3,1,3,3,2,5,1,5,4,4,5,4,3,2,1,5,4,5,5,1,1,4,3,5,2,5,1,5,2,5,5,4,4,3,2,5,5,5,4,4,2,4,4,1,1,5,5,5,5,1,4,5,3,5,5,214.0,171.0,154.0,203.0,241.0
163653,female,27,USA,4,5,5,4,4,4,3,5,5,5,2,5,5,4,4,2,4,2,4,3,1,4,3,4,2,3,3,1,5,4,1,4,5,5,4,2,1,5,5,3,1,4,5,4,4,2,4,5,5,4,5,4,4,5,3,2,5,2,5,2,2,4,4,4,4,3,5,5,5,4,2,3,2,4,4,2,3,4,5,4,4,4,4,4,2,3,4,2,3,4,4,4,5,4,4,2,3,5,5,5,1,3,4,4,4,4,4,4,1,2,1,2,3,5,4,2,4,1,5,4,4,4,5,4,4,2,5,5,2,4,2,4,4,4,4,4,2,3,4,3,5,5,4,4,4,4,5,1,4,2,4,3,4,4,4,3,2,5,5,4,2,4,4,4,3,2,1,4,3,5,3,2,4,3,2,4,4,4,5,3,4,4,4,4,4,4,3,3,4,1,2,3,4,4,4,3,2,3,4,3,2,3,4,3,2,2,5,3,5,3,2,4,5,3,4,4,2,4,4,3,3,4,3,4,4,3,2,2,4,2,3,1,4,2,2,3,5,2,4,3,3,4,4,2,4,2,4,3,4,4,1,1,4,4,5,4,2,5,5,2,5,4,4,5,2,4,5,2,4,4,2,4,5,4,4,4,2,4,5,3,2,4,4,4,5,2,4,2,3,4,4,5,4,2,2,4,5,1,2,2,207.0,205.0,218.0,231.0,185.0
164365,male,30,USA,4,3,5,2,5,5,2,5,1,2,4,3,4,2,4,4,5,4,2,4,2,4,4,1,2,4,3,4,2,4,3,2,5,4,5,5,2,4,3,1,4,2,4,4,5,3,4,5,4,5,4,5,3,1,4,2,4,4,4,3,2,2,4,3,4,4,2,4,2,4,5,4,3,4,1,5,3,4,3,2,4,4,5,2,2,3,4,4,2,2,4,4,3,3,4,4,2,3,4,2,4,4,5,4,4,2,1,4,2,5,4,1,2,2,3,4,2,5,4,2,4,4,4,4,5,4,2,5,1,3,4,3,5,4,4,5,3,4,3,5,4,2,3,1,4,4,4,5,4,3,5,1,4,3,4,5,2,5,2,1,3,3,5,2,2,4,3,4,2,5,5,3,4,2,4,2,4,5,4,2,4,2,5,2,2,4,3,2,2,1,4,3,4,4,5,4,5,4,5,5,4,4,2,2,2,3,2,4,4,4,5,5,5,2,4,4,2,4,4,1,4,3,4,3,5,4,3,4,2,5,4,4,4,1,4,3,4,3,2,2,4,4,2,2,5,3,1,2,4,2,4,4,5,5,3,5,4,5,2,4,5,5,2,2,3,2,2,2,2,3,3,3,5,5,4,4,2,4,3,2,4,4,5,5,4,3,4,4,2,5,5,1,2,2,2,2,3,5,2,2,221.0,193.0,185.0,198.0,219.0
165753,female,17,UK,3,1,2,2,4,4,1,3,4,3,5,3,4,2,4,2,2,2,4,3,4,1,4,4,2,2,2,2,2,4,3,2,4,4,2,4,2,5,2,1,5,3,1,2,3,3,2,3,1,2,4,2,4,4,3,2,2,4,2,4,2,1,3,4,3,4,2,4,4,3,5,4,2,2,3,4,1,4,3,3,4,2,4,4,3,2,1,1,2,4,2,2,5,4,4,4,2,1,2,3,5,2,2,4,5,3,4,2,2,2,5,1,5,4,2,2,4,2,1,4,2,1,4,5,4,4,1,4,2,2,5,2,2,3,3,5,4,2,2,3,4,1,4,2,2,5,3,2,1,4,2,1,4,4,2,4,1,2,4,4,2,4,4,1,4,4,2,2,1,4,4,1,3,2,3,1,4,2,2,3,3,1,2,1,3,3,1,1,2,1,4,1,3,1,3,3,3,2,2,4,2,5,4,2,3,2,2,1,2,4,2,1,1,4,4,4,2,2,5,2,4,2,4,1,3,2,2,3,3,2,2,2,3,1,3,2,2,1,2,5,2,1,4,3,3,1,4,2,4,1,2,2,3,1,4,4,2,4,4,3,2,4,4,5,4,2,1,1,1,4,4,1,2,5,4,2,1,2,4,2,2,5,4,2,4,1,4,2,5,3,3,5,5,5,4,2,1,5,2,3,173.0,161.0,154.0,168.0,184.0
167257,male,26,USA,2,2,3,4,5,1,2,3,5,5,4,5,1,3,4,2,5,4,4,5,3,4,5,4,5,2,2,1,1,5,1,3,2,4,5,2,2,4,5,4,1,5,3,4,5,1,5,4,4,5,3,3,4,3,4,2,3,2,2,2,1,4,3,4,5,1,3,2,4,4,3,4,2,3,5,3,5,5,3,5,2,3,4,2,4,2,2,2,4,3,2,4,2,4,5,3,2,2,5,5,1,2,3,4,5,2,4,4,4,4,2,2,5,4,5,2,2,5,2,5,2,2,2,4,4,1,2,5,2,4,2,5,4,3,5,3,4,3,4,4,4,2,4,1,5,1,4,2,4,4,2,2,4,4,5,2,3,4,5,5,1,4,2,2,5,4,2,3,3,5,2,1,4,1,5,2,3,4,4,4,3,4,2,4,4,1,3,2,4,4,3,2,2,4,5,4,2,4,5,5,2,3,4,1,5,1,4,2,3,4,2,4,3,4,5,2,2,4,4,4,4,2,2,4,4,2,2,3,4,5,2,1,5,1,4,2,4,3,2,4,3,4,4,4,5,1,2,4,5,4,1,2,2,5,5,4,4,4,5,5,1,5,5,4,4,2,4,1,2,4,2,3,4,5,5,4,2,4,5,4,1,2,3,4,5,1,5,2,4,4,2,3,5,4,4,2,2,2,3,4,200.0,222.0,191.0,201.0,170.0
167305,male,20,Sweden,3,3,4,4,5,4,4,3,5,4,3,3,4,4,5,2,1,5,2,3,2,4,1,3,3,2,3,2,3,4,3,3,4,3,3,4,2,5,4,3,2,3,4,3,5,3,2,5,4,4,2,3,3,2,3,3,2,1,5,5,3,3,4,4,3,3,3,4,3,4,3,2,3,3,5,4,2,4,4,4,2,3,4,1,3,2,4,2,4,4,3,3,5,3,4,3,2,4,4,3,2,2,4,2,3,4,3,4,4,3,3,2,3,4,3,4,2,5,4,4,2,3,3,3,4,2,2,5,4,3,3,2,5,3,4,2,3,3,4,3,4,1,5,2,4,4,5,5,4,4,4,2,5,4,4,3,3,3,5,4,2,4,4,4,4,2,2,3,4,4,2,2,4,3,3,3,4,2,5,4,3,4,5,4,3,3,3,3,4,4,3,3,3,4,5,4,3,4,4,3,3,2,5,3,4,3,3,2,5,4,3,3,4,4,3,3,4,2,4,5,3,3,5,4,4,3,2,2,5,4,2,1,4,4,3,2,3,2,4,4,2,4,4,3,3,2,3,2,4,4,3,2,2,4,4,4,2,4,3,2,1,3,4,4,4,3,3,1,4,4,2,3,4,4,5,4,3,3,5,4,3,3,5,4,4,2,3,4,2,4,3,4,3,4,3,3,3,5,4,3,214.0,202.0,185.0,203.0,194.0
167817,male,15,USA,3,2,5,2,5,1,2,5,5,4,4,4,3,4,4,1,4,5,5,5,3,3,5,2,4,1,4,1,4,3,2,1,5,5,5,1,2,5,2,3,1,4,3,4,5,4,3,5,3,5,1,2,5,4,3,4,2,1,5,5,2,2,5,5,4,1,4,5,5,2,2,4,2,4,5,4,5,5,2,3,1,4,5,2,5,2,3,2,2,4,1,4,5,4,5,3,4,4,5,3,2,1,5,5,5,4,5,3,4,5,1,1,5,4,4,2,3,1,4,5,4,3,3,4,5,1,4,5,2,3,4,5,5,5,5,4,5,3,4,4,2,1,5,4,4,2,5,2,4,5,2,1,5,5,4,1,2,5,4,3,2,5,2,5,5,4,2,2,5,5,3,1,5,2,4,1,4,4,3,4,3,3,4,4,5,1,4,5,2,2,2,4,4,2,5,4,2,4,5,4,3,1,5,2,5,1,4,1,2,2,1,4,5,5,5,1,4,3,4,2,2,4,4,4,3,2,3,4,4,5,4,2,4,1,4,1,4,2,5,5,2,4,4,4,4,1,2,4,2,2,1,4,4,4,4,5,4,2,5,5,2,4,5,5,5,2,2,2,2,5,3,2,4,5,5,3,2,3,5,2,2,3,1,5,4,2,4,3,5,5,2,1,5,3,2,2,4,1,3,3,212.0,222.0,198.0,207.0,175.0
168412,female,14,USA,3,1,1,3,4,3,1,3,4,1,3,2,4,4,4,3,2,3,4,4,2,4,4,2,2,3,3,1,3,4,4,3,4,3,4,3,1,4,3,3,4,1,3,3,3,5,3,4,4,4,3,2,2,4,3,4,4,4,3,3,4,2,5,3,3,4,4,4,5,4,4,2,3,3,3,4,1,3,4,2,4,3,1,4,2,4,4,3,3,3,5,3,3,3,3,3,2,5,3,1,4,2,3,3,2,5,3,3,4,3,3,2,2,3,2,5,1,3,3,5,5,3,3,4,2,3,2,5,3,2,3,2,4,3,3,5,2,1,3,2,5,3,1,5,2,3,3,3,3,3,3,1,3,2,3,3,3,5,3,2,4,1,3,5,3,3,2,3,3,2,3,1,3,4,2,3,2,3,3,3,4,1,1,2,3,3,2,4,3,2,3,3,3,3,4,4,2,3,3,4,3,2,3,4,2,3,2,3,4,3,4,2,5,3,5,2,1,3,3,4,3,2,3,3,2,5,3,3,5,2,3,1,3,5,2,3,4,3,4,5,5,3,3,3,2,3,4,3,2,3,3,1,3,3,4,3,3,3,3,2,1,1,3,3,2,3,4,3,3,3,4,3,5,3,4,4,1,3,3,3,4,1,3,3,1,5,3,3,3,3,3,5,2,5,3,4,3,2,4,1,179.0,175.0,175.0,189.0,191.0
169469,female,20,USA,4,2,1,2,3,4,3,1,5,4,4,2,1,3,4,4,1,2,4,2,4,3,1,5,4,4,1,3,3,5,5,1,1,3,2,5,2,4,4,5,5,2,3,3,4,5,2,4,4,5,5,2,1,5,3,5,3,1,3,4,4,2,1,1,3,4,2,3,5,4,4,2,2,4,2,4,1,3,4,2,4,1,1,2,4,5,1,2,1,1,4,2,1,2,1,4,3,3,5,4,5,1,3,3,4,5,3,1,5,5,5,1,3,5,4,4,1,5,2,4,5,3,1,2,3,4,1,3,5,4,5,3,5,3,4,4,2,1,5,4,1,1,1,5,3,4,2,3,3,5,5,1,4,2,4,4,2,1,5,3,4,3,2,5,5,4,2,1,4,5,4,1,5,5,3,4,1,3,5,5,4,2,2,2,1,2,1,1,5,3,5,2,5,3,5,5,3,1,2,3,1,2,3,5,4,4,3,2,3,5,5,4,1,2,2,4,1,1,4,3,4,2,2,3,5,1,5,2,4,2,2,1,4,3,1,5,1,5,3,5,5,2,2,2,2,2,1,1,4,4,5,1,4,5,5,5,4,3,3,5,5,5,1,5,2,3,3,1,2,5,5,2,2,3,5,5,1,5,5,5,4,2,5,4,3,3,2,3,3,4,3,1,1,5,3,5,2,3,2,2,173.0,191.0,154.0,206.0,211.0
169760,female,25,USA,5,3,3,3,4,4,4,5,4,4,3,4,4,5,3,4,4,5,2,2,4,4,3,4,3,4,2,5,5,5,4,3,1,3,4,5,4,5,2,4,4,4,3,4,5,5,4,5,2,4,4,3,4,2,5,3,4,4,4,5,4,3,3,2,4,4,4,4,4,5,3,2,5,3,5,2,4,4,4,4,4,3,5,3,4,2,3,5,5,2,4,4,5,2,4,4,3,3,3,3,4,4,5,4,5,3,3,4,1,4,4,4,2,3,3,5,3,5,3,5,4,3,3,4,5,3,2,5,1,4,5,5,5,5,5,3,3,4,2,4,4,1,5,2,4,2,4,5,4,5,4,4,5,3,5,5,4,5,5,4,3,5,4,2,2,3,2,4,3,5,3,2,5,2,2,4,3,5,3,2,4,3,2,3,5,4,5,5,3,4,4,4,3,4,5,5,2,4,3,5,4,4,5,2,3,3,4,5,3,3,5,3,3,2,5,4,2,5,2,4,3,5,5,3,5,3,2,4,2,3,4,1,4,1,4,3,4,4,5,2,4,4,5,3,4,3,2,3,3,1,4,2,4,4,5,4,3,4,2,3,4,4,5,3,4,3,4,4,4,5,2,5,3,3,5,5,2,4,5,4,3,5,3,3,4,1,4,5,2,4,4,5,5,4,4,5,4,5,3,3,230.0,215.0,208.0,213.0,234.0
169924,female,22,USA,3,2,4,3,4,4,1,4,5,2,4,2,3,4,3,4,2,4,4,3,5,4,4,3,2,2,3,1,4,3,2,3,3,3,3,4,1,5,3,2,3,4,2,3,4,3,2,4,5,4,3,2,2,3,3,3,3,4,3,3,4,3,4,3,3,2,3,4,4,3,3,2,2,4,4,4,3,4,4,3,2,2,2,4,2,2,2,2,4,3,2,3,4,3,3,3,3,4,5,2,4,2,3,3,4,3,3,4,3,3,4,2,3,4,4,3,4,5,1,3,2,4,2,3,3,1,3,4,3,3,4,3,3,4,3,4,3,3,4,3,5,1,4,5,3,1,3,3,2,4,2,2,3,3,3,4,2,4,5,3,3,2,2,5,4,4,2,4,5,3,3,1,3,4,3,3,3,4,3,3,2,2,4,2,3,2,2,2,5,3,4,2,2,3,5,3,3,4,5,3,3,3,2,4,2,3,4,3,2,4,2,2,4,2,3,4,2,2,3,2,4,2,3,4,3,3,2,3,5,2,4,1,3,4,2,2,4,1,3,5,2,4,2,2,3,2,2,3,5,2,3,3,2,5,5,4,2,4,5,4,4,1,3,5,4,3,5,2,3,4,2,2,4,4,4,2,2,3,5,3,4,2,3,4,4,4,3,5,4,4,4,4,3,5,3,3,4,5,3,3,195.0,174.0,179.0,204.0,192.0
170506,female,23,Bulgaria,5,3,4,2,4,1,1,5,5,5,2,1,4,5,5,2,2,4,4,3,1,4,5,5,2,4,2,1,1,5,3,2,5,4,4,2,1,5,5,4,1,1,5,5,4,2,2,4,3,5,1,2,2,3,4,3,4,5,5,4,2,3,5,2,4,2,4,5,5,5,1,1,3,4,5,4,4,5,5,3,1,4,5,4,3,2,2,4,5,5,2,3,4,4,5,1,1,5,5,5,1,1,5,5,4,4,5,3,2,3,2,2,5,4,5,1,5,5,4,5,4,5,5,4,5,1,5,5,4,5,1,1,5,5,5,4,2,1,3,4,4,2,5,4,4,1,5,5,3,5,4,4,4,4,5,2,2,5,5,4,1,2,4,5,4,1,2,2,5,5,2,1,5,3,2,3,5,5,2,4,2,3,4,3,5,1,2,5,5,5,4,1,2,4,5,4,1,2,5,4,1,4,5,2,4,2,4,2,2,4,2,3,4,3,4,1,2,5,5,5,1,4,5,5,5,4,1,1,5,4,1,1,4,1,4,2,4,3,5,5,2,4,4,2,3,1,2,5,5,4,2,3,2,5,4,2,1,5,2,4,1,2,5,4,4,2,4,2,1,5,4,3,5,4,5,1,1,5,4,5,2,4,5,5,5,2,2,1,5,5,2,2,2,4,4,4,5,5,2,5,237.0,202.0,186.0,220.0,175.0
170685,male,17,USA,4,5,5,4,4,2,1,5,3,5,3,5,5,4,4,1,5,3,2,4,3,4,5,2,2,1,4,3,4,2,1,4,5,4,5,4,4,5,4,4,3,5,5,5,4,4,5,5,1,5,4,5,5,3,2,2,5,2,4,4,2,5,4,3,4,1,5,5,4,3,2,5,5,5,3,2,5,5,4,5,4,5,5,1,2,3,4,3,4,3,4,4,5,3,4,2,5,4,2,5,2,5,4,4,2,1,2,4,3,1,5,4,5,1,2,1,4,1,5,2,5,4,4,4,5,4,3,5,2,4,2,5,5,4,5,1,5,4,4,5,5,5,5,2,5,4,5,3,5,4,2,5,5,4,5,4,2,5,5,5,2,5,5,3,4,1,2,4,1,5,4,2,4,2,4,1,5,5,5,3,2,5,5,4,5,3,3,5,5,4,1,5,5,5,3,4,5,5,1,5,3,5,5,1,4,1,5,2,5,4,4,5,5,3,5,1,5,5,5,5,4,5,5,4,5,1,3,4,5,5,3,4,5,1,4,1,5,3,4,2,4,5,5,3,5,2,5,5,5,2,1,5,5,5,4,5,4,5,5,5,3,5,5,4,5,2,4,2,4,4,1,4,5,3,4,3,1,5,4,5,2,5,5,5,5,1,4,4,5,5,4,5,5,2,1,1,4,1,4,2,248.0,218.0,240.0,212.0,202.0
171480,male,19,UK,4,2,2,4,4,3,1,3,4,4,4,2,3,4,4,4,2,3,3,4,4,2,4,5,2,3,2,5,4,4,4,2,3,4,4,4,2,5,4,2,4,2,3,3,4,4,3,4,4,3,3,2,5,4,3,2,2,4,4,4,3,2,3,4,4,3,2,4,4,4,4,2,4,3,4,4,2,3,4,4,4,2,3,4,3,4,2,4,4,3,4,2,4,4,3,4,2,2,4,4,4,2,4,4,4,4,2,4,3,3,4,1,4,4,3,2,3,5,3,4,4,3,3,4,4,3,1,3,3,4,4,3,4,3,4,5,3,2,4,4,4,2,5,2,4,3,2,5,4,4,2,1,4,2,3,3,2,3,4,2,4,2,3,2,4,3,2,2,3,4,4,1,4,4,2,2,2,4,4,4,2,1,3,4,2,2,2,2,4,2,4,2,3,4,4,4,2,2,5,4,4,2,4,4,2,2,2,3,5,4,3,2,2,2,4,3,1,3,4,2,4,3,3,4,4,4,2,2,4,3,4,2,4,2,2,2,4,4,4,5,4,4,4,2,3,2,1,3,4,2,3,1,3,4,4,5,2,2,3,2,3,2,4,4,2,3,3,4,4,4,4,2,3,4,3,2,1,2,4,3,4,3,4,4,4,3,2,2,4,4,4,4,5,5,3,2,3,4,4,4,204.0,185.0,155.0,213.0,205.0
172263,female,17,USA,3,5,5,3,4,5,5,2,5,5,1,4,5,5,3,1,5,3,2,3,5,5,1,1,2,4,5,1,3,2,3,5,5,1,4,5,5,5,1,4,3,2,5,3,5,3,5,5,1,3,5,5,1,1,5,3,5,1,5,2,1,5,5,2,2,5,5,3,1,5,1,4,1,3,2,1,5,5,4,3,5,5,5,5,2,3,5,1,2,2,5,5,3,1,3,1,5,2,5,2,2,2,4,3,4,1,3,2,1,2,4,5,3,3,2,5,5,5,3,1,4,5,4,2,1,5,5,2,1,2,2,4,5,1,1,2,3,1,3,3,5,5,5,4,3,4,3,1,2,1,5,5,2,2,3,5,5,1,4,5,1,4,4,4,1,1,5,4,1,2,3,5,2,3,2,4,2,5,3,1,5,5,5,2,3,5,5,3,5,2,1,5,5,4,5,2,5,3,3,2,5,5,5,4,1,4,5,3,1,2,3,5,5,3,1,5,5,1,5,2,4,5,5,5,5,3,1,1,1,4,4,4,1,1,3,2,5,3,4,1,5,4,4,2,4,5,5,5,5,2,2,5,5,5,3,1,5,5,1,4,5,5,5,2,3,3,5,4,4,2,3,4,5,4,1,5,5,1,5,5,3,5,5,5,4,1,5,5,4,4,4,5,5,1,3,5,5,5,1,1,185.0,205.0,232.0,196.0,200.0
173223,female,23,UK,4,3,4,3,4,2,3,3,5,3,3,3,5,4,4,3,2,4,1,3,1,5,3,4,3,1,3,3,4,3,4,2,5,4,3,3,3,4,3,2,2,2,4,3,4,4,3,5,4,4,2,5,5,4,3,2,3,5,4,3,3,4,5,2,4,3,4,4,2,2,3,3,1,4,5,2,5,4,3,4,4,4,5,2,3,3,3,2,5,4,2,2,5,3,3,3,4,4,2,3,2,3,5,4,3,2,4,5,1,5,5,4,4,4,3,4,2,5,4,2,5,3,5,3,4,2,3,5,3,2,3,2,5,3,4,5,3,5,2,5,2,4,5,3,4,4,4,3,4,3,4,2,5,3,4,3,3,5,5,4,3,4,4,3,4,3,4,5,5,5,4,3,5,3,4,1,3,4,5,2,4,4,5,3,2,3,3,5,3,1,3,4,5,4,3,4,2,5,5,4,3,4,5,3,3,2,5,2,4,2,4,3,5,2,4,3,3,4,3,4,4,4,5,3,4,3,4,5,3,4,2,4,5,2,2,1,4,4,4,3,4,5,5,2,4,2,3,3,3,3,2,4,5,4,4,3,4,4,3,5,2,5,5,4,4,3,5,3,2,2,2,2,5,5,4,2,3,4,3,2,3,4,5,4,5,1,4,3,2,5,4,5,5,3,3,1,5,5,3,2,237.0,201.0,200.0,201.0,206.0
173854,female,14,Singapore,4,3,4,4,4,2,2,4,5,5,3,4,3,3,5,3,2,4,4,3,1,5,2,3,2,4,4,4,5,4,5,5,5,5,3,2,2,5,5,3,3,4,5,5,4,5,3,5,3,3,4,5,5,3,2,4,3,5,4,2,3,3,2,4,3,2,4,5,5,4,3,4,3,4,5,4,3,5,3,3,4,5,4,5,2,3,4,3,4,3,2,3,4,5,2,1,5,5,5,2,4,4,5,4,4,4,3,5,1,2,3,2,4,3,2,4,5,2,3,3,2,4,2,5,4,1,5,5,1,2,1,3,4,5,5,5,3,3,2,4,5,5,3,3,3,4,4,3,4,4,1,2,2,4,3,1,4,5,5,3,3,2,2,4,4,5,1,4,2,3,2,4,4,4,2,3,5,5,5,3,1,3,2,4,3,1,3,3,3,1,5,2,1,4,4,4,2,4,5,5,1,5,3,4,2,3,5,2,4,3,2,2,4,2,1,1,2,4,5,2,3,2,3,3,4,2,1,5,4,2,3,4,4,4,2,3,4,3,4,2,4,4,2,2,2,1,2,2,5,5,3,2,1,5,2,4,2,5,4,3,2,5,2,3,4,2,5,3,3,4,1,2,4,2,3,3,2,4,3,3,3,3,3,4,3,4,3,2,4,3,2,5,1,3,3,2,5,4,5,1,209.0,188.0,209.0,202.0,187.0
174048,male,36,UK,4,3,4,4,4,1,1,5,5,4,2,4,2,2,4,3,4,5,1,3,3,2,5,1,3,1,2,5,3,4,4,2,3,4,4,1,1,4,2,2,1,4,2,2,4,3,3,5,5,4,4,1,5,3,2,2,4,5,5,3,4,4,4,4,4,1,2,3,4,2,1,4,4,3,4,3,4,5,4,4,4,2,5,1,2,3,1,4,4,3,1,4,4,5,4,1,4,3,3,2,1,5,4,4,5,1,4,5,2,4,4,1,5,3,1,4,4,5,2,3,4,4,4,5,5,1,2,5,1,3,2,4,4,3,4,2,3,4,1,4,5,2,5,1,3,1,5,5,4,3,1,2,4,4,5,1,1,5,5,3,1,5,1,1,1,1,1,4,2,5,4,1,5,1,2,1,5,5,5,4,2,4,4,5,2,1,2,5,3,3,1,5,1,5,4,1,4,3,5,3,4,2,4,1,2,1,4,2,5,4,1,4,4,4,4,1,1,5,4,2,1,5,2,2,3,2,2,2,4,4,4,1,5,1,3,2,4,5,5,5,4,4,4,4,5,1,1,1,4,3,1,4,3,4,4,4,4,5,4,4,5,1,5,2,2,2,5,3,4,2,2,3,4,5,5,4,2,1,3,4,1,5,2,2,5,2,5,2,3,5,5,3,5,2,3,2,4,4,3,2,225.0,183.0,179.0,183.0,179.0
175365,female,17,USA,2,4,5,4,2,1,1,5,5,5,2,5,5,5,3,2,3,5,2,4,5,5,5,3,1,1,5,5,5,2,2,4,5,4,5,2,3,5,2,4,1,5,5,5,4,3,2,5,3,3,2,5,5,3,4,1,5,4,5,4,1,4,5,3,4,1,3,5,4,4,1,3,5,5,5,3,2,5,4,2,2,5,5,1,2,1,5,4,4,3,2,4,5,4,4,1,3,5,3,2,1,4,5,5,3,2,3,5,3,5,1,1,4,4,1,4,5,3,4,2,2,4,5,4,5,1,5,5,2,3,1,4,5,5,5,2,5,4,2,4,5,3,5,2,2,2,5,5,5,4,2,3,4,4,4,2,3,5,4,1,1,5,3,4,2,2,1,4,2,5,3,3,5,2,1,1,5,5,4,1,1,3,5,3,5,1,3,4,5,1,3,4,2,5,4,2,1,4,5,5,3,5,5,2,2,1,5,1,5,2,1,4,5,2,4,1,1,5,5,1,2,4,3,5,4,1,1,3,5,3,4,4,5,2,1,1,5,2,5,3,2,4,5,3,5,2,2,3,5,3,2,4,4,5,5,2,1,5,5,3,1,5,5,5,1,2,5,1,5,4,1,3,5,5,4,3,4,4,5,4,2,4,4,5,4,1,5,5,5,5,4,2,5,3,2,1,5,1,4,1,236.0,190.0,215.0,202.0,174.0
175986,female,22,Pakistan,4,3,5,1,4,3,3,3,2,4,3,5,5,5,5,1,5,1,3,5,5,5,5,1,1,4,5,4,5,4,1,4,5,5,5,3,3,4,3,5,1,4,5,5,4,1,4,5,5,5,5,5,5,3,3,3,5,5,5,5,5,5,5,5,5,3,5,5,3,4,2,4,5,5,2,1,2,5,3,5,2,5,4,1,2,1,5,1,5,5,1,5,5,5,5,1,5,5,5,5,1,5,5,5,4,3,5,5,2,5,5,3,5,3,2,2,5,1,5,1,5,5,5,5,5,4,5,5,1,4,4,5,5,4,5,4,4,1,2,5,5,4,5,3,4,5,5,5,5,5,5,5,5,5,5,2,2,2,4,5,1,5,5,5,5,1,1,5,5,5,5,5,5,2,2,2,5,5,5,2,1,4,5,2,4,2,2,5,3,4,1,5,5,5,4,2,1,4,4,4,5,4,5,2,1,1,5,1,1,2,2,5,5,2,4,2,2,3,5,2,1,5,5,5,4,2,1,1,5,5,5,1,5,2,2,2,4,1,5,1,1,5,5,4,5,2,2,2,5,5,1,1,5,5,5,1,1,5,1,5,5,2,5,1,2,1,2,1,2,1,2,2,5,5,2,2,2,2,4,5,1,5,5,5,5,1,5,2,2,5,2,2,5,5,5,2,5,1,1,1,220.0,226.0,215.0,219.0,191.0
176536,female,19,Canada,3,4,4,5,4,2,5,4,3,5,4,4,2,4,2,3,3,4,2,2,4,5,2,3,2,2,3,4,4,3,5,5,4,3,2,3,3,5,2,5,2,4,4,4,4,4,2,5,4,3,4,4,2,1,4,2,5,4,3,1,2,4,5,5,3,2,4,4,4,3,1,2,2,3,2,1,2,3,4,2,4,4,2,4,2,1,5,3,3,2,4,5,5,3,3,2,2,5,3,4,3,3,4,5,4,3,4,2,3,3,2,2,2,2,3,5,5,5,2,3,4,4,4,3,5,1,5,5,2,3,2,4,4,3,4,3,4,4,3,3,5,3,5,5,3,3,4,4,5,4,1,4,4,2,3,2,3,4,4,5,3,4,4,5,3,4,2,4,2,4,4,2,3,3,2,4,4,3,4,2,2,4,5,4,2,3,5,2,3,5,5,2,2,3,3,3,2,4,5,1,5,5,2,3,2,3,5,4,3,2,2,5,4,2,3,4,5,5,3,2,2,3,4,5,5,2,2,3,1,1,5,2,2,4,2,2,5,3,4,3,3,2,3,3,2,2,5,5,5,4,3,4,1,3,5,4,4,5,4,2,5,5,5,3,2,3,4,3,2,2,2,4,4,4,4,5,3,3,3,4,4,2,4,4,2,4,3,5,5,3,4,4,3,3,2,4,5,1,3,2,198.0,189.0,209.0,201.0,205.0
177125,female,17,USA,3,4,2,3,3,2,5,3,4,4,2,4,3,4,4,3,4,3,4,4,5,5,2,2,2,3,4,3,1,4,2,4,4,3,3,3,5,5,4,3,3,3,4,4,5,5,5,5,5,4,5,3,1,2,3,1,5,2,3,3,3,4,4,4,3,3,5,3,4,5,3,3,4,4,3,3,3,4,4,3,4,4,3,4,2,1,5,2,3,3,4,4,3,4,2,2,4,5,3,4,3,4,2,4,4,2,4,4,4,3,1,5,3,3,2,4,4,2,4,2,4,4,4,4,3,3,5,3,4,4,4,4,5,4,2,4,4,1,3,3,5,1,3,2,4,4,4,2,3,4,4,5,4,3,3,3,5,3,2,3,4,2,3,2,5,2,3,2,3,5,4,2,2,2,1,2,4,1,2,2,3,4,4,4,4,4,5,1,5,2,3,4,4,3,5,4,2,2,4,4,4,4,2,4,3,3,5,2,2,4,1,3,3,4,3,3,5,1,4,4,2,4,2,5,2,4,2,2,5,4,4,2,2,3,3,4,3,4,2,3,4,5,3,2,2,3,4,5,3,4,3,4,2,5,5,4,2,4,4,1,5,4,2,4,2,4,5,2,4,4,2,4,2,5,4,2,4,5,5,4,4,1,4,3,5,4,3,2,3,2,5,4,2,2,3,4,5,1,3,2,191.0,194.0,220.0,205.0,191.0
177442,male,30,USA,5,4,5,1,3,4,3,3,4,2,4,3,4,3,2,2,3,2,2,2,4,4,3,1,1,5,2,4,4,2,5,1,5,1,4,5,4,4,2,4,4,3,4,4,1,5,2,4,3,5,5,4,1,1,1,5,3,4,5,1,5,4,5,1,1,5,5,1,1,5,5,4,2,3,1,3,1,1,3,4,5,4,3,4,1,5,5,1,1,1,5,3,5,1,2,4,1,4,1,4,2,4,5,2,1,1,5,5,1,5,5,5,5,1,1,5,2,5,1,1,5,1,5,1,2,5,2,3,2,1,5,2,4,1,1,2,5,1,1,2,5,5,5,2,1,5,3,5,5,1,5,5,5,2,2,5,2,3,1,1,5,3,5,1,1,2,1,1,2,4,5,4,4,3,1,4,1,3,3,1,5,1,5,1,2,5,1,1,4,1,5,3,5,1,1,4,2,1,3,3,5,5,4,3,2,3,5,4,2,1,5,4,5,1,3,5,2,3,1,1,1,4,5,2,3,5,2,1,2,3,5,5,2,2,1,4,4,3,2,1,5,1,1,1,5,5,1,5,1,2,4,4,5,2,2,5,4,5,2,4,5,5,5,4,1,2,5,3,2,1,5,2,5,1,2,5,1,2,2,2,3,2,5,4,1,2,5,2,1,4,5,4,5,2,5,4,1,1,1,1,185.0,162.0,186.0,160.0,210.0
177702,male,17,UK,4,2,4,3,4,4,1,1,2,5,2,4,3,3,5,4,2,3,2,5,4,2,4,2,2,5,2,1,1,3,4,2,5,2,4,5,1,2,5,5,3,4,2,3,4,5,2,3,3,3,4,2,1,2,4,2,3,4,2,2,5,2,5,3,3,2,2,1,2,5,4,4,4,3,5,5,1,2,4,4,5,3,4,1,2,2,5,1,2,4,3,2,5,4,2,4,4,1,2,5,3,4,2,3,2,4,2,3,3,2,1,1,4,2,2,4,3,5,3,2,4,4,5,4,4,5,1,4,4,4,4,5,2,1,4,5,2,1,1,2,3,2,4,1,3,2,3,1,3,3,4,3,2,1,4,5,2,1,4,4,3,4,4,1,5,4,2,1,4,3,1,1,1,1,2,2,3,2,2,4,4,1,5,2,2,4,2,1,2,2,3,3,3,2,2,5,3,2,2,4,4,1,2,1,3,2,5,1,2,2,3,1,4,1,5,4,1,1,2,5,3,4,2,3,2,4,1,1,1,3,4,2,2,1,2,3,5,1,1,2,5,3,4,2,4,4,1,1,2,4,3,4,3,2,4,5,3,1,2,2,1,1,2,2,3,2,4,1,1,2,2,1,4,4,2,5,2,1,2,5,2,4,2,2,3,4,2,2,1,2,3,1,2,2,3,3,5,4,1,4,163.0,179.0,149.0,171.0,182.0
177806,male,25,USA,3,4,5,4,2,1,3,3,5,4,4,2,5,5,3,3,1,4,4,1,1,4,2,1,2,3,3,5,4,2,4,5,4,4,3,1,4,5,3,2,4,3,5,4,3,4,2,5,2,2,4,3,5,2,2,3,4,4,5,4,2,4,4,4,2,1,5,5,3,4,4,3,1,5,3,2,1,4,5,2,5,4,5,2,3,3,5,2,4,1,4,5,5,4,2,2,4,3,3,2,4,3,5,5,3,2,1,4,3,4,5,4,4,3,1,5,5,5,5,2,4,5,4,5,2,1,4,5,1,2,4,3,5,5,4,2,4,3,2,1,3,4,5,4,3,5,5,5,5,2,2,5,5,5,3,1,2,3,4,2,4,4,3,4,3,2,2,4,5,1,5,5,5,4,2,3,4,5,5,2,2,3,5,3,2,1,3,5,3,4,5,4,4,5,4,2,4,5,5,2,5,4,5,2,2,3,5,3,5,2,3,4,5,2,4,1,4,3,5,3,4,5,5,5,4,2,2,3,4,1,4,1,5,1,2,4,5,4,4,1,5,5,5,5,5,3,2,4,3,1,3,4,5,4,2,2,1,1,5,2,2,2,5,4,2,3,5,5,3,2,2,4,5,5,3,4,3,4,3,2,4,4,5,5,2,3,4,5,4,1,4,5,5,2,2,2,5,2,5,1,220.0,181.0,211.0,207.0,207.0
179269,male,17,USA,5,5,5,5,3,1,5,5,2,1,3,4,5,5,1,1,3,5,5,5,1,5,2,3,2,1,5,3,4,3,2,5,5,4,5,2,5,5,1,4,1,5,5,5,5,5,4,5,4,4,5,5,5,4,3,2,5,5,5,4,1,5,5,4,3,1,5,5,2,3,2,5,3,4,5,1,4,5,5,4,4,5,5,2,2,4,5,1,2,3,2,5,5,4,5,1,5,5,5,1,4,5,5,5,4,1,4,5,1,5,4,5,4,4,1,5,5,5,5,1,4,5,4,4,5,1,5,5,1,2,1,4,5,5,1,1,5,1,3,3,2,5,5,2,4,4,5,4,5,2,2,5,5,5,5,3,4,5,2,1,1,2,4,5,1,4,1,4,1,5,5,5,5,2,1,1,5,3,5,1,1,5,5,4,2,1,5,4,4,1,4,2,1,5,5,1,1,4,5,5,5,5,5,2,1,2,5,5,1,1,1,5,5,4,5,2,5,5,5,2,2,5,4,5,2,2,1,4,2,3,2,5,5,1,1,1,5,1,3,1,1,5,5,3,5,1,5,5,5,1,1,4,2,5,5,1,1,5,1,1,5,5,5,2,2,1,5,1,1,1,1,5,5,4,1,2,4,5,2,1,3,4,2,5,5,1,5,3,3,5,5,5,5,2,2,2,5,1,1,1,215.0,188.0,227.0,195.0,200.0
182745,male,23,Canada,4,5,5,5,5,4,4,4,3,3,3,5,4,5,3,2,5,5,4,4,2,4,4,2,4,2,4,4,5,4,2,5,5,4,5,3,4,5,2,2,1,2,4,5,5,5,5,5,2,5,1,4,5,4,5,4,5,5,5,5,1,5,5,4,4,2,5,5,1,5,2,5,5,5,5,2,5,5,5,5,1,5,4,5,5,2,2,5,5,2,2,5,4,3,5,1,5,5,3,3,1,3,3,5,5,4,5,5,2,4,2,3,5,4,5,2,5,5,3,5,1,5,4,4,5,3,3,5,1,2,3,5,3,5,5,1,5,5,2,5,5,2,5,3,5,3,5,2,5,4,4,4,4,4,5,2,3,4,4,4,1,5,4,4,2,4,1,5,3,5,3,4,5,2,5,1,5,5,4,4,1,1,5,5,5,1,5,3,4,4,1,5,5,5,5,1,3,5,5,5,4,5,2,1,4,1,5,5,5,5,4,5,5,4,5,3,2,5,5,5,4,5,5,4,2,2,2,4,4,5,3,3,5,1,4,1,5,5,5,1,3,5,5,5,5,1,5,5,5,5,1,3,4,5,5,1,2,5,5,5,1,5,5,5,5,1,3,4,5,5,1,5,5,5,5,4,4,4,5,4,1,5,5,5,5,1,5,5,5,5,5,5,5,5,5,1,5,1,5,2,244.0,235.0,239.0,225.0,209.0
183025,female,25,USA,4,2,4,3,3,2,2,5,5,4,3,3,4,5,5,3,3,2,4,4,2,5,4,5,3,2,4,3,2,5,3,1,5,3,4,2,1,5,4,3,2,3,4,4,5,3,4,5,4,5,2,4,3,2,4,3,4,1,5,4,2,3,4,2,5,3,5,5,4,2,3,4,4,5,4,3,3,4,5,3,4,4,2,5,4,2,4,1,5,3,2,3,4,3,4,2,4,5,5,4,2,4,4,4,4,3,3,4,5,5,1,4,3,4,4,4,4,3,3,4,3,5,4,4,4,1,5,5,3,4,3,3,4,4,4,3,2,4,3,4,4,3,4,3,4,4,5,3,4,5,4,4,4,5,4,2,3,5,4,4,1,3,3,5,5,2,2,3,3,3,2,3,4,2,5,2,5,5,5,2,2,3,4,3,4,2,3,5,5,3,4,3,5,4,4,5,3,3,4,3,3,4,4,2,4,3,4,1,1,4,4,3,5,3,4,3,4,5,5,4,3,3,5,5,4,3,2,3,5,4,2,1,2,4,3,3,4,1,3,3,3,3,3,4,4,1,4,5,5,2,2,3,2,4,4,3,2,4,2,4,5,3,4,3,4,2,4,2,3,4,1,3,5,4,5,1,2,5,4,3,3,3,5,4,5,4,2,3,2,4,2,4,2,3,4,1,4,3,5,4,208.0,217.0,210.0,220.0,185.0
184553,male,17,USA,3,4,5,2,5,2,3,5,3,4,3,4,5,5,4,1,4,5,5,2,4,5,4,5,3,1,2,4,4,4,2,2,4,1,4,2,5,5,4,3,1,4,4,5,5,2,4,5,4,5,4,5,3,4,4,2,5,5,4,2,2,4,3,1,4,2,4,5,4,2,2,5,5,4,4,2,2,2,4,5,3,4,5,4,2,2,3,5,5,4,3,4,3,1,5,2,4,4,3,2,3,2,3,5,4,4,4,4,1,3,4,3,4,4,3,4,5,5,2,2,5,5,4,1,5,2,3,5,1,4,2,5,5,4,5,3,4,3,2,3,5,4,3,4,4,2,5,5,3,3,1,1,4,5,5,2,3,5,3,3,4,4,4,3,2,4,1,2,5,4,4,4,5,1,4,1,3,3,3,2,2,4,4,1,4,2,3,5,2,2,3,2,3,3,5,2,1,3,4,5,4,5,5,1,2,1,5,3,2,2,1,4,5,1,5,3,3,2,5,3,1,2,4,2,4,2,1,2,2,4,4,4,5,1,3,1,4,2,3,2,4,2,5,2,3,1,2,5,4,1,1,1,2,5,5,2,1,5,2,4,4,5,5,4,4,2,4,3,1,3,2,2,5,2,4,2,2,1,3,2,2,2,3,4,4,1,2,4,2,5,5,5,3,5,3,1,5,4,3,1,217.0,181.0,212.0,194.0,178.0
184794,male,37,Australia,3,2,3,2,5,4,2,3,3,4,3,4,3,4,4,3,3,3,2,5,3,4,5,3,3,3,3,3,3,4,3,2,4,4,4,4,2,4,4,4,2,4,3,3,3,4,4,4,2,4,3,4,4,3,4,2,4,4,4,4,3,3,4,2,4,4,3,4,3,4,3,4,4,4,4,2,3,4,4,4,3,3,3,4,4,2,4,2,3,4,3,3,3,3,4,3,3,3,3,4,2,4,4,3,4,2,4,4,3,3,3,2,4,3,4,2,4,3,2,4,2,4,3,4,4,4,3,4,2,4,3,4,4,3,4,4,4,2,3,3,3,2,4,2,4,2,5,3,3,3,3,2,4,4,4,4,2,4,5,2,2,4,2,3,2,3,2,2,2,4,3,3,4,2,4,2,4,3,2,3,2,3,3,2,3,3,3,4,4,4,2,3,3,3,4,4,2,3,4,4,3,4,3,2,4,2,4,3,3,3,3,4,4,2,4,4,2,4,4,4,2,4,4,4,4,3,2,2,4,4,2,3,4,3,4,2,4,3,3,3,2,3,2,2,4,3,3,3,2,4,2,4,3,3,4,4,2,2,2,4,4,4,4,3,2,2,4,3,2,3,2,2,4,4,4,2,2,2,4,4,2,2,2,4,4,2,4,3,2,4,4,4,4,4,4,3,4,3,2,4,201.0,203.0,190.0,190.0,183.0
185027,male,32,USA,4,2,5,2,5,2,1,4,4,5,4,5,4,4,5,1,3,2,2,5,4,5,5,5,4,1,4,2,4,5,2,2,2,3,4,4,3,5,5,5,4,5,4,5,5,4,3,4,2,3,1,4,5,4,5,1,4,2,5,5,2,3,4,3,5,2,2,5,3,5,4,4,5,4,5,2,2,5,2,3,2,4,5,1,4,1,5,4,3,4,5,4,5,2,5,3,2,5,3,5,3,3,5,4,5,4,5,5,1,3,4,1,5,2,5,2,4,5,3,4,2,4,4,4,5,3,1,5,1,5,4,5,5,4,5,4,4,3,2,4,5,2,5,1,4,4,2,2,4,5,4,2,5,4,5,4,2,4,4,5,4,4,1,3,2,3,1,2,2,5,3,1,5,2,3,1,3,5,4,4,4,4,4,2,5,3,2,2,2,5,2,1,2,4,5,4,1,3,5,5,2,5,4,2,2,1,5,1,2,5,2,3,5,2,5,4,1,4,2,5,4,5,5,2,5,3,1,1,3,5,4,1,4,1,4,1,5,2,3,4,2,4,4,2,5,1,1,4,5,5,2,1,5,4,3,4,5,4,1,4,2,1,2,4,4,2,4,2,2,5,2,1,5,4,5,4,3,2,4,5,3,5,2,4,5,1,5,3,2,4,4,1,5,5,2,2,4,2,1,5,229.0,226.0,185.0,196.0,186.0
185047,female,20,Canada,5,4,5,5,4,2,2,3,5,4,4,4,5,4,4,4,5,4,2,3,1,4,3,2,2,1,4,5,4,3,3,4,4,5,4,4,2,5,4,2,2,4,5,3,4,2,5,5,5,5,5,3,2,3,2,4,5,4,4,2,2,5,5,5,3,2,5,4,4,5,4,2,5,5,4,2,5,5,5,3,2,3,2,4,2,3,5,4,4,4,5,5,3,5,4,2,5,5,5,3,1,2,4,5,4,3,4,4,1,4,2,2,3,5,2,4,2,5,4,4,5,4,2,5,3,3,5,5,4,2,4,3,5,5,2,4,4,2,3,5,5,1,5,2,3,5,4,5,5,4,2,4,4,5,4,2,5,5,5,4,2,2,4,4,4,4,1,2,5,5,2,2,4,2,2,4,5,5,5,3,5,5,5,5,3,2,4,5,5,1,4,4,5,5,4,1,3,2,4,4,5,4,2,2,3,3,5,2,5,4,4,5,5,5,2,4,4,4,5,1,4,4,5,5,5,4,3,4,5,4,5,1,4,5,3,4,4,5,4,3,5,5,5,5,5,2,5,5,5,1,1,4,5,5,5,2,4,4,5,4,5,5,4,5,2,4,5,2,5,4,1,4,5,5,4,3,4,5,5,1,2,4,5,5,5,4,3,2,4,5,4,4,4,4,2,4,4,1,5,2,229.0,210.0,235.0,232.0,217.0
185048,male,42,USA,4,1,4,2,5,4,1,4,5,4,4,2,5,2,5,3,4,4,5,5,4,2,5,5,2,1,2,1,4,5,5,1,5,4,5,5,1,5,5,5,1,2,4,2,5,4,5,5,5,5,5,4,5,2,4,1,2,1,4,2,4,1,5,3,2,5,1,5,4,5,1,2,4,5,5,4,5,5,5,4,4,5,5,5,5,2,5,2,5,5,1,5,5,1,4,3,1,5,2,3,2,4,5,2,5,4,5,5,1,5,1,1,5,5,5,2,2,1,4,5,4,2,3,2,5,5,1,5,1,2,3,2,5,1,5,5,2,1,3,5,1,2,5,5,5,1,5,1,2,5,1,1,5,5,5,4,1,5,5,2,1,2,1,5,5,4,2,1,5,5,1,1,4,4,5,1,5,1,4,4,1,5,5,2,4,4,1,5,4,4,3,1,2,4,5,4,1,4,2,5,1,1,1,4,2,1,4,1,1,4,2,1,4,2,5,2,1,5,5,5,3,1,5,5,5,1,1,5,5,4,1,1,5,1,5,1,1,1,2,4,1,4,5,1,2,1,1,5,4,2,1,1,2,4,5,4,1,4,5,5,4,1,5,5,5,1,2,1,1,4,1,1,4,1,5,1,1,5,5,2,2,1,4,4,5,1,2,1,4,5,4,5,5,5,5,1,4,1,3,2,223.0,188.0,178.0,198.0,184.0
185916,male,21,USA,4,1,5,2,4,3,1,5,3,4,5,3,5,2,3,2,3,3,3,2,2,3,2,4,1,1,1,1,4,4,5,2,4,2,5,4,1,5,3,3,5,3,3,3,3,5,3,4,2,4,2,1,5,3,3,2,2,1,4,5,2,2,5,2,3,3,2,5,3,4,5,4,2,3,1,5,2,5,3,3,4,2,5,1,2,3,1,1,2,3,2,1,5,2,5,5,2,3,4,4,5,3,5,3,3,4,5,2,1,2,4,1,5,4,2,3,2,1,4,4,5,2,4,2,5,4,1,4,1,3,2,3,5,2,3,4,2,1,1,4,4,2,5,2,3,3,1,1,2,4,4,1,5,2,4,3,1,5,3,5,5,3,3,1,3,1,1,1,2,5,3,2,5,4,3,1,1,3,3,4,2,2,5,2,4,3,1,5,3,4,4,1,2,3,3,3,2,2,3,5,4,3,2,3,2,1,2,3,1,5,3,1,5,2,5,3,1,5,3,4,5,3,5,3,3,2,1,1,3,3,4,1,5,1,3,3,4,1,3,3,4,3,5,2,4,2,2,5,3,5,3,2,3,3,3,4,2,5,2,2,4,1,5,5,3,3,3,1,1,4,4,1,5,2,4,3,1,5,3,4,4,2,3,3,3,2,2,2,2,4,4,4,5,4,2,1,2,3,2,3,195.0,165.0,153.0,184.0,199.0
186038,female,17,UK,4,5,5,4,5,4,3,5,5,4,4,4,4,5,4,2,3,4,2,2,4,4,2,2,2,1,3,3,5,4,2,4,5,4,5,4,3,5,4,4,4,4,5,4,5,4,4,5,2,5,5,4,4,3,4,4,5,4,5,4,2,4,5,4,5,2,4,5,5,4,4,4,5,5,4,4,5,5,4,4,5,4,4,5,2,1,3,2,5,4,4,4,5,4,5,2,4,5,4,4,4,4,2,5,4,2,5,4,2,5,4,5,5,3,2,1,4,4,2,5,3,5,5,5,5,4,4,5,1,4,4,5,5,2,4,2,4,4,4,5,4,1,4,5,4,4,5,3,5,4,2,5,4,4,5,2,4,5,5,4,1,5,5,5,4,1,2,4,2,4,5,5,5,2,4,4,4,5,5,4,2,4,5,5,5,2,5,5,5,2,1,4,5,5,5,1,2,5,4,4,2,5,5,2,5,1,4,2,4,5,1,5,5,5,5,5,4,5,5,4,4,5,5,5,5,2,2,2,4,5,2,4,5,1,5,1,5,2,5,1,4,5,5,2,5,2,4,5,5,4,2,4,5,5,5,2,4,5,5,5,1,4,5,5,4,5,5,1,2,4,2,4,5,5,5,4,2,5,5,4,2,4,4,5,5,1,5,3,2,5,2,5,5,5,2,4,5,4,4,2,239.0,231.0,238.0,233.0,217.0
186078,male,27,UK,4,3,2,4,5,3,1,3,5,4,3,3,2,4,4,3,4,2,3,3,4,3,4,5,5,3,3,4,3,4,3,4,1,4,4,4,2,3,5,5,1,4,4,4,5,4,4,3,2,5,2,2,2,3,4,3,4,4,4,4,2,4,1,4,4,3,4,3,3,4,1,3,2,3,4,3,4,3,4,3,2,3,4,3,4,2,2,3,3,4,3,4,2,3,4,2,3,3,5,5,1,2,4,4,5,4,3,2,4,3,3,1,4,5,5,2,4,3,4,5,4,3,1,3,4,2,1,4,3,5,1,4,4,3,4,4,3,1,3,4,5,1,3,2,4,2,4,3,4,5,3,4,4,4,4,3,2,3,5,2,1,4,3,3,4,2,3,1,4,5,2,1,4,2,4,2,4,3,4,4,3,3,2,4,4,2,2,3,4,5,1,3,4,4,5,4,2,1,5,5,2,2,3,2,5,2,5,3,4,5,3,3,4,2,4,2,1,4,4,5,2,4,3,4,4,4,2,1,5,5,2,1,3,2,4,2,4,3,4,5,3,4,2,2,5,1,2,3,4,5,1,2,3,5,5,4,4,4,3,4,1,2,3,3,4,3,3,3,2,5,4,3,3,5,5,3,2,2,4,4,2,4,2,4,4,2,4,1,4,5,3,2,3,5,4,3,4,2,2,4,193.0,206.0,189.0,206.0,183.0
186396,female,16,Canada,1,4,5,2,3,3,5,5,3,2,1,5,2,4,2,3,4,4,2,3,1,5,4,1,2,1,3,5,4,1,1,4,5,3,3,3,5,5,1,5,4,5,4,3,5,2,5,5,1,5,5,5,3,2,2,5,5,3,4,1,1,5,5,2,2,2,5,5,2,4,2,5,3,3,3,5,5,5,3,4,5,5,3,3,2,3,3,4,2,2,2,5,5,3,3,2,5,5,1,2,2,3,4,3,2,1,5,5,2,3,4,5,4,2,2,4,2,2,2,1,2,5,4,3,4,2,5,5,1,2,1,5,3,3,2,1,5,5,4,1,1,5,5,5,2,1,4,5,2,1,1,2,3,3,5,4,5,5,4,4,5,5,1,3,2,2,5,5,3,5,4,5,4,5,4,1,3,4,2,5,2,1,5,2,4,2,5,2,2,5,3,5,1,4,4,4,5,5,3,4,3,5,2,4,4,2,4,5,5,1,1,5,5,2,5,2,5,4,4,5,2,5,4,4,3,1,1,3,4,1,2,5,4,2,5,1,5,4,4,1,1,5,4,2,5,1,5,5,2,4,5,5,1,4,4,1,4,5,4,4,4,5,4,1,5,5,5,4,2,1,1,2,5,3,4,4,5,1,4,4,5,2,2,4,3,5,5,5,4,2,4,5,4,1,5,1,5,2,1,1,218.0,186.0,238.0,170.0,192.0
187037,male,21,Australia,3,4,4,4,4,3,3,2,4,4,3,4,3,5,4,2,3,3,3,4,4,5,4,2,4,2,4,4,4,3,2,4,4,4,4,4,3,5,4,5,1,4,4,4,4,2,4,5,1,5,4,4,4,3,3,4,5,4,4,4,2,4,3,4,4,2,5,4,3,4,1,5,4,5,4,2,4,5,4,5,3,5,5,3,3,4,4,2,4,4,3,4,4,4,4,2,4,3,3,3,1,4,4,4,4,2,4,4,1,4,4,4,5,4,4,3,3,1,3,2,3,5,4,5,5,3,4,5,2,3,2,4,4,4,4,3,5,2,2,4,5,3,4,1,4,3,5,3,4,1,3,4,4,4,4,4,4,3,5,2,3,4,4,3,3,1,2,3,1,4,5,3,4,2,5,2,5,3,4,2,2,4,3,4,4,4,4,3,2,3,3,4,4,3,4,3,3,4,4,4,5,5,4,2,4,2,4,2,1,1,2,4,4,3,4,2,4,2,4,2,3,5,4,4,4,2,1,2,4,5,4,3,4,2,4,2,5,3,4,3,4,4,4,3,4,2,4,5,3,3,2,4,3,4,3,2,2,4,1,5,5,4,4,3,4,2,4,2,2,1,2,4,5,4,3,4,4,4,4,2,2,5,3,4,3,1,5,3,4,5,5,5,4,3,3,2,2,1,3,1,206.0,215.0,208.0,206.0,193.0
187229,female,18,USA,4,5,4,4,4,3,3,3,4,5,3,5,3,4,4,2,4,4,3,4,4,5,5,2,3,2,5,3,3,3,3,5,4,4,4,4,4,5,4,5,4,5,3,3,3,3,4,5,2,4,5,5,5,2,4,2,5,4,4,3,3,5,5,4,4,3,5,5,4,5,2,5,4,5,3,2,4,5,2,4,3,5,5,5,5,4,5,2,3,4,3,5,5,4,5,4,4,5,2,5,4,3,3,5,4,4,4,4,1,4,5,4,5,2,4,4,5,3,3,2,4,5,4,4,4,4,5,4,1,5,4,5,4,5,4,4,4,2,1,4,5,5,5,2,4,5,5,3,4,3,4,4,4,3,4,5,2,4,5,5,3,5,5,5,4,3,2,1,3,4,4,4,4,3,4,3,4,3,3,3,2,4,5,4,4,5,2,4,3,3,4,5,4,4,4,3,2,2,3,4,4,5,3,3,3,2,5,1,1,2,4,3,5,4,3,5,4,3,5,2,2,5,4,3,5,2,3,3,5,3,2,4,3,3,2,3,5,2,2,1,3,4,4,3,3,3,4,4,3,4,4,4,4,3,4,3,3,2,2,3,1,4,3,3,4,2,5,1,2,2,2,4,3,3,2,4,1,3,3,4,4,4,2,3,3,2,4,3,2,3,4,5,5,4,3,3,5,5,4,4,219.0,224.0,230.0,205.0,207.0
187313,female,17,USA,4,4,5,3,3,3,5,5,5,4,2,5,3,5,2,2,4,4,4,5,5,5,3,1,2,1,4,5,4,4,1,5,5,4,4,2,5,5,2,3,1,4,4,4,4,3,5,5,3,4,3,4,3,3,4,3,5,2,5,2,2,4,5,4,4,2,5,4,1,4,1,5,4,4,4,4,4,5,4,4,4,4,4,4,3,4,5,1,4,4,2,4,4,4,5,1,4,4,2,4,2,3,4,3,3,1,4,5,2,3,5,5,4,4,3,2,4,2,4,2,4,5,4,4,4,1,5,4,2,4,1,4,4,3,4,2,4,2,3,4,5,4,4,3,4,3,5,1,3,3,2,5,3,4,4,5,5,4,4,2,4,3,4,4,2,4,1,4,2,3,4,5,3,2,2,2,5,3,2,3,2,2,2,4,4,4,4,3,4,2,2,4,4,4,4,4,2,4,4,4,4,4,3,3,2,2,5,3,2,3,2,4,5,4,4,2,4,4,4,4,4,4,4,4,4,2,2,4,2,1,2,4,3,2,4,2,4,4,4,1,4,4,2,2,4,2,4,4,4,2,2,5,5,4,2,2,4,2,1,2,2,4,4,4,4,3,4,2,4,2,2,4,4,4,2,4,4,4,3,2,2,4,4,4,4,1,4,3,4,4,4,5,4,1,4,2,1,1,4,1,208.0,209.0,217.0,198.0,183.0
188038,female,15,UK,4,4,4,5,2,4,4,4,4,3,5,1,4,4,4,4,2,4,4,3,5,5,4,4,2,4,4,3,4,2,4,4,4,4,2,4,5,5,3,1,5,3,4,4,4,4,3,4,4,3,4,4,4,4,2,3,4,4,3,3,4,4,4,4,3,4,4,4,2,4,4,4,4,4,4,2,2,4,4,3,3,3,3,4,3,4,4,3,4,3,4,4,4,3,3,4,4,4,3,2,5,4,2,4,3,4,4,4,2,4,4,4,4,4,4,4,4,3,4,2,4,4,4,4,3,4,4,4,2,2,4,2,3,4,3,3,3,4,2,3,3,4,4,5,2,5,4,3,5,5,4,4,4,3,2,3,4,4,4,2,4,2,4,5,2,3,2,4,3,2,4,4,4,5,2,3,4,4,4,2,2,2,4,4,3,4,4,4,4,2,2,2,2,2,3,4,2,4,2,2,4,4,4,5,2,2,4,2,3,3,2,4,2,2,2,4,4,4,4,2,4,2,4,3,4,2,2,2,4,4,5,4,2,4,2,3,4,2,4,2,5,4,4,4,2,2,4,4,4,2,4,2,2,4,2,2,3,4,4,2,5,4,4,4,2,4,5,2,2,2,2,4,4,3,2,4,4,4,3,2,5,2,4,4,4,4,2,4,2,4,4,5,4,4,2,4,4,2,4,2,202.0,188.0,210.0,208.0,216.0
188698,male,52,USA,5,2,5,2,3,2,1,4,5,4,4,3,4,3,5,4,3,2,3,2,4,2,5,5,2,2,1,5,4,5,4,1,2,3,4,2,2,5,5,2,4,3,4,2,4,4,2,3,4,4,2,1,5,3,4,4,2,2,4,5,3,2,3,2,2,3,4,5,5,4,3,3,5,2,3,4,2,5,5,2,3,2,5,1,2,3,2,2,5,5,3,3,5,3,3,3,2,3,5,4,3,4,5,4,5,4,1,3,5,3,1,2,3,5,1,3,1,3,4,5,4,3,4,2,5,1,2,5,2,5,3,3,5,3,5,4,2,2,4,3,3,1,5,2,3,4,3,5,3,5,4,3,5,2,3,4,1,5,5,1,3,4,2,3,5,2,4,2,5,5,2,1,5,3,2,2,2,5,4,5,5,4,5,2,3,3,2,3,5,2,4,2,4,3,4,2,2,2,5,4,3,1,5,3,2,1,3,2,4,4,4,2,5,2,4,3,2,4,5,2,4,2,5,4,5,4,5,2,5,5,3,1,5,1,4,4,5,3,3,4,5,3,5,2,5,1,2,4,5,3,3,2,4,3,3,4,2,2,5,3,2,1,5,5,2,4,2,3,3,5,3,2,5,3,4,1,1,2,5,2,3,2,2,4,5,2,4,4,4,4,2,1,5,5,2,3,4,5,3,5,221.0,179.0,176.0,211.0,202.0
192025,female,28,USA,5,4,5,3,4,1,2,3,5,5,1,2,4,4,5,2,3,4,5,3,3,4,5,3,3,4,4,3,3,5,4,4,3,4,5,2,4,4,5,4,3,2,5,5,5,4,5,4,5,4,5,3,2,2,5,5,4,4,4,5,1,5,3,5,4,2,4,4,4,5,1,3,3,5,5,2,2,3,5,4,1,3,5,2,2,2,4,1,5,4,4,5,2,3,4,1,1,5,5,5,1,3,4,5,5,2,4,3,5,4,1,2,5,3,2,4,4,3,4,5,4,4,2,4,5,1,2,5,4,4,1,2,3,3,5,1,3,2,2,5,3,2,4,2,4,5,5,2,5,4,4,5,4,5,5,5,3,5,5,5,3,2,4,5,5,1,2,3,5,4,4,3,4,2,3,2,5,3,4,3,2,1,2,3,4,1,4,3,4,2,2,4,5,5,5,2,2,4,5,4,2,4,4,2,2,5,5,1,2,4,2,5,5,3,5,1,4,3,5,3,1,5,5,5,5,2,2,2,5,4,2,2,5,1,4,2,5,2,3,3,4,5,3,4,4,2,4,3,5,3,1,3,4,5,5,2,3,4,4,4,3,3,4,4,4,2,5,2,3,4,1,5,5,5,5,1,2,2,4,4,2,3,5,5,5,2,3,2,2,5,4,1,3,4,4,2,5,1,2,4,206.0,222.0,199.0,215.0,199.0
192713,female,19,UK,4,4,4,5,4,2,4,5,5,2,2,1,4,4,4,2,2,4,4,4,4,5,2,4,2,4,4,5,5,5,2,4,4,4,3,1,4,5,4,2,2,2,4,4,5,4,2,5,5,4,2,4,2,4,2,4,5,2,5,4,2,4,4,5,4,5,5,4,4,2,2,4,5,4,4,4,4,4,5,4,4,4,4,4,2,2,5,3,5,4,2,4,4,4,4,2,4,5,5,2,2,2,2,5,4,4,2,4,4,4,2,4,2,4,2,4,5,4,4,4,4,4,3,4,4,2,5,5,4,4,2,2,4,4,4,4,2,2,2,3,5,2,4,5,4,5,5,5,1,4,4,4,4,4,4,2,4,5,5,4,1,2,5,5,4,2,2,3,4,3,4,3,5,4,4,2,5,5,5,2,2,4,4,5,3,1,4,4,5,4,2,2,5,5,4,4,2,3,5,2,4,2,4,4,2,2,5,2,4,4,4,4,4,5,2,1,4,5,5,2,2,4,4,4,5,4,2,2,5,4,4,1,4,5,2,2,5,4,2,2,4,5,4,4,4,4,4,5,5,2,2,2,4,5,4,4,2,4,5,4,2,4,5,5,4,2,5,2,3,3,2,5,5,5,4,4,4,5,5,2,3,4,5,5,2,4,2,2,4,4,4,5,2,4,2,4,5,5,5,2,226.0,199.0,223.0,231.0,205.0
194400,male,18,USA,1,4,5,4,5,1,5,5,2,3,3,3,3,4,3,1,3,5,5,3,1,5,5,3,2,1,3,3,4,4,3,3,5,4,5,1,5,5,2,2,1,5,5,3,4,2,4,5,3,4,4,5,5,2,5,1,4,5,5,4,1,4,5,4,4,1,4,5,3,3,3,4,3,4,5,1,5,5,3,4,2,5,5,1,2,1,5,5,5,3,1,4,5,3,3,1,4,5,2,4,1,5,5,5,5,1,5,5,3,3,3,5,5,1,3,4,4,5,4,2,1,4,5,3,5,1,3,5,1,2,1,4,5,5,5,1,5,5,2,4,5,5,5,3,4,1,5,3,3,4,1,4,5,5,5,1,3,5,4,4,1,3,1,3,3,3,1,3,1,5,3,4,5,1,2,1,5,5,5,2,1,5,5,4,4,1,3,5,5,1,3,3,1,4,4,1,1,5,5,4,1,5,5,1,3,5,5,4,3,4,1,5,5,3,5,1,5,5,3,2,3,5,5,5,5,5,1,5,5,5,1,3,5,1,5,1,5,2,3,1,1,3,5,1,5,1,5,5,3,1,1,3,3,5,5,1,1,5,3,3,1,5,5,3,3,1,3,3,3,3,1,5,5,3,5,1,3,5,5,1,1,5,2,3,5,1,5,5,5,2,4,5,5,3,1,1,5,3,3,1,233.0,185.0,231.0,184.0,183.0
194609,female,16,Ireland,5,2,3,1,5,5,2,2,5,5,5,4,5,2,4,3,5,2,1,5,1,4,3,2,2,3,2,4,4,5,5,2,4,4,5,5,1,4,4,3,4,4,5,5,5,5,5,3,5,5,3,2,1,3,4,3,2,2,5,4,2,1,5,1,2,4,4,2,3,5,5,4,3,3,5,5,3,3,4,4,2,2,4,4,2,4,2,1,2,3,5,1,5,4,2,5,3,2,2,4,4,3,4,5,3,5,4,2,2,3,1,4,4,4,2,5,1,4,4,5,5,2,3,4,3,5,4,2,4,4,5,4,5,2,5,5,5,1,1,5,1,3,4,2,2,5,1,4,5,5,5,1,5,2,4,5,3,4,4,2,4,2,5,2,4,3,5,3,2,5,2,4,4,2,2,5,2,3,5,4,4,1,5,1,2,5,1,5,1,1,3,3,5,5,5,5,5,3,2,4,2,2,4,2,4,3,3,1,4,4,4,1,3,1,4,5,1,1,5,2,5,2,4,1,4,5,4,4,2,4,1,3,3,2,4,2,2,3,4,4,4,5,5,1,1,5,1,4,2,2,3,4,5,1,4,5,4,2,4,4,1,4,4,4,2,4,3,2,4,2,5,1,3,5,5,4,2,3,3,3,4,1,4,5,3,4,2,4,1,5,5,4,4,2,4,5,2,5,5,4,202.0,214.0,183.0,201.0,206.0
195309,female,15,UK,5,2,4,1,3,5,3,2,4,1,5,4,5,4,1,5,2,1,4,2,4,5,5,4,1,5,1,3,4,4,5,4,4,1,1,4,2,5,1,1,5,1,1,4,4,5,2,4,4,1,5,4,4,5,2,4,1,2,4,2,5,1,4,1,1,5,4,4,5,2,5,2,5,4,3,5,1,2,5,2,4,5,5,5,1,5,1,5,2,1,5,4,5,5,2,5,1,1,5,1,5,1,5,4,4,5,2,2,2,1,5,5,4,5,1,5,1,5,4,1,5,2,1,1,1,5,1,1,1,1,5,4,4,1,1,4,4,1,1,2,1,5,5,5,1,5,1,3,2,2,5,5,5,1,1,5,1,4,4,2,5,1,5,5,1,1,1,5,1,4,4,5,5,5,1,5,1,3,2,4,5,2,5,1,2,5,1,5,4,1,5,2,5,5,2,5,5,1,1,3,5,4,5,5,1,2,1,5,2,4,5,2,5,2,2,5,4,1,4,2,5,4,5,5,5,5,2,2,4,2,5,4,4,2,2,5,3,5,4,1,5,5,5,1,2,4,4,5,5,1,4,1,5,5,3,5,2,2,4,1,5,5,5,4,2,5,2,4,4,2,5,1,5,1,1,3,2,2,5,1,5,5,5,5,2,2,5,5,2,1,5,5,5,5,2,5,4,1,5,1,190.0,160.0,188.0,206.0,234.0
195363,female,41,USA,4,5,5,2,4,4,4,5,5,4,4,4,4,4,4,3,3,4,3,2,1,3,4,2,2,4,2,5,5,4,3,4,2,4,4,4,4,5,4,4,3,3,5,4,4,4,3,4,4,4,4,3,5,5,3,3,4,2,5,4,4,4,3,2,4,4,4,4,4,4,4,3,4,4,2,2,2,4,3,3,2,2,4,4,2,3,3,2,4,2,4,4,4,2,4,4,4,5,5,4,3,2,5,4,5,2,5,4,1,4,4,3,4,3,3,4,4,4,4,3,4,4,3,4,4,5,4,5,4,3,5,4,5,4,5,4,4,4,3,4,2,1,4,5,3,4,4,5,4,3,4,2,4,3,4,4,3,5,5,3,1,3,4,4,4,2,3,3,5,4,4,2,4,3,4,3,3,4,5,4,4,4,4,2,4,5,4,5,5,4,4,4,4,4,4,4,3,3,4,4,2,3,4,3,3,2,4,2,3,4,4,4,5,4,5,5,4,5,5,4,5,5,5,5,5,2,3,3,4,4,2,1,4,2,4,3,5,4,4,4,4,4,4,2,4,3,4,1,5,4,2,3,4,4,5,4,2,4,4,4,4,4,5,4,4,2,5,2,4,4,3,3,4,4,5,3,2,5,4,4,4,5,5,5,5,1,4,4,3,4,4,4,5,4,4,3,4,1,4,3,241.0,216.0,207.0,220.0,219.0
196051,female,22,USA,4,2,4,2,4,2,4,4,5,4,4,2,5,4,4,5,4,4,4,2,5,5,4,4,2,2,3,2,2,2,4,2,2,4,2,2,2,5,4,4,4,2,4,5,5,4,4,4,5,4,4,4,2,2,2,4,4,2,4,4,4,2,2,2,2,4,4,4,4,4,4,2,4,4,4,4,4,4,4,2,4,4,2,4,1,2,4,4,4,4,4,2,2,4,2,3,4,5,4,4,4,4,4,4,4,4,2,4,4,4,4,4,2,4,2,4,4,2,4,2,4,4,2,4,4,2,4,5,4,4,2,2,4,2,4,4,2,2,4,4,5,2,2,4,4,5,4,4,4,4,2,2,4,4,4,2,2,5,4,4,4,2,4,4,4,4,2,2,4,4,4,4,4,4,2,4,4,4,4,2,4,2,2,2,2,4,2,4,4,2,4,2,5,4,5,4,2,2,5,4,2,5,2,4,2,4,4,4,4,2,4,4,2,2,2,2,4,4,5,2,4,2,4,5,4,4,2,2,4,4,4,3,2,4,2,2,4,4,4,2,4,5,2,2,2,2,4,4,5,2,4,4,5,5,4,4,2,4,2,2,4,4,2,4,2,4,4,4,2,4,4,2,2,4,4,4,2,4,5,2,4,2,5,5,4,4,2,4,3,4,4,4,2,4,2,4,4,4,4,2,203.0,183.0,206.0,216.0,214.0
196104,male,25,Australia,3,4,4,2,2,5,2,3,2,4,4,4,4,4,2,2,2,5,2,2,2,5,4,4,2,2,3,4,2,4,2,4,5,2,3,4,2,4,2,3,4,4,4,4,4,4,2,4,2,2,4,4,4,4,2,2,4,5,4,5,5,3,4,2,4,4,5,4,1,4,4,4,4,3,2,4,2,4,4,4,4,4,5,4,2,2,2,5,3,2,4,4,5,2,4,4,3,3,2,4,4,4,4,3,2,4,4,4,1,4,2,1,4,4,2,4,4,5,3,4,4,4,4,2,4,4,3,4,2,2,4,3,4,2,3,4,4,4,2,2,4,4,4,2,3,3,3,4,2,2,3,2,4,2,4,4,2,2,2,2,3,2,2,2,2,2,2,2,3,2,4,2,2,4,2,2,2,2,4,2,2,4,4,2,3,4,3,3,2,4,5,2,2,4,4,4,2,2,4,4,4,2,4,2,2,2,3,4,1,2,1,4,5,2,4,4,2,2,2,4,4,2,2,4,4,3,2,2,3,1,4,4,3,2,2,2,4,5,2,3,4,4,4,2,4,4,2,1,2,4,2,2,4,2,4,2,2,2,1,2,4,4,4,4,2,3,2,4,2,4,2,2,4,3,2,2,2,4,4,2,3,2,2,2,3,2,4,2,2,2,4,2,4,4,2,2,4,4,2,2,208.0,177.0,171.0,179.0,185.0
198795,female,28,Canada,4,2,2,4,4,2,2,5,5,3,2,2,4,4,4,4,3,2,4,3,4,3,1,5,2,2,3,5,5,4,4,3,4,3,3,2,1,4,4,2,1,2,4,4,4,5,2,5,5,5,2,3,4,2,4,4,3,5,5,4,3,3,3,4,3,2,2,4,5,3,2,2,4,5,4,4,2,4,5,4,2,2,4,5,2,2,3,4,5,4,4,3,4,4,2,2,2,4,5,4,1,1,3,5,4,4,4,2,5,4,2,2,3,4,2,2,3,5,4,5,3,4,2,4,3,1,3,5,5,4,2,4,2,3,5,5,2,2,5,4,5,1,4,5,4,3,4,5,5,5,4,2,3,4,3,3,2,5,5,2,1,2,4,5,5,3,1,2,5,4,3,1,2,3,4,3,4,4,5,4,2,2,3,4,3,2,4,4,5,1,2,1,4,5,5,5,3,2,5,4,2,1,4,4,2,3,3,3,5,4,4,4,2,4,4,2,2,5,5,1,2,2,4,5,5,4,1,2,5,4,4,1,3,4,3,1,3,4,5,5,4,5,4,4,4,1,4,4,5,3,2,2,2,5,5,5,3,3,5,4,2,2,3,5,3,2,3,4,5,5,4,3,3,5,4,2,1,5,5,2,2,2,4,5,5,2,2,3,4,5,4,2,5,5,4,4,4,3,5,4,215.0,197.0,183.0,234.0,193.0
199388,female,18,USA,5,4,3,2,5,4,3,3,5,5,3,5,4,4,5,4,5,1,2,5,4,3,4,2,4,4,3,3,2,4,4,2,2,4,4,4,3,5,5,5,3,4,2,4,5,5,5,4,3,5,5,2,3,3,5,2,3,1,5,2,4,2,2,1,4,4,4,3,3,5,3,4,3,4,5,4,4,4,2,5,4,2,4,2,4,4,2,3,5,5,5,4,2,2,4,4,2,4,3,5,5,3,2,3,4,2,1,4,2,5,5,3,5,2,5,4,3,1,2,3,4,4,2,2,4,4,4,3,4,5,4,5,2,4,3,4,5,1,3,5,4,1,3,5,5,2,2,3,4,2,4,2,4,2,5,5,2,3,5,5,2,5,4,4,5,2,4,2,4,5,4,2,2,5,5,2,4,3,3,3,4,4,2,2,2,4,2,3,2,5,2,4,2,2,5,5,2,2,2,5,3,4,1,5,5,1,4,1,3,4,2,4,4,1,4,2,4,3,4,5,2,4,4,4,5,2,4,1,4,5,4,1,3,2,5,2,5,3,4,2,4,4,2,3,5,4,4,5,4,1,3,3,4,5,5,4,4,5,4,5,2,1,2,5,5,1,4,3,2,5,2,4,3,3,4,4,2,3,3,5,4,2,3,4,4,1,4,1,2,5,4,4,3,4,4,4,5,3,3,4,208.0,225.0,185.0,202.0,213.0
199408,female,19,USA,3,5,4,4,4,2,5,3,5,3,1,4,4,4,3,3,4,3,3,3,3,4,2,2,2,3,4,3,3,3,1,4,4,3,4,2,5,5,3,2,1,3,4,3,4,2,4,4,4,4,2,4,2,3,3,3,4,3,4,3,3,4,4,4,4,2,4,3,4,3,1,4,3,4,3,2,3,4,4,3,2,4,3,4,2,2,4,2,3,2,3,4,4,3,3,1,4,4,4,3,2,4,3,5,4,3,3,3,2,3,1,4,3,2,4,2,5,2,4,3,3,4,4,3,3,2,4,4,2,3,2,4,4,4,4,2,3,4,4,4,4,3,3,5,3,3,5,3,5,4,3,4,3,3,4,2,4,4,5,4,1,4,4,5,3,3,2,4,4,3,3,4,3,3,4,2,4,4,4,3,2,5,5,5,5,2,4,2,4,2,2,4,4,4,5,4,3,4,5,2,3,3,3,3,4,2,5,4,4,4,3,4,4,3,4,2,4,2,4,2,5,4,4,4,4,3,2,3,5,4,3,2,4,3,4,2,4,4,2,2,3,5,2,3,4,2,4,5,5,3,2,4,3,5,5,3,3,2,4,4,2,5,3,4,3,2,5,3,4,3,2,4,5,5,4,3,4,3,5,4,2,4,4,5,4,2,4,3,4,4,2,5,4,2,4,2,5,2,4,3,204.0,203.0,228.0,207.0,172.0
199422,male,17,USA,4,5,3,4,4,1,5,4,3,4,5,4,4,3,3,2,2,4,4,2,3,4,4,3,2,3,4,3,2,2,2,4,4,2,3,2,5,5,3,4,4,3,5,4,5,5,2,5,4,5,5,5,3,4,3,3,5,4,4,4,2,4,3,5,4,2,5,4,3,5,5,4,4,4,3,4,3,4,4,3,5,5,3,5,2,4,4,2,2,2,3,4,3,3,2,3,3,3,3,4,5,3,2,4,4,5,4,5,1,5,4,5,4,1,2,5,5,3,4,1,4,4,3,4,4,1,5,3,2,3,2,4,5,4,3,5,4,3,3,4,5,4,3,5,2,4,3,4,4,3,4,5,2,2,3,4,4,3,4,3,4,2,4,4,3,3,2,4,3,3,4,3,3,5,4,2,2,4,4,2,3,4,2,3,2,2,1,3,3,4,4,1,5,3,4,4,3,4,5,2,3,5,3,5,4,3,4,3,4,2,4,5,2,2,1,1,5,2,4,3,2,2,5,3,4,2,3,4,2,5,3,4,2,4,3,3,5,3,4,2,1,5,3,4,4,2,4,5,4,3,5,4,5,5,4,1,4,5,3,3,4,5,4,5,4,4,4,3,2,1,1,2,3,3,2,4,1,3,2,4,5,2,4,4,5,3,4,4,5,4,4,5,4,3,2,2,4,1,2,2,200.0,206.0,214.0,199.0,211.0
199687,male,20,USA,3,5,5,3,5,3,5,5,3,4,3,5,5,5,3,1,3,4,3,5,1,5,4,1,4,1,5,1,2,4,1,4,5,1,4,4,5,5,1,4,2,5,1,5,4,2,3,5,1,4,1,4,3,3,3,1,5,2,3,4,2,5,5,2,4,4,4,5,1,5,2,5,3,5,5,1,5,5,2,5,3,5,5,1,4,2,5,1,1,5,3,4,4,4,5,3,5,5,2,2,1,2,5,4,3,1,3,5,1,4,4,4,5,2,5,1,4,3,2,2,3,5,4,3,5,4,5,5,1,5,5,5,5,1,2,1,5,4,4,4,3,4,5,2,5,3,4,4,5,2,3,4,5,5,5,4,5,5,2,3,4,5,5,3,2,1,4,5,5,5,5,5,5,2,2,1,5,5,5,2,2,5,5,2,4,4,5,5,3,2,1,3,5,1,4,4,2,5,3,5,4,2,5,2,2,1,5,1,4,2,3,5,5,2,2,4,4,5,5,2,3,5,5,4,3,1,2,3,3,5,4,4,5,2,2,2,5,3,4,1,4,5,5,3,5,2,4,5,2,5,2,4,5,4,5,1,4,3,2,4,4,4,5,4,2,1,5,2,5,4,1,5,5,4,2,4,5,4,3,2,2,5,5,5,4,1,5,5,2,4,4,5,5,2,2,1,5,1,2,2,215.0,234.0,230.0,184.0,186.0
200849,male,20,Australia,2,2,4,4,3,2,2,4,4,2,3,1,4,4,4,4,1,4,5,2,4,4,5,3,1,2,4,5,5,3,2,2,4,2,2,2,1,5,4,4,1,1,4,3,5,2,3,5,2,2,4,2,5,2,2,2,4,4,5,3,4,4,5,4,2,2,4,4,2,3,3,4,5,4,4,3,2,5,4,2,1,4,5,3,1,2,5,5,1,2,1,4,5,3,5,2,3,4,4,2,1,5,5,3,4,2,2,5,2,1,4,3,5,4,1,4,5,5,2,2,2,3,4,3,4,2,2,5,2,1,4,2,5,5,4,5,4,4,2,2,4,2,5,2,2,1,4,5,3,2,1,1,5,5,2,2,4,5,3,2,3,2,2,2,3,4,1,4,4,2,4,2,5,2,1,1,5,4,5,2,1,3,4,4,3,1,4,4,5,4,2,2,2,2,4,2,1,4,4,1,1,2,5,2,1,1,4,2,5,4,1,4,3,4,5,1,4,4,1,2,3,4,4,4,4,1,1,2,4,1,2,1,5,2,1,1,4,4,4,5,1,4,5,2,4,1,4,5,4,1,1,4,1,2,3,2,1,1,4,1,5,3,5,5,1,2,5,3,1,1,2,2,4,2,2,4,4,4,2,1,3,4,3,2,2,4,2,4,4,1,5,5,5,4,2,1,5,5,4,1,224.0,149.0,179.0,186.0,173.0
201191,male,30,Finland,4,1,5,4,4,2,1,3,5,4,2,4,3,4,5,1,2,4,5,4,1,2,4,5,3,1,2,3,5,4,4,1,4,3,4,2,1,5,4,4,2,1,4,3,4,1,2,5,2,3,1,3,3,2,4,1,3,1,5,5,1,5,5,4,4,2,3,5,5,4,1,1,5,4,4,3,4,4,5,5,2,3,5,2,2,1,4,4,5,5,2,4,2,4,5,2,5,3,5,4,2,2,3,5,4,2,1,3,3,4,1,1,5,5,3,1,3,1,4,5,2,3,3,4,4,2,1,5,4,4,1,4,4,5,5,2,1,4,4,4,3,1,5,5,4,1,4,4,4,5,3,2,5,4,4,2,4,5,5,2,1,5,4,5,5,1,5,4,5,2,3,1,5,5,4,1,4,4,5,5,2,5,5,4,4,2,5,3,5,3,1,2,2,5,5,2,2,4,5,4,2,1,5,4,4,1,2,2,5,5,1,4,5,5,5,3,3,2,5,4,2,5,5,5,5,2,3,5,5,4,2,1,5,3,3,1,3,5,1,5,3,4,3,2,4,2,3,3,5,3,2,2,4,5,5,4,4,5,3,5,1,3,5,5,2,2,4,2,4,5,2,4,5,5,5,2,2,2,5,4,4,4,5,4,5,2,3,5,4,5,1,3,3,5,4,2,3,4,5,5,235.0,211.0,181.0,221.0,173.0
201475,male,19,USA,4,2,5,4,5,1,1,5,5,5,1,5,1,4,5,1,3,4,2,5,4,3,5,2,4,1,1,1,2,5,2,1,4,3,5,1,1,5,5,4,1,5,2,4,5,1,2,2,4,5,2,1,5,2,4,1,5,4,2,5,1,2,4,3,5,1,2,5,4,3,1,4,4,2,5,5,4,5,5,5,4,5,5,1,4,1,2,4,2,5,1,2,5,4,5,1,2,4,5,5,1,2,5,2,5,2,5,5,1,4,1,1,5,2,4,1,2,5,1,4,1,1,2,4,5,1,1,5,2,5,1,5,5,2,5,4,5,4,2,5,4,1,5,1,5,1,5,1,1,5,1,1,5,5,5,1,1,5,5,2,1,5,1,2,5,1,2,2,5,5,2,1,5,1,5,1,5,4,2,2,1,2,5,4,5,1,1,1,4,2,1,1,1,1,5,1,1,4,5,5,2,4,5,1,4,1,4,2,4,5,1,2,5,2,5,4,1,5,5,2,1,5,1,5,5,4,4,4,1,5,2,2,5,1,5,1,5,4,1,5,1,1,5,2,5,1,1,1,5,5,1,4,1,1,5,4,2,5,5,5,4,1,5,1,5,1,4,4,1,5,2,1,5,5,5,1,1,4,5,5,1,5,2,2,5,1,5,5,5,5,4,4,5,2,5,1,4,1,1,4,220.0,193.0,177.0,178.0,171.0
202006,female,37,USA,4,1,5,2,5,4,3,5,5,3,2,4,5,2,4,1,2,4,4,3,3,5,4,3,3,1,4,4,3,3,2,2,5,2,5,5,5,5,3,4,1,1,3,2,4,2,2,5,4,4,4,5,5,3,2,2,5,4,2,2,1,2,5,2,5,4,2,5,5,2,1,2,4,2,3,4,4,5,2,3,1,5,4,4,5,2,5,1,2,3,4,3,5,2,5,2,2,5,3,2,1,1,5,1,4,2,5,5,1,5,4,3,5,3,5,1,3,5,1,3,4,5,4,3,4,4,4,5,3,3,4,3,5,2,5,3,4,3,4,4,4,4,5,3,3,2,4,4,1,4,4,2,4,4,4,4,1,5,5,2,1,3,4,3,3,3,3,4,3,5,4,3,3,2,4,1,4,5,4,2,3,2,5,2,5,5,1,5,2,3,3,3,4,2,4,2,4,4,3,5,2,5,3,2,4,2,5,3,4,4,2,2,5,2,5,4,2,5,2,4,2,4,4,2,5,1,2,3,5,4,2,2,3,2,2,1,5,2,2,3,2,2,5,2,4,4,2,4,5,2,1,3,5,2,3,4,4,5,5,4,3,5,3,3,4,2,5,2,3,3,1,2,5,4,4,4,1,4,5,2,2,4,2,3,4,1,4,4,3,4,4,5,5,4,4,2,5,1,1,2,233.0,197.0,194.0,184.0,180.0
202022,female,16,USA,5,2,4,2,4,2,2,4,5,4,5,1,5,3,5,5,3,2,5,2,1,4,1,2,1,4,2,3,4,2,4,3,3,3,2,3,1,5,5,2,4,1,5,4,2,5,2,3,5,4,5,2,1,2,4,5,1,2,4,3,5,2,5,4,4,5,2,4,3,4,4,4,2,4,4,5,4,5,5,1,2,2,2,4,2,5,4,1,5,4,5,2,4,3,2,2,1,3,5,4,4,2,5,3,5,5,2,5,5,2,1,1,3,4,5,4,2,3,2,3,5,4,2,4,2,2,4,4,5,5,2,2,5,4,2,4,2,1,4,2,5,1,5,2,2,5,2,3,1,4,4,1,5,2,3,2,1,5,5,4,4,1,4,2,5,2,1,1,5,2,1,1,1,5,1,4,2,3,4,4,3,2,5,1,2,1,1,1,5,1,5,1,5,2,2,5,1,1,4,4,2,2,5,4,2,4,2,2,4,4,5,2,2,2,1,4,1,1,1,2,5,4,5,3,5,5,1,1,5,1,2,1,1,2,1,5,4,5,4,5,4,2,5,1,2,3,2,4,5,4,3,2,5,4,4,5,3,2,4,1,2,1,1,4,1,5,4,2,4,4,4,1,1,4,2,1,1,5,5,5,3,1,5,2,4,5,3,2,2,2,2,1,1,4,2,5,2,2,2,4,179.0,173.0,156.0,204.0,206.0
202409,female,19,USA,5,4,3,4,4,4,2,4,3,2,4,2,4,5,5,2,5,5,5,5,4,5,4,4,2,2,4,3,4,4,4,2,5,4,4,2,4,5,4,2,3,3,4,4,4,5,5,5,5,5,4,5,2,5,4,4,4,2,5,3,2,4,5,4,3,2,4,4,4,5,4,3,4,4,3,2,3,5,5,4,2,5,2,5,2,2,2,2,4,5,4,4,5,4,5,3,4,5,4,1,3,3,2,3,4,3,4,5,4,4,2,3,4,4,2,2,4,1,2,3,4,4,5,4,4,2,3,5,3,2,4,2,4,4,4,4,4,3,4,3,4,2,4,4,4,4,4,3,4,4,2,4,5,4,4,3,2,5,4,4,2,4,2,5,4,2,1,4,5,5,4,2,5,4,2,3,4,3,4,2,4,2,5,4,4,4,2,4,5,2,2,1,4,4,4,4,2,4,5,4,2,4,5,4,4,2,4,2,2,4,2,1,5,2,4,2,4,2,4,2,2,2,4,4,4,4,2,2,5,5,4,2,4,4,3,2,4,3,4,4,4,3,1,3,4,2,2,5,4,4,2,1,4,4,5,4,4,4,4,4,4,5,2,3,4,3,4,2,4,4,2,2,5,4,4,4,2,5,5,4,2,2,3,4,3,4,2,3,2,4,4,5,2,5,4,4,2,1,4,4,211.0,206.0,222.0,223.0,190.0
202914,female,21,USA,2,5,5,5,4,1,5,4,5,4,1,2,4,5,4,2,4,4,4,4,4,5,4,5,4,3,4,1,3,4,2,5,5,5,4,2,5,5,3,3,1,4,4,4,5,2,5,5,3,4,5,5,3,2,4,2,5,4,4,4,2,5,5,4,4,1,5,5,3,3,1,4,4,5,5,1,5,5,4,4,2,5,2,3,3,1,5,3,3,2,2,4,4,2,4,1,5,5,4,3,1,4,4,4,5,1,4,4,3,4,4,5,4,3,4,3,5,1,3,2,2,5,5,5,5,1,5,5,2,3,1,4,4,4,5,2,4,4,4,3,4,4,4,3,4,3,5,2,4,4,2,5,4,4,4,2,5,4,5,4,2,5,4,5,4,4,2,5,4,4,4,5,2,1,4,2,5,4,4,2,2,1,5,5,5,1,5,2,4,4,1,5,4,4,5,2,2,5,4,4,2,5,2,2,4,2,5,4,2,2,2,5,5,3,3,2,5,4,5,4,1,5,5,5,5,1,1,2,5,5,2,1,4,3,3,2,4,3,4,1,2,5,5,5,5,2,5,5,5,2,2,4,4,4,5,1,2,4,5,5,4,4,2,4,4,2,4,4,4,2,2,4,5,3,4,1,4,5,4,2,2,4,4,4,4,2,4,4,4,4,4,4,4,2,2,2,5,3,2,1,216.0,213.0,241.0,211.0,181.0
204072,female,22,USA,5,2,5,5,2,5,1,4,5,5,4,3,5,5,5,4,2,1,2,4,5,1,4,5,1,5,4,3,5,4,5,2,2,5,4,5,1,5,4,2,5,3,5,4,4,5,1,2,5,3,2,1,5,2,1,5,2,1,4,1,4,2,4,4,2,5,2,5,5,4,4,1,5,5,2,5,1,5,4,1,2,1,3,5,1,5,5,2,3,2,5,2,2,4,5,3,1,5,5,5,4,1,2,5,4,4,1,2,1,4,4,1,4,2,1,5,2,1,3,4,5,3,1,5,3,5,2,4,5,4,5,2,5,2,4,5,5,1,1,1,5,1,4,5,2,5,4,1,4,5,5,2,4,3,2,5,1,5,5,1,4,3,5,5,5,5,2,1,5,2,4,1,3,4,1,5,3,3,5,5,5,1,3,4,2,5,1,5,5,2,3,2,5,5,4,5,1,1,1,3,2,2,5,4,2,4,5,1,1,5,5,4,5,2,3,5,1,5,5,2,5,5,2,3,5,5,2,1,4,3,4,1,4,2,1,5,4,1,2,5,5,4,4,2,2,5,1,1,5,5,4,2,5,5,5,5,4,2,5,1,4,2,3,5,1,5,1,1,4,5,5,2,5,5,4,4,1,5,4,5,4,5,5,4,2,5,4,1,2,2,4,1,5,4,1,5,2,1,3,4,196.0,194.0,174.0,216.0,228.0
204169,male,22,USA,4,1,5,4,5,4,1,5,5,5,5,4,2,4,4,2,4,2,5,5,5,4,5,5,2,4,1,2,4,5,2,1,5,4,5,4,1,5,4,2,5,2,4,4,5,5,5,5,4,5,4,2,5,4,5,4,2,2,4,5,1,1,5,4,4,4,1,4,2,2,5,4,4,4,5,5,4,5,3,4,5,4,5,4,1,4,5,1,1,4,5,2,5,4,5,3,1,2,1,4,5,4,4,4,4,4,4,4,4,2,4,1,5,4,5,1,2,2,2,2,4,2,5,4,5,4,4,5,1,4,2,2,4,2,4,5,4,2,1,4,5,4,5,1,4,4,2,2,2,4,2,1,5,2,5,2,1,4,4,4,4,2,2,1,3,2,2,3,2,5,4,2,5,1,2,2,2,4,4,3,2,1,5,3,4,2,1,4,4,1,5,2,2,3,5,5,2,4,4,5,5,5,5,5,2,1,2,2,1,4,2,2,1,4,5,2,1,5,2,5,5,4,2,3,2,2,1,1,2,2,4,2,5,1,4,1,4,3,4,4,4,3,5,4,4,2,1,1,3,1,4,1,2,2,4,4,2,4,2,2,1,5,5,4,2,2,2,1,2,4,2,1,5,4,4,2,1,2,3,1,4,2,1,2,3,1,4,4,2,2,4,5,5,4,2,2,4,1,1,4,193.0,195.0,163.0,197.0,215.0
205515,female,20,New Zealand,2,5,5,4,3,1,4,4,3,3,1,4,4,5,4,3,2,4,4,3,4,5,4,3,3,2,5,4,4,4,1,4,5,3,4,2,5,5,3,4,4,4,5,4,4,2,3,5,3,3,2,4,5,4,5,3,5,5,5,3,2,4,5,3,2,2,4,4,4,4,1,2,2,4,4,2,2,4,4,3,3,3,4,1,1,2,5,2,4,3,1,5,5,4,4,2,2,5,5,2,4,1,4,5,4,3,2,4,3,2,2,2,3,3,2,4,5,5,2,2,2,5,3,4,4,2,4,5,3,2,1,3,5,4,5,1,2,4,2,4,5,3,5,4,4,2,4,4,5,4,2,5,4,5,3,2,2,5,5,4,3,5,4,5,3,1,1,4,5,2,4,5,5,5,2,2,5,4,5,4,1,5,5,4,4,1,3,5,5,2,4,5,3,5,4,2,1,5,5,3,4,4,5,5,2,3,5,1,2,2,3,4,5,4,4,5,4,5,5,3,2,5,3,5,5,4,1,2,4,4,4,2,4,2,4,2,5,2,4,1,2,4,4,1,4,1,4,5,5,1,3,3,4,5,4,2,2,4,4,3,4,5,4,4,3,2,5,2,4,3,2,5,5,5,4,2,4,5,5,2,4,4,5,5,4,2,3,4,4,3,4,4,5,4,4,2,5,2,4,2,233.0,196.0,213.0,210.0,197.0
207015,female,35,USA,4,2,3,2,2,5,4,3,5,4,3,2,4,5,5,4,2,3,3,2,4,4,1,5,2,1,4,3,4,2,2,3,3,3,2,5,1,5,4,2,4,1,5,4,3,5,2,5,5,2,5,4,1,5,4,1,4,1,4,5,1,4,5,2,4,5,4,5,5,3,4,4,3,5,4,3,2,5,3,2,4,3,2,5,1,4,4,1,5,1,5,4,5,2,3,2,2,5,5,3,4,1,1,4,5,4,1,4,2,4,1,3,4,5,2,5,2,4,4,2,2,4,2,4,4,5,5,5,5,3,2,2,4,4,5,4,3,2,5,5,2,1,5,5,4,2,5,3,4,4,4,5,5,4,2,5,2,5,5,1,3,1,5,5,5,5,1,4,4,1,4,1,3,5,2,2,5,3,5,2,4,4,4,2,3,5,2,2,5,1,1,2,4,5,2,5,1,5,2,2,4,2,1,5,1,4,5,2,4,1,4,5,1,2,2,5,4,4,5,1,4,2,5,5,4,5,1,4,5,2,2,1,1,4,1,4,3,2,4,4,4,4,5,2,2,4,5,4,5,4,4,1,2,5,5,5,4,4,4,4,5,1,1,5,2,3,4,1,4,2,2,4,4,5,5,2,2,1,5,4,5,4,5,5,5,2,5,4,4,2,5,4,1,5,3,4,2,1,3,2,193.0,189.0,192.0,215.0,219.0
207085,female,31,USA,3,2,4,3,2,3,3,5,4,3,2,2,4,4,4,2,3,4,4,3,4,4,3,4,2,3,4,5,4,3,2,3,4,2,3,4,2,5,3,1,1,1,3,3,4,3,2,5,3,3,4,3,5,2,3,3,4,2,4,4,2,1,5,1,3,3,3,4,4,3,3,4,4,4,2,2,2,3,4,3,3,4,4,2,1,2,5,5,5,4,4,2,5,2,5,1,2,5,5,3,1,3,5,5,4,3,4,4,3,4,2,1,3,2,3,2,4,5,1,4,4,4,2,2,4,4,4,5,3,2,2,3,5,3,4,2,4,4,3,2,4,2,5,2,3,3,4,5,5,3,4,2,5,5,3,4,2,5,5,2,1,3,4,3,3,3,1,4,4,4,4,4,5,3,1,2,5,5,5,3,2,2,5,3,4,4,2,4,5,1,5,3,5,4,4,3,1,4,5,4,2,2,4,3,2,3,5,3,3,3,4,3,4,3,3,4,3,5,5,2,3,5,5,5,4,5,1,3,5,2,5,1,4,3,1,2,5,4,5,1,4,4,5,3,4,2,3,5,5,2,2,2,2,5,5,4,4,4,5,2,5,1,5,5,1,4,4,2,4,3,4,2,5,5,5,3,2,4,5,4,3,5,5,4,5,1,5,5,3,2,5,3,5,5,3,2,5,4,5,1,227.0,178.0,203.0,206.0,201.0
207224,female,25,USA,3,5,5,5,5,3,5,4,4,4,1,5,1,5,4,3,4,3,4,5,2,5,3,1,4,1,5,4,3,4,3,5,3,5,5,2,5,5,3,4,1,5,5,5,5,4,5,5,5,5,4,3,3,4,5,3,3,5,5,4,3,5,5,5,5,3,5,3,1,5,1,5,5,5,5,5,5,5,5,5,2,4,4,3,5,2,5,4,5,4,4,5,5,5,5,1,5,5,3,3,1,5,5,5,5,3,5,5,2,5,2,5,4,5,5,3,4,1,2,1,4,5,4,5,5,2,5,5,2,4,1,5,5,5,5,1,5,3,3,4,3,1,5,3,5,1,5,5,5,5,3,5,4,5,5,1,3,5,5,5,1,5,2,5,5,1,2,1,3,5,3,2,5,2,3,1,5,5,5,3,2,1,5,5,5,2,5,5,5,5,4,5,1,5,5,1,4,2,5,2,3,2,5,2,4,2,5,3,5,2,4,5,5,5,5,1,5,5,5,2,1,3,5,5,5,5,4,2,5,5,2,1,5,2,5,1,5,4,4,3,1,5,5,5,5,1,5,5,4,4,1,3,1,5,5,1,1,5,5,5,1,1,5,3,5,2,4,3,3,5,1,5,5,5,5,2,3,5,5,4,2,4,2,5,5,1,5,2,5,5,2,5,5,2,2,1,5,1,3,1,230.0,223.0,253.0,216.0,199.0
207399,male,30,USA,4,4,4,1,5,4,3,2,5,4,1,4,3,4,4,1,3,4,3,4,5,5,5,2,3,4,3,5,3,5,4,1,2,2,4,4,4,5,4,2,1,4,5,5,4,4,3,5,1,5,3,4,3,4,4,1,5,5,5,4,1,4,4,2,4,4,2,4,4,4,3,5,5,5,5,1,4,5,4,4,4,5,4,2,4,1,2,5,2,4,4,5,5,2,5,2,5,2,5,4,1,5,5,5,4,1,5,5,3,4,5,1,5,2,5,3,5,3,5,5,4,5,5,2,4,4,3,5,2,5,2,5,5,3,5,3,5,5,1,4,5,4,5,2,4,2,5,5,5,5,1,1,5,4,5,4,1,2,5,3,1,5,4,2,2,1,1,5,2,5,4,1,4,1,2,2,4,5,5,3,2,5,5,2,3,4,1,2,1,1,2,5,4,4,5,2,1,5,5,5,2,5,5,2,2,1,5,1,2,4,2,5,4,2,5,4,2,2,5,2,2,5,5,5,5,2,1,3,5,5,2,1,5,2,4,1,4,2,4,5,1,5,5,5,5,2,1,1,5,1,1,4,5,5,5,1,1,5,2,5,5,5,5,5,5,1,2,1,3,5,1,2,2,2,5,2,2,1,4,1,1,5,5,5,5,1,5,5,3,5,4,4,5,2,2,2,5,1,2,1,225.0,208.0,201.0,207.0,191.0
207484,male,20,USA,4,4,3,5,4,4,2,3,5,4,3,4,4,5,4,4,2,2,2,3,4,5,3,4,2,1,4,3,3,4,4,3,2,4,3,4,2,5,3,4,1,4,3,2,4,4,2,5,2,3,2,4,1,2,3,4,5,2,3,4,2,4,4,5,3,4,3,2,2,2,2,3,4,3,2,2,1,3,4,2,1,4,3,1,2,3,4,3,2,4,4,4,2,5,4,2,3,1,4,4,1,2,3,4,4,3,4,4,3,2,4,2,3,4,2,4,5,1,3,2,4,4,5,5,3,4,4,5,2,4,4,2,2,4,3,4,2,1,2,2,5,4,2,4,3,4,5,3,4,4,2,5,2,5,3,4,2,2,2,2,2,4,4,5,4,4,1,4,4,4,4,5,3,2,2,2,5,3,4,2,2,4,5,5,2,4,2,4,3,2,4,4,3,5,2,4,2,4,5,4,4,5,2,2,2,3,5,2,1,2,3,4,4,4,3,2,2,1,4,4,4,4,2,4,4,4,1,1,5,4,4,3,4,3,2,2,5,3,4,2,4,5,3,2,4,2,3,4,4,2,1,3,2,4,3,3,2,5,4,2,4,5,2,3,2,2,4,2,2,2,2,2,3,5,4,4,2,2,4,2,2,2,3,4,4,1,2,2,4,3,5,5,2,2,2,2,4,2,3,1,176.0,190.0,194.0,198.0,187.0
208304,male,18,Ireland,5,5,5,5,2,4,5,5,5,4,5,1,4,5,5,4,1,5,5,5,5,5,1,1,1,4,3,3,3,4,2,3,3,5,4,4,5,5,3,1,2,3,5,3,4,4,1,5,5,1,5,5,1,1,1,4,5,2,4,4,5,5,4,5,3,4,5,5,3,3,4,3,4,3,3,5,5,4,3,5,4,5,2,3,3,4,2,5,5,4,4,5,4,3,5,2,5,4,3,1,3,4,5,4,3,4,2,4,3,3,5,5,3,3,3,4,2,5,3,2,4,3,4,5,2,4,5,4,3,4,2,1,5,3,4,5,4,2,1,2,5,5,4,3,4,5,3,3,5,2,3,2,5,4,2,3,5,5,1,2,5,2,4,3,2,3,1,3,5,3,3,5,3,2,2,3,5,3,4,1,2,5,4,4,2,2,5,3,3,1,5,4,5,4,3,5,2,4,5,5,2,3,4,3,2,4,1,4,3,2,2,5,4,1,2,4,4,4,2,3,3,2,2,3,2,4,2,4,5,1,5,2,3,2,3,2,5,3,3,2,4,5,4,2,2,3,4,5,2,1,3,2,4,5,3,4,2,2,4,2,5,4,5,3,3,2,3,3,4,2,4,5,5,5,2,4,5,4,4,2,3,2,4,3,2,1,3,2,1,2,5,5,1,3,2,2,5,5,5,2,195.0,194.0,202.0,210.0,223.0
208658,female,23,New Caledon,3,4,5,3,4,1,4,4,3,3,2,3,4,5,4,2,4,5,3,5,3,3,5,3,3,2,3,3,4,5,2,2,5,4,5,1,4,5,3,3,1,5,5,4,5,3,3,4,2,4,3,3,5,4,4,2,4,5,5,5,2,5,5,3,4,1,4,4,4,4,2,4,5,5,5,2,3,5,4,4,3,3,4,3,3,2,3,5,5,5,2,4,5,4,3,2,4,5,4,3,2,4,2,5,5,3,3,4,1,5,3,3,4,4,2,3,2,5,3,4,2,4,4,4,4,1,4,5,3,3,2,3,4,4,5,2,3,3,3,5,3,2,5,3,4,3,4,5,5,4,2,3,4,4,3,2,4,5,5,4,1,5,3,4,3,1,5,5,5,5,3,2,4,4,3,2,4,3,4,3,3,4,5,3,4,2,4,5,4,4,2,4,4,5,4,3,2,4,5,5,3,3,5,4,4,2,3,5,5,4,2,4,5,4,3,2,3,5,4,4,3,4,4,5,3,2,5,4,5,5,2,1,4,3,4,3,3,4,4,3,3,5,4,4,3,3,4,4,5,3,2,2,3,4,4,4,3,4,4,4,2,1,5,4,3,2,4,3,4,4,2,4,5,5,4,2,3,5,5,3,3,4,5,5,4,3,4,4,4,4,3,2,5,4,4,2,4,5,5,2,256.0,217.0,209.0,209.0,188.0
208770,female,18,USA,4,3,4,4,3,4,2,5,5,4,5,3,4,2,4,4,4,5,4,3,2,3,1,3,2,4,2,1,2,3,5,3,4,4,3,4,2,5,4,2,3,2,3,3,4,4,3,4,4,3,4,2,2,2,4,4,3,2,4,3,5,3,5,4,3,4,3,4,3,5,4,3,3,3,3,4,3,4,4,2,5,4,2,2,3,4,3,4,3,4,4,3,4,4,4,4,2,5,3,4,3,3,3,5,4,4,4,3,3,3,2,2,2,2,4,4,4,2,4,2,5,4,4,4,4,3,3,5,2,3,4,3,3,3,4,4,4,2,3,4,4,4,4,3,3,4,3,2,4,4,4,2,4,3,4,4,4,5,4,2,4,3,3,3,3,4,2,1,4,4,4,2,5,2,2,3,4,5,5,3,2,3,4,4,2,4,2,5,3,2,4,3,4,4,4,2,2,2,3,4,3,3,3,3,2,4,4,3,4,2,2,3,5,4,2,4,2,4,5,2,4,3,4,4,4,4,3,2,2,3,4,3,5,3,2,3,4,3,3,3,4,4,4,3,4,2,2,5,4,2,2,2,4,3,4,4,2,3,3,2,4,1,1,4,2,3,5,2,4,2,4,4,4,2,4,2,3,4,3,3,3,4,4,4,3,2,2,2,2,3,4,4,3,4,2,2,4,2,3,2,201.0,190.0,185.0,199.0,213.0
208913,male,24,USA,4,2,5,4,4,4,2,2,2,5,3,2,4,4,2,2,2,4,4,4,4,4,4,4,4,2,3,1,2,4,4,2,5,3,4,4,3,4,2,4,2,4,4,4,4,4,4,5,2,5,4,4,4,4,3,2,4,4,5,4,2,2,5,4,4,4,2,4,4,4,3,5,4,4,4,4,4,5,2,4,4,5,4,4,4,2,4,1,2,4,2,3,5,2,4,3,2,3,2,4,2,5,5,4,3,2,4,4,2,4,3,2,5,4,4,4,5,1,4,4,4,4,5,2,5,4,4,5,2,4,3,4,5,4,4,4,4,4,2,4,4,2,5,2,4,3,5,1,4,4,4,2,5,4,4,4,4,3,5,4,2,2,3,4,2,2,2,4,2,4,2,3,5,2,3,2,4,1,4,3,2,2,5,2,5,3,4,1,2,4,1,4,2,4,4,2,4,4,3,4,2,5,4,2,2,2,5,2,2,3,3,2,5,2,4,4,2,4,4,2,3,4,4,2,2,2,2,3,2,4,2,2,4,4,3,2,5,1,2,2,4,4,5,2,4,2,3,4,2,4,2,3,4,4,3,2,4,4,2,4,5,4,5,4,2,2,4,1,4,3,1,4,5,2,4,4,2,4,3,4,2,4,5,4,3,2,4,2,2,4,4,2,4,2,2,2,5,1,2,2,207.0,203.0,192.0,196.0,194.0
210525,male,44,USA,5,1,2,4,4,5,1,2,5,4,4,2,5,4,3,4,2,4,3,4,5,3,3,3,4,4,2,3,3,2,4,5,3,3,3,4,3,2,4,3,1,1,3,3,4,3,3,4,4,5,3,3,3,3,3,3,3,3,4,4,3,2,3,3,1,4,2,4,2,5,5,3,3,4,5,2,2,4,2,2,5,3,3,2,3,3,3,3,3,2,5,3,3,3,4,5,3,4,3,3,4,3,3,4,3,3,2,3,3,3,3,2,3,4,3,3,3,1,3,2,4,3,4,3,3,3,3,3,4,2,5,2,3,3,3,3,3,2,3,3,4,2,3,3,3,5,3,3,3,3,3,2,3,3,4,3,2,3,4,3,3,3,5,3,4,2,3,2,3,3,4,2,3,4,4,5,2,3,3,2,3,3,3,3,3,4,4,3,3,4,3,3,3,3,3,4,3,3,1,4,2,2,4,3,3,3,5,3,3,3,3,4,3,3,4,3,3,3,3,3,5,3,1,2,4,5,4,2,3,4,4,2,3,3,3,3,2,3,3,4,4,3,3,3,3,4,3,4,3,4,3,3,3,3,3,4,4,3,3,3,3,2,3,4,3,3,3,3,3,1,3,1,3,3,3,2,3,3,1,4,4,3,3,3,2,3,3,3,2,4,3,3,4,3,3,3,4,3,3,3,195.0,196.0,168.0,190.0,191.0
210570,female,21,USA,5,4,3,2,5,5,3,3,5,5,4,5,5,3,5,4,5,4,3,5,4,5,3,3,5,5,2,2,4,5,5,4,5,2,4,5,5,4,5,5,3,4,4,3,4,5,5,5,2,5,5,5,3,3,5,5,3,4,4,3,4,4,3,4,4,5,4,3,5,5,4,4,4,4,5,2,3,4,4,4,5,5,3,2,4,3,3,2,3,4,5,4,3,3,5,4,2,5,5,4,4,2,3,4,5,3,4,3,2,4,4,2,4,4,5,4,2,1,3,2,5,3,5,4,3,5,5,4,4,4,5,4,3,3,4,2,5,4,2,4,4,4,3,4,4,5,3,2,4,2,4,4,3,2,5,5,3,3,5,4,4,5,5,5,5,2,3,4,3,4,5,2,4,4,5,4,3,3,3,1,4,4,3,3,2,5,3,3,3,2,2,4,5,4,5,4,4,3,2,4,3,4,4,4,4,2,3,3,2,2,4,4,3,3,2,4,3,3,4,3,4,4,4,3,5,2,4,2,3,5,3,4,3,3,4,3,4,3,3,2,4,4,3,2,5,4,3,4,5,4,4,3,5,4,4,5,5,4,3,5,4,5,3,5,4,2,4,2,2,2,3,4,3,4,2,4,4,3,4,4,4,5,4,4,2,1,4,3,2,5,5,3,4,3,3,4,3,1,2,3,214.0,246.0,202.0,213.0,227.0
211534,male,15,UK,3,4,4,4,4,5,5,4,2,3,4,5,4,4,4,5,4,4,2,3,5,5,3,2,3,1,4,5,3,5,4,5,5,3,4,4,2,5,3,5,4,5,4,4,5,3,4,5,2,4,5,5,1,2,4,2,4,4,5,2,2,2,5,3,4,2,5,4,2,3,4,5,3,4,5,4,4,3,2,4,4,5,3,3,2,4,4,4,4,2,5,5,3,3,5,2,1,1,1,3,4,5,4,3,4,2,2,4,1,3,5,5,4,4,4,2,4,5,2,2,4,4,5,5,5,5,2,4,1,3,5,5,5,3,3,2,5,1,1,5,5,5,3,2,4,2,4,4,1,3,1,1,4,4,4,4,3,3,1,4,4,5,4,2,1,5,1,1,1,5,3,5,3,2,2,2,5,2,3,2,1,4,2,2,4,1,3,3,2,2,4,3,4,4,5,2,1,2,1,5,2,5,4,2,1,2,5,4,3,2,2,4,4,1,4,4,4,1,4,5,1,1,2,1,1,4,1,1,1,4,4,4,4,2,2,2,5,5,3,1,1,4,2,2,1,1,1,4,1,4,2,4,5,2,5,4,3,4,1,3,2,5,4,2,1,2,2,5,1,2,4,4,4,4,2,5,3,4,3,2,4,4,4,5,4,1,4,4,1,4,3,5,1,1,1,1,1,1,1,1,197.0,188.0,205.0,176.0,190.0
211727,female,22,USA,2,5,5,4,4,1,5,3,5,4,1,4,2,5,4,1,4,2,4,4,4,4,2,4,2,1,4,5,3,3,1,5,5,5,4,1,4,5,4,4,1,4,5,5,5,1,4,5,4,5,3,4,3,4,4,2,5,3,5,5,4,3,5,4,4,4,4,5,2,4,1,4,4,5,4,2,2,4,5,5,1,4,1,5,2,1,5,2,5,4,1,5,5,2,4,1,2,5,4,3,1,3,3,5,5,4,4,4,4,4,4,4,4,5,2,4,5,1,4,4,1,5,5,5,5,1,5,5,3,4,1,4,2,5,4,2,2,2,4,4,4,2,4,5,4,1,5,5,5,4,1,5,4,5,4,1,2,4,5,5,1,4,2,5,4,2,1,4,4,4,3,4,2,2,4,1,5,3,5,2,1,4,5,5,4,1,2,2,4,4,1,3,4,5,5,1,1,4,5,4,3,2,2,1,5,2,5,2,3,4,4,4,5,4,4,1,2,3,5,4,1,2,5,5,5,2,1,2,5,5,4,1,4,3,4,1,5,4,4,4,2,4,4,5,5,1,2,5,5,4,1,1,2,5,5,2,2,4,4,4,5,4,3,5,5,1,5,2,2,4,2,4,4,4,4,1,1,4,5,4,1,4,4,5,5,1,1,3,5,5,5,5,5,5,4,1,5,3,4,2,220.0,208.0,221.0,219.0,171.0
212176,male,21,USA,4,5,5,4,4,2,4,4,4,4,5,4,4,5,5,1,5,4,3,4,2,5,5,4,4,2,2,3,4,4,4,4,5,4,4,2,5,5,4,5,2,4,4,4,5,4,5,5,5,5,5,5,4,5,4,2,5,4,5,2,1,4,5,2,2,1,4,5,1,5,4,4,5,5,5,1,4,5,5,4,2,5,4,5,2,1,4,3,4,3,4,5,5,2,3,3,4,4,2,5,2,5,5,5,4,4,5,5,1,4,4,4,5,4,2,4,5,4,4,1,4,5,2,3,4,1,4,5,1,4,4,3,5,4,5,2,4,4,3,2,4,4,5,4,4,3,5,3,5,5,2,5,5,4,5,2,4,5,5,5,1,2,3,5,5,4,2,5,1,4,4,5,5,4,2,1,5,3,5,2,1,1,4,2,2,1,4,5,5,5,4,4,3,5,4,1,2,5,5,4,3,5,5,4,4,2,5,4,2,2,4,4,5,2,2,4,5,5,5,5,4,5,4,3,2,1,2,2,1,4,2,2,4,2,2,1,5,4,5,1,2,5,1,2,4,1,4,5,4,4,2,2,2,5,3,1,1,5,5,2,1,5,5,4,2,1,5,4,5,2,1,2,5,4,2,1,5,5,5,4,2,2,3,5,4,1,4,5,5,5,3,4,4,5,4,2,5,1,4,1,231.0,214.0,221.0,215.0,197.0
212911,male,21,USA,4,4,4,4,5,4,5,2,5,4,1,4,3,4,5,1,2,3,4,5,2,5,4,3,2,1,3,3,4,4,4,2,4,4,5,4,2,5,4,4,1,4,4,4,5,1,4,5,4,5,1,5,1,4,4,1,5,1,4,4,1,3,4,4,5,4,4,4,3,4,1,5,4,5,5,4,4,5,4,4,1,5,4,4,3,1,3,1,1,5,4,3,2,3,5,2,3,3,3,4,1,4,4,4,5,3,5,4,3,4,3,4,4,5,3,3,3,1,2,5,2,4,4,3,4,2,3,4,2,5,2,4,4,4,5,4,5,2,5,4,4,4,4,5,5,2,5,3,5,3,2,4,4,4,5,3,4,4,5,4,1,4,2,5,5,2,4,2,3,4,3,4,3,2,4,1,5,5,5,3,2,4,2,4,4,2,5,4,4,4,1,4,2,4,5,4,3,3,4,5,3,2,3,2,5,1,4,2,2,4,4,4,4,3,4,2,4,3,5,4,1,4,4,5,5,3,3,3,4,5,2,4,4,1,5,2,4,2,4,2,2,4,2,3,4,2,4,5,5,4,1,2,4,5,4,2,2,2,4,4,2,1,3,5,4,1,4,1,3,5,2,4,4,4,5,1,4,4,5,4,2,3,4,4,4,1,5,3,5,5,3,5,3,4,4,1,4,2,3,4,207.0,225.0,217.0,212.0,175.0
212968,female,40,USA,4,4,4,4,5,1,4,5,5,4,2,4,1,4,5,2,5,2,5,4,4,2,4,2,2,2,4,4,5,4,2,4,2,4,5,1,2,5,4,2,2,2,4,2,4,2,4,4,4,5,1,2,4,4,4,2,2,1,4,5,1,4,2,4,5,1,4,4,5,2,2,1,4,4,5,4,4,5,5,4,1,2,4,4,2,1,4,2,5,2,2,4,1,4,5,1,4,5,5,4,1,2,5,4,4,4,4,4,5,2,4,2,4,5,4,4,2,1,4,4,4,4,1,4,4,1,4,4,5,4,1,4,5,4,5,4,4,4,5,4,4,1,4,2,4,2,4,5,4,5,4,2,4,4,5,1,4,5,5,5,2,4,4,4,5,4,2,4,5,5,4,1,4,1,4,1,4,5,4,5,2,4,2,4,2,1,4,4,5,2,4,2,4,4,2,4,1,4,5,5,1,4,4,1,2,2,5,4,5,5,4,4,4,2,4,1,2,5,4,4,2,4,4,4,5,4,2,2,5,5,4,5,4,4,2,2,4,4,2,5,4,4,4,2,4,1,2,4,5,2,1,2,1,5,5,2,2,4,5,5,5,2,4,4,4,4,4,2,5,5,2,2,4,5,5,2,2,5,5,4,2,2,5,4,5,2,2,4,2,5,4,4,4,5,2,2,4,1,2,5,217.0,203.0,204.0,221.0,187.0
215692,female,19,USA,5,4,2,3,4,4,5,2,5,5,5,1,5,5,5,5,4,2,4,4,5,5,4,4,2,5,4,3,5,4,5,4,4,4,3,2,4,5,5,5,5,2,5,5,5,5,4,5,4,4,5,3,3,4,2,5,4,1,5,5,5,4,4,2,4,5,5,5,4,4,5,2,5,5,5,5,2,5,5,3,4,4,3,2,2,3,4,3,4,4,5,3,3,4,1,4,2,4,5,5,5,2,2,5,5,5,2,3,3,2,5,4,4,4,2,5,2,3,5,4,5,5,2,4,5,4,4,4,5,4,5,2,4,4,4,4,3,1,4,3,1,1,4,5,4,5,3,3,5,3,5,4,2,1,4,4,5,3,5,2,5,1,5,5,5,4,2,2,3,3,5,2,3,5,2,5,2,3,4,5,4,2,4,2,3,4,5,2,5,5,3,2,5,5,5,5,2,2,4,3,1,3,2,5,2,5,4,3,2,3,4,4,2,2,1,3,4,2,5,2,5,4,4,5,4,4,1,2,5,3,5,1,2,4,1,4,3,3,5,5,5,5,2,2,3,2,4,4,5,5,5,2,5,5,5,5,2,2,3,3,1,3,2,5,2,4,4,3,4,5,4,4,2,4,4,3,4,5,5,4,5,2,5,5,5,2,2,2,2,3,2,4,2,5,2,5,4,2,5,3,205.0,220.0,203.0,233.0,236.0
215702,female,32,United Arab,4,4,3,4,5,4,3,5,5,5,4,4,4,4,4,4,2,4,4,4,3,4,4,4,4,4,4,2,5,4,4,4,2,4,4,3,4,5,5,5,1,4,5,4,4,1,3,4,3,4,2,4,5,4,4,5,5,3,5,4,2,4,5,4,5,4,5,5,3,5,2,4,4,4,5,2,4,4,4,4,2,4,4,5,4,1,4,1,4,2,3,4,4,4,4,1,3,5,5,5,1,4,4,4,4,4,5,5,3,5,2,2,4,5,5,3,2,1,2,5,2,4,4,5,4,3,4,5,5,5,2,4,4,3,4,5,5,4,4,4,3,2,4,1,5,2,5,4,4,4,4,4,4,4,3,3,3,5,5,5,2,2,2,4,4,2,2,4,2,4,4,2,3,1,5,4,4,4,5,2,2,4,4,4,3,4,2,5,4,5,2,2,2,4,4,4,2,4,5,5,1,5,3,1,4,2,5,2,4,4,4,4,1,4,5,2,2,5,4,5,2,2,2,2,4,4,1,4,5,5,5,2,4,2,4,2,4,4,5,4,2,4,4,2,4,2,2,4,5,4,2,1,4,4,5,4,4,4,4,2,1,1,4,4,4,2,4,2,4,4,2,4,5,5,5,1,1,5,5,4,2,4,2,4,4,2,4,4,4,4,4,4,2,4,4,4,2,1,1,4,221.0,233.0,207.0,214.0,194.0
215737,male,18,USA,4,4,5,4,5,3,2,2,5,4,1,4,3,4,5,2,5,3,4,3,5,4,4,3,2,2,3,1,2,5,2,2,2,3,5,4,3,4,5,4,1,4,2,2,4,4,4,4,3,5,3,4,5,3,4,3,5,2,2,2,2,4,3,3,5,4,4,2,5,5,1,2,4,4,4,4,4,5,4,4,1,4,5,2,3,3,4,1,2,4,2,4,4,4,4,2,3,3,5,4,1,2,3,4,4,3,4,4,3,3,4,2,4,4,3,2,5,1,1,4,2,4,1,4,4,3,4,4,2,4,3,4,4,2,4,4,3,2,4,5,5,1,4,2,4,3,5,1,4,5,1,4,2,4,4,2,1,4,5,4,1,4,4,3,5,1,1,1,3,5,5,3,4,2,5,2,5,2,4,5,1,4,4,4,5,2,1,3,5,2,1,5,4,4,4,4,2,1,4,4,2,3,4,2,5,2,5,1,1,3,4,4,5,2,5,2,4,4,5,2,1,4,4,5,5,3,1,1,2,5,5,1,5,2,4,2,5,1,4,4,2,4,4,4,5,2,4,5,5,4,1,3,3,5,5,2,4,2,3,5,1,3,5,5,5,2,5,1,3,4,4,4,5,4,5,4,1,4,4,4,1,5,4,4,4,2,3,2,2,5,5,5,5,4,4,4,5,1,4,2,199.0,214.0,209.0,194.0,191.0
216068,male,19,USA,2,3,5,1,4,4,1,5,5,4,4,4,2,2,3,2,1,2,3,4,5,2,1,1,2,2,3,3,1,4,2,5,4,2,2,5,1,2,3,1,3,4,1,3,4,4,1,1,5,2,5,2,1,1,3,3,4,1,3,2,1,2,4,2,4,4,5,5,2,2,3,5,3,4,5,3,1,1,2,2,5,2,5,1,4,2,5,3,1,3,4,4,5,3,4,2,4,3,5,4,3,3,5,4,2,1,4,2,3,2,1,1,4,5,4,4,2,5,1,3,5,5,3,2,4,1,5,3,3,2,1,4,4,2,3,3,5,1,2,5,1,3,5,1,4,1,2,3,4,2,5,1,5,5,4,5,5,5,5,4,3,4,2,1,4,5,5,3,1,4,2,4,2,1,3,2,2,5,1,2,3,3,5,1,3,3,5,2,1,1,5,5,1,2,5,1,3,3,2,4,4,2,5,1,1,2,5,2,1,3,1,4,5,1,4,5,1,4,4,2,4,5,5,1,4,4,1,2,1,2,3,1,2,2,4,4,5,1,3,4,2,4,4,2,5,1,1,3,5,3,2,5,1,1,3,5,2,3,1,4,5,5,2,1,2,4,5,3,5,4,4,5,5,2,5,5,2,3,4,3,3,5,1,4,3,1,4,3,5,4,5,1,1,1,4,1,4,2,1,2,174.0,177.0,184.0,186.0,180.0
216305,male,18,UK,2,4,5,4,4,3,5,4,4,4,1,4,2,3,3,4,2,5,3,4,4,5,4,2,1,1,4,3,2,3,1,4,4,4,2,4,5,5,3,2,1,4,4,4,4,5,3,4,2,2,4,5,2,2,4,2,5,4,4,2,1,5,5,4,3,2,5,4,3,2,1,5,4,4,3,3,3,4,4,5,4,4,4,2,1,2,4,4,2,4,1,4,4,4,5,1,4,2,2,2,1,4,4,4,4,2,2,4,2,2,1,4,4,2,1,2,5,5,2,2,2,4,4,4,5,2,4,4,2,4,1,4,5,4,4,2,4,2,2,2,5,4,5,2,4,1,5,3,4,4,1,4,4,5,4,3,4,5,4,2,2,4,4,4,4,2,1,3,2,3,2,4,4,2,1,1,5,3,2,3,1,4,5,4,4,1,4,3,2,1,2,5,2,4,4,3,4,3,2,2,2,4,4,2,2,2,5,2,3,2,2,5,5,2,4,1,5,2,2,2,1,5,4,3,4,2,2,2,2,1,1,4,4,2,2,1,5,3,2,1,2,4,4,2,5,3,4,5,2,2,1,4,4,5,3,2,2,4,1,2,2,5,5,2,2,2,5,2,2,2,2,5,5,4,4,2,4,2,4,2,1,4,1,5,4,2,4,4,2,2,4,5,2,2,4,2,5,5,2,1,195.0,177.0,211.0,174.0,178.0
217715,female,20,USA,5,4,5,2,5,5,4,5,4,4,5,5,5,4,2,4,2,4,2,4,4,5,5,4,4,5,4,5,5,4,4,2,5,2,5,5,1,5,2,4,4,4,5,4,4,5,2,5,1,4,5,5,4,1,4,4,4,3,5,2,4,2,5,2,5,5,2,5,5,4,4,5,5,5,5,2,4,5,5,4,5,5,5,2,4,2,4,5,4,2,5,4,5,4,4,4,4,5,4,2,2,5,5,5,4,2,5,5,1,4,5,4,5,2,4,4,4,2,5,2,5,5,5,5,5,5,4,5,2,4,5,5,5,2,4,5,5,2,2,5,5,4,5,2,4,5,4,5,5,4,5,2,4,4,5,5,2,5,5,2,2,4,5,2,2,4,1,4,1,5,5,4,5,2,4,4,2,4,4,1,4,4,5,2,4,5,2,5,2,2,1,4,5,5,5,5,2,5,1,5,5,5,2,2,4,2,5,2,4,2,5,4,5,2,5,5,4,5,4,2,5,5,5,2,4,2,2,2,2,5,4,4,5,2,4,2,4,5,5,1,5,5,5,2,5,4,4,5,2,4,2,4,5,4,2,4,4,5,2,5,5,5,5,4,5,2,5,2,5,4,2,2,5,4,5,5,2,4,4,2,2,5,5,5,5,1,5,4,1,5,5,5,5,2,4,5,5,5,1,2,252.0,232.0,215.0,218.0,236.0
217936,female,20,Canada,4,4,5,3,4,2,2,5,4,4,3,3,4,5,4,4,3,4,3,3,4,4,4,2,1,1,4,4,3,4,4,3,3,4,4,4,1,5,4,3,1,4,5,4,4,4,3,4,3,3,4,3,2,3,3,3,4,5,3,2,2,4,5,4,4,3,4,4,4,2,2,4,2,5,3,3,2,4,4,3,2,3,3,2,2,2,4,4,5,3,2,4,4,2,3,3,2,4,4,3,1,5,5,4,5,2,2,4,2,3,2,2,4,2,2,4,5,5,4,3,2,4,4,3,4,3,4,5,2,3,4,4,5,4,4,3,3,2,2,3,4,2,5,2,3,2,4,4,5,4,3,3,4,4,4,4,1,5,5,1,2,4,2,4,4,3,2,3,5,5,4,5,5,2,2,2,4,3,4,3,2,3,4,2,4,4,2,4,4,1,2,3,3,4,4,2,2,3,4,4,3,4,4,2,2,2,5,4,2,3,2,2,5,2,3,4,2,5,4,2,3,4,2,4,4,3,1,2,3,4,4,2,4,2,2,2,4,3,2,3,3,4,4,3,4,2,3,4,4,3,2,3,1,3,4,3,2,3,3,2,4,3,5,2,2,2,4,2,2,4,2,2,5,3,3,4,2,2,4,4,2,4,3,4,2,2,3,3,2,4,4,4,3,2,2,2,5,4,4,4,212.0,179.0,200.0,193.0,187.0
218624,male,31,USA,3,2,5,4,5,1,2,5,4,2,3,3,2,5,4,1,3,4,4,2,5,2,5,3,1,1,2,5,4,4,2,4,3,3,5,1,1,5,4,3,1,4,5,5,4,2,2,5,3,4,2,3,5,4,4,2,4,4,4,5,2,4,5,3,5,1,4,5,3,4,2,4,4,5,4,3,3,4,5,3,1,4,5,1,2,1,4,4,4,2,2,3,4,3,4,2,3,5,2,2,1,4,3,5,4,3,5,5,4,4,3,2,5,4,2,4,5,5,2,3,3,4,3,3,5,1,2,5,2,3,1,3,4,3,4,2,4,5,2,5,5,2,5,2,4,1,4,5,4,4,2,3,4,4,5,3,2,5,4,2,2,3,1,5,5,2,1,5,4,5,4,2,5,1,3,1,4,5,2,2,2,3,4,4,5,1,2,4,5,1,2,3,2,5,5,4,2,5,5,5,4,5,5,1,2,1,4,3,4,3,1,3,5,2,5,1,2,5,5,2,2,4,2,5,4,1,1,3,5,4,2,2,5,1,2,1,4,5,3,4,3,5,4,4,5,1,2,5,5,2,2,3,2,5,3,1,3,5,4,5,4,2,5,4,3,2,4,4,2,4,1,2,5,4,5,2,2,4,4,2,4,4,2,4,5,2,3,4,4,5,5,4,5,3,3,1,5,5,2,2,233.0,179.0,200.0,199.0,186.0
218762,female,36,France,2,4,5,4,4,2,4,5,4,2,1,4,3,4,4,2,2,4,4,4,2,3,4,4,3,2,4,4,3,4,2,3,4,4,4,2,3,5,3,4,1,4,4,4,4,2,4,5,4,4,2,4,4,5,4,2,4,2,3,4,2,4,2,4,2,2,4,4,2,5,1,4,4,4,5,2,4,5,4,4,2,4,5,3,5,2,2,2,5,4,2,4,2,4,4,2,4,4,4,4,2,3,3,4,4,3,4,4,4,4,3,2,4,2,4,2,4,3,3,4,2,4,4,4,4,2,4,4,2,4,2,4,4,4,4,2,2,4,4,4,2,4,4,3,4,2,4,3,4,4,2,2,4,4,4,2,2,5,5,4,2,4,2,2,4,3,4,5,5,5,4,1,5,3,4,1,3,4,4,3,2,4,4,4,4,5,4,4,4,5,2,4,2,4,4,2,4,4,5,4,4,4,4,3,2,2,2,4,3,4,2,4,5,4,4,2,2,5,4,4,5,4,2,5,2,2,2,4,5,2,3,4,4,3,5,2,3,2,4,5,2,4,3,2,4,2,3,5,4,2,2,3,2,4,4,4,4,4,2,4,1,2,5,3,5,2,2,2,2,4,2,4,2,5,4,2,2,4,4,4,3,4,4,2,5,3,4,3,3,4,2,4,4,4,4,2,4,3,3,2,221.0,211.0,205.0,202.0,175.0
219356,female,48,Canada,4,3,4,4,5,2,1,5,2,4,4,5,3,3,4,4,3,4,2,2,3,2,5,4,1,2,2,5,5,2,2,2,2,4,4,3,1,5,4,4,4,3,5,4,4,4,4,5,5,5,3,4,5,5,4,2,3,4,5,5,2,2,2,4,4,3,2,5,4,2,3,3,2,3,5,5,4,5,5,4,2,2,4,4,3,3,4,3,5,3,3,3,3,4,3,3,4,4,5,3,4,2,3,4,4,4,5,5,2,3,3,1,5,4,3,3,3,4,3,4,3,4,3,4,4,3,2,5,3,3,3,3,5,4,5,5,3,4,4,3,3,1,5,5,3,4,3,5,4,5,4,2,4,4,4,4,2,5,5,2,3,4,3,3,4,4,3,3,5,5,4,2,5,4,3,2,3,5,5,5,3,2,3,4,4,4,3,4,3,3,4,3,4,3,4,3,3,4,5,5,3,2,1,5,5,1,4,3,5,5,3,3,4,4,4,2,2,5,5,4,4,3,5,3,3,3,3,4,4,4,2,1,5,1,5,2,4,5,4,5,4,4,4,4,4,2,2,3,5,2,3,2,4,5,4,4,2,5,5,5,4,1,4,5,3,2,4,5,3,5,2,2,5,5,5,3,1,4,5,4,5,3,2,4,5,5,3,5,5,5,4,3,5,5,5,2,5,3,3,1,241.0,195.0,201.0,227.0,211.0
219494,male,32,Malaysia,4,1,5,4,4,1,1,3,2,3,3,3,5,2,4,4,3,5,2,2,3,5,4,5,1,1,2,4,3,5,4,1,5,4,4,2,1,5,4,1,2,2,5,5,4,5,3,5,4,3,2,3,4,3,4,3,2,5,4,4,3,2,4,3,4,1,5,5,4,4,2,3,4,4,2,3,2,5,4,4,2,4,4,2,1,2,1,3,5,3,4,2,4,4,5,3,4,3,3,3,1,2,5,4,3,4,2,4,4,3,4,1,4,4,1,4,3,1,4,5,4,2,4,4,4,1,3,5,2,4,4,4,5,4,5,5,2,2,4,4,4,2,5,2,4,3,5,4,4,5,4,2,5,4,4,4,2,5,5,2,3,2,4,3,2,4,1,3,2,5,4,1,5,1,2,3,4,4,5,4,2,2,4,4,3,2,2,5,5,2,2,2,5,5,4,4,2,4,5,4,3,5,4,1,3,2,2,4,2,5,4,3,4,2,3,2,1,4,4,2,3,3,5,4,3,5,1,1,5,4,4,1,5,2,2,3,1,2,4,5,3,4,4,3,5,1,2,3,3,4,2,2,4,3,4,5,2,5,4,2,5,4,5,3,2,3,4,1,4,5,3,2,5,5,5,3,2,5,5,3,2,2,4,4,3,3,3,2,3,4,5,3,4,5,1,2,4,3,3,2,215.0,186.0,184.0,215.0,191.0
219875,female,18,USA,5,2,5,2,4,2,1,5,3,4,5,4,4,4,4,2,3,2,4,4,2,2,5,5,1,4,1,4,2,2,4,1,5,2,4,2,1,5,4,2,4,2,4,5,4,4,2,5,5,4,5,4,5,5,4,4,2,2,3,4,4,2,5,1,4,2,1,5,4,4,5,5,4,5,3,4,3,4,4,4,2,3,4,2,2,2,2,1,2,2,2,2,4,3,4,2,2,4,3,4,5,3,4,4,3,5,4,4,1,5,2,1,5,5,2,4,5,5,2,1,5,4,4,2,4,2,2,5,1,4,5,4,4,2,2,1,4,2,3,4,4,4,5,2,4,4,3,5,2,2,2,1,5,4,4,2,1,5,5,2,5,4,4,2,2,2,1,3,5,5,2,3,4,4,2,1,2,5,4,2,2,1,5,2,4,2,1,5,4,1,5,4,4,4,5,2,2,4,5,5,4,5,5,4,2,1,5,1,2,1,2,2,5,2,5,2,2,5,4,4,4,5,5,5,4,2,2,4,5,5,2,4,5,1,2,2,4,2,4,2,1,4,5,2,5,1,1,5,5,4,4,2,5,4,4,2,2,5,4,2,4,5,5,5,2,4,5,1,1,2,2,2,5,3,4,2,2,4,5,4,5,4,3,4,4,1,4,4,1,4,4,5,5,5,4,2,5,5,2,2,217.0,187.0,180.0,198.0,215.0
219898,female,19,USA,5,2,4,2,5,2,4,5,3,4,5,4,3,5,4,2,2,4,4,4,2,4,5,5,2,3,2,5,5,4,4,4,4,4,5,3,2,5,4,2,4,2,4,4,5,5,3,5,4,4,4,2,3,5,2,4,5,4,4,4,2,4,4,4,4,2,5,5,2,2,4,3,4,4,4,3,4,5,4,2,3,2,5,2,2,4,2,4,5,4,3,4,5,2,2,2,3,4,3,2,4,1,4,4,2,5,4,4,2,3,2,4,4,5,3,5,4,3,2,4,4,4,3,4,5,2,3,5,3,4,2,3,5,4,4,2,4,2,4,4,4,2,5,2,4,4,5,5,4,4,3,1,5,4,4,2,4,5,4,4,4,2,4,4,4,2,2,2,2,5,3,2,5,2,2,2,4,5,4,2,2,4,4,2,2,2,4,5,4,2,5,4,4,4,5,2,2,2,4,4,2,5,5,2,2,1,4,2,4,4,2,5,5,1,4,2,3,5,4,2,4,4,4,5,4,2,2,3,5,5,2,2,4,2,2,4,4,2,4,4,4,5,5,3,4,2,4,4,4,2,2,1,4,4,5,2,2,4,4,4,1,3,5,5,3,2,5,2,2,4,1,2,4,3,4,4,2,4,5,2,3,2,4,4,4,2,2,5,4,4,2,4,4,5,2,4,5,2,4,3,225.0,187.0,197.0,215.0,211.0
220304,female,30,USA,5,3,5,2,5,4,2,5,4,5,3,3,4,3,4,2,4,4,3,4,4,4,4,3,2,3,2,5,3,4,3,2,3,3,5,5,2,4,3,5,3,3,3,4,4,4,3,4,3,4,3,3,3,3,3,3,4,3,4,4,3,4,3,2,4,3,4,5,3,5,3,3,3,3,5,3,4,4,4,3,2,3,4,4,3,4,2,3,3,3,4,4,4,3,3,3,3,5,4,5,3,4,4,4,4,3,4,4,3,3,2,1,3,3,3,3,3,5,3,3,4,3,3,4,5,4,4,5,3,3,4,4,5,3,4,4,3,2,3,4,5,3,4,4,3,3,4,5,3,4,3,2,4,3,4,5,3,5,5,5,2,4,3,4,4,4,2,3,3,4,3,2,5,4,3,3,3,4,3,3,3,4,3,2,4,4,3,3,4,5,4,3,3,4,4,3,3,3,4,4,4,3,4,3,2,2,4,3,4,3,4,4,5,2,4,4,2,5,3,5,3,4,4,3,3,3,2,3,3,3,3,2,4,3,2,2,4,3,3,3,3,3,3,3,3,2,2,2,5,4,2,3,3,4,3,4,3,4,3,4,2,2,4,4,3,3,5,3,4,4,2,3,5,3,4,3,3,3,4,5,3,3,2,4,5,2,3,4,3,4,4,2,3,3,2,3,4,3,5,2,224.0,204.0,194.0,201.0,206.0
220512,male,20,USA,5,4,4,2,5,3,4,3,3,4,3,5,3,3,4,1,2,3,1,4,4,3,4,3,2,1,2,3,4,5,4,4,4,3,5,4,4,5,2,3,3,5,4,4,5,4,2,4,2,5,4,4,3,2,4,3,3,5,4,4,1,3,4,2,4,3,4,4,2,4,3,4,5,4,5,4,2,5,3,4,4,4,5,2,3,3,2,2,3,4,4,3,4,2,3,2,4,3,2,5,1,4,4,4,4,4,5,4,2,5,4,4,5,4,2,4,4,5,3,5,4,4,4,3,5,2,3,4,1,4,2,5,4,3,4,4,5,2,2,5,4,5,4,1,4,2,3,3,4,5,3,3,4,4,5,3,3,4,5,2,3,5,1,2,2,2,2,2,2,4,2,2,5,2,2,1,3,3,5,2,3,2,4,2,4,2,3,4,2,1,5,2,1,4,5,3,4,2,3,5,4,4,4,2,2,1,4,3,2,4,2,2,4,2,5,4,4,3,3,2,2,3,2,2,2,3,2,1,2,4,2,4,5,1,2,1,4,2,3,2,4,3,4,2,5,1,2,5,3,2,3,3,2,3,3,4,2,4,2,3,2,5,4,3,2,2,3,3,3,5,2,2,4,3,4,3,2,2,4,2,4,2,2,3,4,1,5,3,1,4,5,5,2,3,2,1,5,3,3,4,201.0,202.0,195.0,180.0,188.0
220607,female,16,USA,4,4,4,4,4,2,2,4,5,4,2,3,2,4,4,3,2,2,3,4,2,4,2,3,4,2,3,3,4,4,3,4,3,3,4,4,3,5,4,3,1,2,3,3,4,4,3,5,4,4,4,4,3,3,3,3,4,4,4,4,3,4,3,3,3,2,4,4,4,4,1,2,3,4,3,4,4,4,5,4,3,2,3,4,4,4,4,3,4,3,4,4,3,4,4,2,4,5,3,4,3,4,4,4,4,4,4,4,4,4,1,3,4,3,4,4,4,2,3,3,4,4,3,4,3,2,4,4,3,4,1,3,4,4,3,4,3,1,3,4,4,2,3,5,4,2,4,3,3,4,4,2,3,4,4,3,3,4,5,2,2,3,2,4,3,3,2,2,4,4,3,2,3,3,3,2,4,3,3,3,2,4,4,3,3,2,3,2,4,2,3,2,2,3,3,4,2,2,4,4,3,4,2,3,3,3,4,2,3,4,3,3,4,3,3,4,2,4,4,3,2,2,3,4,4,4,2,2,4,4,2,2,3,4,3,3,3,3,3,3,4,4,4,3,3,2,2,5,4,3,2,2,2,3,4,4,2,4,3,3,3,4,3,4,2,3,4,3,3,2,4,4,3,4,4,4,3,4,3,3,3,4,3,4,3,2,3,3,4,4,3,4,3,4,3,4,4,3,3,2,201.0,188.0,201.0,206.0,184.0
221055,female,17,Australia,4,1,5,2,3,3,1,5,4,3,4,2,3,4,4,3,2,2,2,3,4,2,3,5,2,3,1,3,1,3,4,1,5,3,4,4,1,5,4,2,4,1,2,4,4,5,2,5,2,2,4,2,5,3,3,4,2,4,2,3,1,2,5,3,2,2,1,4,3,4,4,4,5,1,4,5,2,4,3,3,4,3,5,5,1,4,3,2,3,2,4,2,5,2,3,2,3,4,3,2,5,3,4,2,3,4,2,4,2,2,3,1,3,4,2,4,3,5,3,2,4,3,4,2,3,3,1,4,2,3,2,2,4,1,3,5,4,2,2,2,4,1,4,3,2,3,2,2,3,3,4,2,4,4,2,4,1,4,5,3,4,2,1,3,3,2,2,3,5,4,3,1,5,4,2,3,2,2,2,3,3,1,5,2,3,3,2,5,4,4,5,1,2,3,4,4,3,3,3,4,3,2,5,5,2,3,3,2,3,3,2,2,5,2,4,4,1,4,4,4,4,3,4,4,4,5,2,3,3,1,3,1,5,3,2,3,4,2,2,3,4,3,5,3,4,3,1,2,3,4,4,1,3,3,5,5,3,5,3,2,3,2,4,5,2,4,4,2,2,2,3,2,5,3,4,3,2,2,5,4,5,2,2,4,5,2,2,3,1,2,4,4,5,5,2,4,4,3,3,4,206.0,160.0,163.0,186.0,208.0
221364,female,21,USA,5,5,5,5,3,2,5,5,4,2,2,2,5,4,4,5,4,5,5,2,3,5,1,2,3,2,4,5,5,3,4,4,5,5,2,4,5,5,4,4,4,3,5,4,5,4,4,5,5,4,4,4,3,4,2,4,5,2,5,4,3,4,5,4,2,3,4,4,5,3,1,2,5,5,4,2,4,5,4,3,2,4,4,5,2,4,4,4,5,4,4,4,5,5,3,2,4,4,4,3,4,3,4,5,4,4,1,5,5,4,4,3,1,1,4,4,4,2,5,2,4,4,4,5,2,4,5,5,4,2,4,1,5,4,3,2,2,2,5,1,5,4,4,5,2,4,4,5,5,4,3,4,4,4,4,3,5,5,5,3,2,4,4,4,3,2,2,2,5,4,2,4,5,4,2,3,4,5,5,1,3,4,5,5,4,2,4,5,5,4,4,4,4,5,5,2,1,2,5,3,5,5,3,4,2,5,5,3,5,2,4,5,4,4,3,2,4,5,5,5,2,4,5,4,5,2,2,2,5,2,5,2,4,4,2,3,4,4,5,2,5,5,5,5,4,2,5,5,5,4,4,3,4,5,5,2,2,5,5,2,2,5,5,5,3,5,5,2,4,2,3,4,4,5,4,3,2,5,5,4,4,2,5,5,5,4,3,4,4,4,5,5,4,4,2,4,5,5,4,1,235.0,204.0,234.0,232.0,225.0
223285,female,23,Netherlands,5,4,4,2,3,4,1,4,5,4,4,5,5,4,5,4,5,4,1,2,5,4,4,2,4,2,3,4,4,3,2,3,3,4,4,4,4,5,4,4,3,5,4,4,4,4,5,5,3,4,5,5,4,2,2,2,3,2,5,4,3,4,4,3,4,3,3,4,2,4,3,5,4,4,5,2,5,5,5,4,4,5,5,4,2,3,2,1,2,5,4,4,5,4,4,3,2,5,2,4,3,5,5,5,4,2,4,5,2,4,4,2,4,3,2,4,2,5,2,2,5,3,3,4,4,4,2,5,3,2,4,5,5,2,5,4,4,2,2,4,4,1,5,2,4,2,3,5,4,2,5,2,4,4,5,5,3,5,5,2,2,4,5,3,5,2,4,4,2,5,3,1,4,2,2,2,3,3,5,2,2,4,4,3,5,4,2,5,2,2,4,4,5,5,4,2,1,4,2,5,4,4,4,2,3,2,2,2,3,2,2,5,4,3,4,4,2,4,2,4,4,4,5,5,4,2,1,4,5,4,2,2,2,4,3,2,3,1,4,5,5,4,5,3,4,2,4,2,5,4,2,4,5,4,2,2,2,5,3,4,4,3,4,4,2,2,2,1,2,3,2,2,4,4,5,3,2,4,5,4,3,4,5,5,4,1,4,4,4,5,4,2,4,2,4,3,2,4,3,2,222.0,204.0,201.0,206.0,210.0
223620,female,20,China,4,2,2,4,4,1,4,5,1,5,3,3,4,4,5,4,4,3,4,5,2,4,3,3,4,2,4,3,5,4,5,2,2,4,3,1,2,5,5,5,1,1,5,4,4,4,4,4,3,4,2,2,4,2,4,4,4,4,4,4,3,3,2,4,4,2,4,4,5,3,3,2,3,4,5,2,4,5,4,4,2,4,3,4,4,2,4,3,4,4,2,4,3,4,4,2,2,4,4,4,2,3,4,3,4,3,2,4,4,4,2,3,4,2,4,2,4,3,3,4,4,2,2,4,4,1,4,5,2,4,3,3,4,4,4,2,4,2,3,3,3,2,4,2,4,3,5,3,4,4,3,4,4,4,4,1,2,5,5,4,2,4,4,4,4,2,2,3,2,3,3,1,4,3,4,2,4,3,5,3,4,4,3,4,4,1,2,4,4,4,1,3,4,5,4,2,2,3,4,4,4,4,4,3,4,3,3,2,5,4,2,4,2,4,4,3,3,5,5,4,2,3,4,4,4,5,2,2,5,4,4,2,4,3,2,3,1,4,4,3,4,4,4,4,2,2,4,5,4,4,2,4,5,3,4,4,2,4,3,2,1,4,4,5,4,2,5,2,2,5,5,4,4,5,4,4,1,2,5,5,4,3,4,3,4,2,4,3,4,5,2,4,4,4,4,5,4,3,5,5,212.0,221.0,203.0,204.0,186.0
224619,female,47,USA,5,2,4,2,2,5,2,3,1,5,4,4,5,4,2,2,4,4,3,4,5,5,5,5,1,1,2,1,3,2,2,1,4,3,4,5,1,3,2,4,4,2,4,4,5,4,4,5,2,4,5,5,5,4,2,3,2,5,3,1,2,2,5,2,4,4,1,3,3,4,4,4,3,3,2,2,4,2,3,4,5,5,5,3,4,1,2,2,4,2,4,2,5,3,2,3,2,3,3,4,4,2,5,3,3,3,4,4,2,4,5,1,4,4,4,2,3,5,2,1,4,4,5,2,4,5,1,4,1,2,5,4,5,2,2,4,4,4,2,4,5,5,5,4,2,4,3,3,4,2,4,2,5,3,5,5,2,4,3,5,3,5,5,3,2,2,4,1,4,3,4,4,4,3,3,2,2,5,3,4,4,2,4,2,2,5,3,3,3,5,4,2,4,4,5,5,3,2,3,2,4,4,5,3,3,1,3,5,3,2,3,2,4,2,4,4,1,2,4,5,4,2,4,3,5,3,3,1,3,4,5,4,5,2,3,4,4,1,4,2,4,3,4,2,3,5,2,1,4,5,3,2,5,4,4,5,4,1,3,4,5,5,5,5,3,2,4,1,3,1,2,2,4,3,4,4,1,4,5,5,3,4,4,3,3,1,4,4,3,4,4,1,5,5,4,4,4,1,2,1,217.0,193.0,179.0,201.0,205.0
225238,female,21,USA,4,4,4,3,4,2,4,4,4,4,2,4,2,4,4,2,5,4,3,4,3,4,4,2,3,4,4,5,4,4,2,4,4,3,4,3,5,5,4,4,2,4,4,4,5,2,5,5,2,5,3,4,4,3,4,4,4,2,5,4,2,4,3,3,4,2,4,4,4,4,2,4,4,4,5,2,5,5,4,4,4,4,3,4,4,3,2,2,4,4,4,4,4,4,4,2,4,5,4,4,2,4,4,4,4,3,5,4,3,4,2,4,4,3,4,2,4,3,3,4,2,4,4,1,4,2,5,4,4,4,2,4,5,4,5,2,4,2,4,4,4,4,4,3,4,3,4,4,4,2,3,2,4,4,4,2,4,5,4,4,1,4,2,4,4,3,2,3,4,5,3,4,4,2,5,3,4,4,4,3,4,2,2,3,4,2,4,4,4,2,1,4,3,4,5,3,2,4,5,5,4,4,4,2,5,2,5,2,4,4,3,5,4,3,4,3,5,4,4,3,2,4,2,4,5,2,1,4,4,1,2,3,3,3,4,2,4,3,3,2,4,4,2,2,4,2,4,5,5,5,2,3,2,5,5,2,2,2,4,4,2,5,5,2,5,1,4,2,2,5,2,4,4,4,5,2,3,5,4,4,2,4,5,4,4,2,4,4,4,5,4,4,4,3,3,4,5,1,2,2,209.0,218.0,231.0,201.0,195.0
225722,female,17,UK,4,4,5,1,4,3,4,5,2,3,4,3,4,4,2,3,3,4,4,4,4,5,3,3,2,1,4,3,3,3,3,4,5,3,3,4,4,5,3,3,3,3,4,4,4,4,3,3,4,3,5,5,3,4,2,2,4,4,4,3,2,4,5,2,4,4,4,4,2,4,4,4,4,3,2,3,4,4,4,4,4,4,3,2,3,4,4,3,4,2,3,4,4,2,3,2,3,3,3,2,3,3,3,4,2,2,3,3,2,3,4,4,3,3,2,4,4,4,2,2,4,4,4,2,4,4,4,3,2,3,4,3,4,4,3,4,4,4,2,4,4,4,4,4,3,4,4,3,2,2,2,4,3,4,4,3,4,4,4,4,2,4,4,4,3,3,2,3,2,4,4,4,2,4,2,2,4,4,4,2,2,4,5,2,2,4,4,2,3,2,4,4,4,4,4,4,3,3,3,3,4,4,4,4,2,2,5,3,3,2,4,5,5,2,2,3,4,4,2,3,4,3,4,4,4,3,2,3,3,3,4,4,5,2,3,2,4,3,3,2,4,4,4,2,4,2,4,4,3,2,2,4,5,3,3,3,2,4,3,4,4,4,4,3,3,2,4,3,3,2,2,3,5,2,2,3,4,4,3,4,4,4,4,4,3,2,4,4,3,3,3,5,4,3,2,2,5,3,3,2,210.0,187.0,208.0,194.0,201.0
225867,female,18,USA,3,5,5,5,4,1,4,5,5,3,1,4,5,5,5,3,4,4,5,4,3,5,5,2,4,1,5,5,5,4,2,5,5,5,4,1,5,5,4,4,1,4,5,5,5,4,4,5,3,4,3,4,5,2,4,2,5,3,5,4,2,5,5,5,4,1,5,5,5,2,1,4,5,5,5,1,5,5,4,4,3,4,5,2,4,2,5,4,5,2,1,5,5,5,4,1,5,5,5,2,1,3,5,5,5,1,5,5,2,5,2,4,5,4,4,3,5,5,5,3,2,5,5,5,5,1,5,5,4,2,1,2,4,5,5,1,3,3,3,5,3,3,5,5,4,4,5,5,5,5,1,5,5,5,4,1,4,5,5,4,2,4,3,5,4,3,1,4,5,3,2,4,5,3,3,1,5,5,5,3,1,5,5,5,4,1,4,5,5,4,2,4,4,5,5,2,2,4,5,4,4,4,4,3,4,1,5,3,4,4,4,5,5,5,5,1,4,5,5,4,1,5,4,5,5,5,1,3,5,4,2,1,5,2,4,2,5,5,5,3,2,5,5,5,5,2,5,5,5,2,1,3,4,5,5,1,2,2,5,4,2,4,5,5,4,2,5,4,5,3,1,5,5,5,5,2,4,5,5,2,1,3,4,5,5,2,3,4,5,4,2,4,5,4,4,2,5,2,5,2,256.0,221.0,243.0,226.0,192.0
226325,female,16,USA,5,4,3,1,3,5,1,4,4,4,5,5,5,2,2,1,5,2,1,5,4,4,4,3,2,1,1,1,2,3,5,2,2,2,5,5,1,5,1,1,4,5,2,1,2,4,5,2,1,3,5,4,5,3,1,2,2,1,4,3,1,1,4,2,4,4,1,2,3,4,5,5,5,2,4,5,4,5,1,2,5,4,5,1,2,2,1,1,1,3,4,4,4,4,5,5,2,3,1,3,3,5,5,4,2,3,4,3,1,4,4,1,5,4,2,4,4,1,2,1,5,4,2,4,4,5,1,4,1,3,5,4,5,1,3,4,5,2,1,4,4,3,5,1,2,4,2,1,4,2,4,3,4,2,4,5,1,4,3,2,4,4,4,2,2,2,4,2,1,5,4,1,2,2,1,1,1,2,4,2,5,1,4,1,3,5,1,4,2,1,4,3,4,2,3,4,3,2,2,5,4,2,5,2,1,1,2,2,2,4,3,1,2,2,3,5,2,3,4,2,5,4,3,3,2,4,2,1,1,5,4,3,4,1,2,1,5,1,4,3,5,4,4,2,5,4,2,1,2,2,2,2,5,4,5,5,4,2,2,1,2,5,5,4,2,2,4,1,2,2,3,1,2,4,4,5,2,3,2,2,4,4,1,2,2,1,5,2,1,4,2,4,5,5,3,1,5,1,1,2,170.0,182.0,178.0,162.0,195.0
228047,female,24,USA,5,2,4,4,3,2,1,5,5,4,4,4,5,4,5,5,4,2,2,2,5,3,5,5,4,5,3,1,1,2,5,3,3,4,3,3,2,5,5,4,4,4,4,5,4,5,4,5,5,5,5,3,5,2,4,4,4,2,4,1,5,2,5,4,4,5,2,4,5,4,4,3,4,5,5,4,3,4,2,3,4,3,3,4,3,5,4,3,3,2,5,2,4,4,3,3,3,2,5,3,4,3,2,5,4,5,4,4,4,4,5,1,5,4,4,5,2,5,4,1,5,4,5,5,4,3,2,5,5,4,5,4,5,4,4,5,4,1,1,4,5,1,5,5,3,5,4,1,5,5,5,4,5,3,3,4,2,5,5,2,2,3,5,5,5,4,3,2,4,4,5,1,5,4,4,4,2,4,4,4,5,4,4,4,5,4,2,5,1,4,4,2,5,5,4,4,3,3,4,4,5,4,4,4,3,2,3,1,4,2,5,4,4,4,2,4,1,5,4,4,4,3,4,3,4,3,2,2,4,2,5,1,5,2,4,4,2,4,4,4,5,5,5,4,4,4,1,2,3,4,3,2,5,5,5,5,4,2,4,4,5,1,5,4,4,3,4,2,3,5,4,2,4,5,5,5,3,5,4,5,4,4,4,4,2,2,3,2,3,4,4,4,4,5,3,4,4,1,4,5,222.0,213.0,200.0,231.0,241.0
230065,female,20,USA,5,2,4,2,4,4,4,3,3,5,3,4,3,2,4,4,5,5,4,5,3,4,1,2,2,4,3,2,3,3,3,2,2,2,4,4,1,5,4,4,4,3,3,3,4,4,5,4,5,4,3,3,2,3,2,4,3,2,3,4,4,3,2,1,3,5,2,4,3,5,2,4,3,2,3,5,3,3,3,4,1,4,1,4,2,3,2,1,2,3,5,3,2,2,3,3,2,5,4,4,3,3,2,4,4,2,4,4,5,2,5,2,4,3,2,4,5,1,3,4,4,4,3,3,4,4,5,3,2,4,5,4,3,2,5,5,3,1,4,4,1,2,4,2,4,3,3,2,2,4,5,1,3,2,4,5,1,5,5,4,2,4,3,2,4,4,2,4,3,5,4,2,3,4,2,5,3,3,3,2,4,3,2,1,3,4,2,1,3,2,4,4,3,3,2,5,2,5,2,4,4,5,4,4,1,5,4,1,2,4,4,2,5,2,2,4,2,3,4,2,3,2,4,3,4,5,1,4,3,2,4,2,4,2,3,2,4,3,2,3,4,3,2,3,2,3,2,2,4,4,4,3,3,4,5,4,3,1,2,4,5,4,3,4,3,4,3,2,1,4,1,1,5,4,5,5,1,4,3,4,4,2,2,3,3,4,3,2,2,4,5,4,4,4,3,4,3,1,1,3,175.0,190.0,200.0,193.0,199.0
230842,female,18,Philippines,4,4,3,4,4,4,4,3,3,4,3,3,3,5,3,2,3,4,4,3,4,4,3,4,3,3,4,3,4,4,4,3,3,5,4,3,5,4,2,3,1,3,4,4,3,4,4,5,3,3,3,4,3,3,3,4,5,5,5,4,4,4,3,3,4,3,4,4,2,4,2,5,4,4,3,2,3,4,5,4,3,4,3,3,3,3,4,3,3,3,3,4,3,4,3,3,4,3,4,3,2,3,4,4,3,3,4,3,4,3,3,4,3,3,3,4,4,2,3,3,3,5,2,4,3,2,3,4,2,4,4,4,4,4,4,3,3,2,2,3,5,2,4,3,3,3,5,3,4,4,3,4,4,3,4,3,3,4,5,3,1,3,3,4,2,3,2,4,3,3,3,3,4,3,3,2,4,3,3,3,2,4,3,4,3,3,3,4,4,2,3,3,3,4,3,3,2,4,3,3,3,3,3,3,3,3,4,2,2,3,3,4,3,3,3,3,3,3,4,2,3,3,3,4,3,3,2,2,3,2,4,2,2,4,2,2,4,3,4,3,2,4,2,3,4,2,3,3,3,4,2,2,3,2,3,3,2,4,3,2,2,4,3,3,2,3,4,3,3,3,2,3,3,4,4,3,3,4,3,4,3,2,3,4,3,2,3,3,2,2,3,4,3,4,2,3,4,2,3,2,190.0,196.0,202.0,199.0,183.0
230859,female,18,USA,5,3,4,2,5,4,3,3,4,4,4,5,5,5,4,2,5,4,2,4,3,4,4,2,4,3,5,4,5,4,4,5,5,3,5,4,4,5,4,3,2,4,5,5,5,4,4,5,2,5,4,4,5,2,4,4,4,2,5,4,4,3,4,2,5,4,2,5,3,4,3,4,5,5,3,2,2,5,5,4,5,4,4,4,5,2,5,4,5,3,4,4,4,2,3,2,4,4,4,3,2,5,5,5,4,3,4,4,1,4,4,2,4,4,3,2,2,2,5,2,4,4,4,4,4,4,3,5,2,3,4,4,5,5,3,3,4,3,2,4,5,3,4,5,4,4,4,5,4,2,4,2,5,5,5,4,2,4,4,2,1,5,5,4,3,4,3,2,3,5,4,4,3,3,4,2,4,3,4,2,4,3,4,2,4,4,3,4,2,2,3,3,5,5,4,3,2,4,2,5,3,4,5,3,2,2,5,3,4,2,4,2,5,1,3,3,2,2,4,2,4,4,5,2,5,2,2,4,3,5,4,3,4,1,5,2,5,4,5,3,5,5,5,1,5,2,3,4,5,4,2,4,4,5,3,2,4,2,2,5,4,5,5,5,4,1,4,3,4,4,2,1,4,3,4,5,2,5,4,2,4,5,5,5,4,1,4,2,2,5,5,5,4,4,4,2,5,5,4,2,240.0,213.0,217.0,216.0,206.0
231008,female,19,USA,3,5,4,4,4,2,3,4,5,4,3,4,2,4,4,3,3,5,4,4,5,5,5,4,3,3,3,3,2,2,2,4,3,4,4,2,4,5,4,3,1,3,4,4,4,3,4,5,2,4,4,5,5,3,3,3,4,5,3,4,2,4,4,3,4,2,3,5,3,3,2,4,3,4,4,2,4,5,5,5,2,5,4,4,3,3,3,4,4,3,2,4,4,4,3,2,4,5,4,1,1,4,3,4,5,3,4,5,1,3,4,3,4,3,3,4,4,3,3,3,3,4,4,3,5,1,4,5,2,3,1,4,4,4,5,2,3,3,2,3,5,3,4,3,4,3,5,3,4,2,2,3,4,5,5,3,1,5,5,2,3,4,3,5,3,2,1,5,3,4,5,5,4,3,3,2,5,3,4,1,1,4,4,2,4,3,2,3,2,3,1,3,3,4,5,2,3,5,4,3,2,4,4,3,3,1,5,1,1,4,2,3,5,1,5,2,2,4,4,3,3,4,2,3,4,2,1,4,3,5,4,3,4,2,2,1,5,2,2,1,4,4,4,3,5,1,2,4,5,2,1,2,3,4,3,2,1,5,4,2,1,5,3,3,4,2,3,2,2,4,1,2,4,5,5,3,2,5,3,2,2,3,3,4,5,1,4,4,5,5,5,4,4,3,4,1,5,1,2,1,216.0,188.0,214.0,192.0,182.0
231050,male,33,Belize,3,4,5,3,5,2,2,3,3,4,2,4,3,4,5,2,3,4,3,5,3,4,5,4,3,1,3,3,3,3,1,4,3,4,5,3,1,4,3,2,1,4,3,4,4,2,4,5,3,4,2,3,4,3,4,1,3,5,4,5,2,3,2,4,5,1,3,5,3,4,1,5,4,5,5,3,3,5,4,5,2,3,4,4,4,1,2,3,5,3,1,3,3,4,5,2,3,2,3,4,1,4,5,4,3,3,4,4,2,3,1,2,4,2,3,2,1,4,2,4,3,4,2,4,5,1,1,5,3,4,1,4,5,4,3,2,3,3,4,4,3,1,5,2,4,1,5,3,4,5,2,3,4,5,4,2,3,5,5,3,1,3,2,4,3,3,3,3,2,3,4,1,3,1,3,1,5,3,3,3,1,3,2,4,3,1,3,4,3,3,1,2,1,3,5,2,2,4,5,4,4,5,5,1,3,2,3,3,4,4,2,4,5,4,4,1,3,5,4,3,1,3,2,5,3,3,2,3,3,5,3,2,4,1,3,1,2,3,3,4,2,3,3,4,5,1,3,3,3,2,2,2,1,5,5,2,3,5,5,3,4,4,4,2,5,2,3,2,2,4,1,3,5,3,5,3,4,2,3,3,1,4,2,4,4,2,3,3,5,5,3,3,4,4,3,1,5,2,3,4,205.0,199.0,193.0,188.0,165.0
231383,male,20,USA,4,5,2,4,5,1,4,4,2,4,1,4,3,4,4,1,4,4,4,4,2,4,2,2,2,1,3,4,2,4,2,4,4,4,4,1,4,4,4,3,2,4,4,4,4,2,4,4,2,5,4,3,2,2,4,2,4,4,4,5,2,4,4,4,4,1,4,3,2,3,2,4,4,4,4,2,2,4,4,4,2,4,5,4,2,2,2,2,2,4,2,4,4,2,3,2,3,2,3,4,2,4,2,4,4,2,5,4,2,2,2,4,4,4,2,2,2,4,2,4,2,5,4,4,4,1,4,3,2,4,1,4,4,4,4,2,5,2,2,4,4,3,3,3,4,2,4,4,4,4,2,4,4,4,4,1,3,3,4,4,2,4,3,4,4,2,1,4,2,4,3,2,4,3,4,1,4,4,4,4,1,4,2,4,4,2,3,4,3,2,2,4,2,5,5,2,2,4,4,4,4,4,4,3,4,1,4,2,4,4,2,4,4,4,4,2,4,3,4,2,2,4,4,1,2,2,1,2,4,5,2,2,4,2,4,1,4,4,4,4,2,5,2,3,4,2,4,4,4,4,2,4,2,4,4,2,2,5,4,5,1,4,3,4,4,2,4,3,4,4,2,4,4,4,4,2,3,4,4,4,2,4,4,4,4,2,4,3,4,5,4,4,4,4,4,2,5,2,4,4,206.0,212.0,204.0,187.0,165.0
231594,female,25,USA,3,4,5,4,4,2,5,3,3,4,2,3,3,3,4,2,3,3,4,3,3,4,1,2,2,2,3,1,4,3,2,4,4,3,3,3,4,5,3,3,2,1,4,3,5,3,3,4,3,3,4,3,1,3,3,2,5,4,3,2,3,4,4,3,3,2,5,3,3,2,2,4,3,4,2,2,3,3,4,4,3,3,4,3,3,2,4,3,3,2,3,4,2,3,4,2,4,5,4,3,2,2,3,3,4,2,3,4,2,4,4,4,3,3,3,4,5,2,2,2,3,4,3,4,4,2,4,3,2,3,3,2,3,3,3,3,4,3,4,2,4,3,3,4,3,4,5,1,3,4,4,4,3,4,4,3,5,3,5,5,3,3,3,3,3,2,2,2,3,3,3,3,2,3,4,2,4,3,4,2,4,4,4,3,4,2,4,4,4,3,4,4,4,3,4,2,3,2,5,4,4,4,4,3,3,4,5,3,2,3,4,5,1,3,4,3,3,3,4,3,4,4,4,3,5,3,2,3,3,4,3,2,2,3,2,2,5,3,3,3,3,5,3,3,3,2,4,5,5,3,3,4,2,4,4,2,3,3,3,3,4,3,4,4,4,3,5,3,3,2,2,5,4,5,2,3,4,5,4,2,3,3,4,4,4,1,5,2,3,2,5,4,3,3,2,3,5,2,2,2,190.0,193.0,205.0,192.0,190.0
232044,female,23,USA,5,4,5,1,5,5,4,5,5,3,3,5,5,4,5,3,5,5,1,4,1,5,1,1,3,5,1,5,5,4,5,1,4,1,4,5,3,5,4,1,3,5,5,5,5,5,5,5,1,5,4,4,2,1,2,4,5,5,5,3,5,4,4,1,4,5,4,5,3,5,2,5,5,5,5,5,4,5,5,5,2,5,5,5,4,2,1,2,3,3,5,4,5,1,3,5,5,5,3,3,2,5,2,5,5,4,1,4,1,2,1,4,1,4,3,5,1,2,5,5,5,5,4,2,5,5,5,4,1,3,5,5,5,2,5,5,4,3,3,3,1,4,5,5,4,5,4,5,5,3,5,1,5,2,4,5,2,3,5,1,1,5,5,5,3,5,1,5,2,5,4,4,5,4,3,5,2,5,5,2,4,2,5,1,5,5,4,5,3,1,1,5,5,5,5,5,1,4,1,5,5,5,5,4,1,5,5,2,1,2,5,5,5,1,2,5,1,1,5,1,4,5,5,4,5,1,1,4,1,5,1,1,3,3,2,1,5,5,1,3,4,5,5,1,5,5,1,3,4,1,2,4,5,2,5,5,5,3,1,2,1,1,5,5,4,2,5,2,1,3,1,1,5,2,5,5,5,1,5,1,5,5,5,5,5,1,5,2,1,5,5,5,5,2,4,5,5,5,1,1,219.0,217.0,215.0,203.0,222.0
232107,female,23,USA,4,4,5,4,5,2,3,5,5,4,1,4,4,5,3,2,5,4,3,5,1,3,4,4,4,3,3,5,4,4,1,3,2,4,4,1,4,5,3,4,1,3,5,5,4,2,5,5,2,5,1,4,5,2,4,2,3,2,3,5,1,4,4,4,4,2,4,5,5,3,1,4,5,5,4,2,5,5,4,4,1,4,5,3,3,1,4,3,4,3,2,4,4,4,4,1,4,4,5,4,1,4,5,5,4,4,5,5,5,4,1,2,5,3,4,1,2,5,2,5,2,4,3,5,5,1,4,5,5,4,1,4,5,4,5,2,2,4,4,4,3,1,4,3,4,2,5,5,2,5,2,4,4,4,4,2,3,5,5,5,1,4,4,5,4,2,2,4,2,4,1,1,5,3,5,2,4,5,2,4,2,4,4,4,4,4,4,5,5,4,1,5,5,5,5,4,3,4,5,4,2,3,5,3,5,2,2,3,5,5,4,5,5,5,5,5,4,5,5,5,2,5,5,2,5,3,4,4,5,4,2,1,5,1,4,2,5,4,5,5,4,5,4,5,5,2,5,5,5,4,2,5,2,5,5,5,3,5,5,5,1,4,5,5,5,2,4,2,5,5,1,5,5,5,5,2,2,5,5,4,3,4,4,5,5,2,3,3,4,5,4,3,5,5,4,2,4,3,4,4,254.0,226.0,224.0,223.0,183.0
232450,female,26,USA,2,4,5,4,4,2,4,5,5,4,4,5,5,5,4,1,5,4,2,5,5,5,5,1,2,2,4,4,5,2,1,5,4,4,5,2,4,5,4,4,2,5,5,5,5,2,5,5,2,4,2,5,5,1,4,2,5,2,5,5,2,5,5,4,4,4,5,5,2,4,2,4,5,5,5,2,5,5,4,5,4,5,5,1,1,1,5,4,2,1,2,4,5,1,5,1,5,5,4,2,1,5,5,5,4,2,5,5,2,5,4,5,5,1,2,1,5,1,4,4,2,5,4,4,5,2,5,5,2,4,2,5,5,4,5,2,5,4,2,5,5,1,5,4,5,5,5,4,5,4,5,5,5,5,5,4,4,5,5,5,2,5,5,5,4,2,2,5,5,5,4,4,5,1,1,1,5,5,5,1,4,5,5,5,5,5,4,5,2,4,1,5,5,5,4,4,4,5,4,5,5,5,5,1,2,1,5,1,5,1,5,5,5,2,5,4,5,5,5,5,4,5,5,4,5,5,5,5,5,5,4,1,5,1,5,1,5,4,5,2,2,5,5,2,5,4,5,5,5,2,1,5,5,5,5,2,4,5,5,5,5,1,5,4,5,1,5,2,4,4,1,4,5,2,4,4,4,2,4,4,1,5,5,1,4,1,4,5,4,4,5,5,5,2,5,1,5,1,5,2,257.0,226.0,251.0,211.0,205.0
233420,male,18,USA,3,4,3,3,4,1,4,2,2,3,3,2,2,4,3,2,2,4,4,3,2,4,4,4,2,2,2,3,2,3,2,4,4,2,2,2,5,5,3,2,2,2,3,3,4,3,2,3,3,3,4,3,2,4,3,2,4,3,2,2,3,4,3,3,3,1,4,4,3,3,2,4,2,2,3,2,2,4,3,3,4,4,2,4,2,3,4,2,2,3,1,2,4,2,4,2,2,1,3,3,2,3,3,3,3,2,4,4,2,3,1,3,3,1,3,3,3,5,2,3,2,4,3,2,3,2,3,3,2,3,3,3,3,3,3,2,3,2,4,2,3,3,3,4,4,3,3,3,2,3,2,4,2,3,4,1,2,3,3,3,1,4,2,4,3,2,3,3,4,2,2,3,3,3,3,2,4,2,4,4,2,4,2,3,4,2,3,4,3,2,4,3,3,3,4,2,2,3,4,3,4,4,3,2,4,2,3,3,2,4,2,4,3,3,3,2,3,2,4,4,2,2,2,5,4,3,3,3,4,2,2,3,4,2,4,2,4,4,2,2,3,4,4,2,2,2,3,5,5,2,3,3,3,4,3,2,2,4,4,2,4,1,2,4,4,2,4,2,2,3,2,4,4,4,4,2,2,1,4,4,3,3,4,4,4,4,3,4,4,2,5,3,4,3,2,4,4,4,4,4,183.0,172.0,189.0,170.0,172.0
234384,male,30,USA,5,2,4,2,4,2,2,4,1,4,4,4,5,2,4,4,2,4,3,2,4,4,4,4,2,2,2,2,4,3,3,2,5,4,4,4,2,5,4,4,2,3,4,4,4,5,3,5,4,4,1,2,5,4,4,2,4,5,4,2,1,2,5,2,4,2,3,4,2,4,2,3,2,4,1,4,4,5,4,2,4,2,4,2,2,4,5,4,5,2,4,3,5,4,4,1,4,5,3,5,2,4,1,4,4,4,4,5,1,4,5,2,5,3,2,4,5,5,4,1,4,4,4,4,5,4,3,5,1,4,3,4,5,2,5,5,4,2,1,3,5,2,5,3,2,3,3,2,4,2,3,1,5,4,5,2,1,5,4,1,4,2,5,4,4,2,1,4,5,4,5,1,5,2,4,2,4,4,5,2,2,2,5,4,4,1,2,5,2,1,4,2,3,4,4,5,2,5,4,4,2,4,5,3,1,2,4,2,2,1,4,2,4,1,5,4,2,5,2,1,5,2,4,4,2,2,1,1,5,2,5,1,4,1,1,1,4,3,1,4,2,2,5,1,5,2,2,4,2,2,2,2,4,4,5,5,4,5,2,1,5,1,5,4,1,2,5,2,4,5,2,2,2,5,5,1,1,5,5,5,4,5,4,5,2,2,4,2,1,4,5,5,5,5,1,2,5,2,5,1,208.0,191.0,182.0,197.0,200.0
235529,female,64,USA,3,3,4,3,5,1,1,3,4,4,3,3,4,3,4,2,3,4,4,3,2,4,4,3,3,2,2,4,4,4,3,4,4,3,3,3,3,4,4,3,3,3,5,4,5,4,2,5,3,3,2,5,4,3,3,3,3,5,5,4,1,4,3,3,3,3,2,4,4,2,3,4,1,2,3,1,3,4,2,4,4,4,3,2,4,2,4,4,4,3,2,4,3,4,4,2,4,4,4,3,2,4,5,5,5,2,4,5,4,3,4,1,5,3,3,3,3,5,3,2,4,3,3,4,4,2,2,5,2,3,4,4,5,4,5,2,3,4,4,3,2,4,4,3,4,4,3,4,4,3,2,2,4,3,4,2,3,3,5,4,1,3,3,3,3,3,2,4,4,5,2,2,4,3,4,1,4,3,3,2,3,4,3,2,4,2,4,1,5,5,3,4,3,5,5,4,2,5,5,4,2,4,3,3,3,1,5,3,3,3,3,3,4,2,5,2,1,1,4,4,3,4,4,4,4,1,1,3,5,4,2,2,5,2,5,1,3,3,3,2,3,4,4,2,5,2,2,3,4,4,2,3,3,3,4,2,2,5,5,5,3,2,4,5,4,2,4,3,3,3,2,2,4,5,4,3,3,5,5,4,4,4,4,4,5,2,4,4,5,5,4,3,5,5,3,2,4,1,3,1,228.0,190.0,193.0,204.0,182.0
236209,female,43,New Zealand,4,3,2,4,4,3,4,3,1,5,2,3,4,5,4,3,4,2,3,4,2,3,4,3,4,2,3,1,4,5,4,4,1,4,3,3,3,5,5,4,2,3,4,4,5,2,3,5,4,4,4,3,4,2,4,3,3,2,4,4,2,5,2,4,4,2,3,4,5,5,2,2,2,4,5,2,4,4,5,4,3,2,4,2,4,2,2,2,3,5,3,4,1,3,3,2,3,4,4,4,2,3,2,4,4,3,4,4,4,3,1,1,3,4,4,4,3,4,3,5,2,3,1,4,4,1,5,5,3,4,3,3,4,3,5,2,3,4,3,3,4,2,3,2,4,3,4,2,4,5,3,3,2,4,4,2,3,4,5,4,1,2,3,3,4,3,3,2,4,5,2,1,2,3,4,2,3,2,4,4,3,4,2,4,4,2,4,2,4,4,2,3,4,4,5,4,2,3,5,4,4,2,4,3,4,2,3,2,3,4,2,4,2,3,4,2,4,2,2,4,4,3,4,4,5,2,2,2,5,4,2,1,4,3,4,2,4,3,4,4,3,4,2,4,4,2,4,5,5,4,2,3,4,4,5,4,4,5,3,4,1,1,4,5,4,4,4,2,2,4,3,3,3,5,4,4,2,1,4,4,3,2,4,4,4,2,4,3,2,3,4,1,4,5,1,2,2,2,2,2,195.0,213.0,186.0,199.0,184.0
237373,female,43,USA,4,3,5,4,3,1,1,4,5,4,4,5,2,5,5,1,2,3,5,4,5,2,5,1,1,1,3,1,3,3,1,5,5,5,5,1,2,1,5,2,2,5,2,4,2,1,2,5,3,5,4,4,1,1,3,3,3,1,4,5,1,4,5,4,4,1,3,5,2,4,4,4,5,4,1,1,1,2,5,3,3,4,4,2,3,3,5,5,4,3,1,5,5,5,5,1,2,5,4,4,3,4,4,3,5,1,5,5,5,4,1,3,5,2,5,3,3,1,2,5,4,4,5,5,4,1,3,5,5,4,1,5,4,4,5,2,4,4,3,5,5,1,5,2,3,4,5,1,4,5,1,3,5,4,4,1,1,4,5,1,1,5,2,5,5,1,1,4,5,5,5,1,5,1,5,1,4,5,4,3,1,4,5,5,4,1,1,3,3,1,2,5,1,2,2,2,1,4,5,4,2,5,5,1,1,1,5,1,4,5,2,3,5,5,3,1,2,4,4,1,4,5,1,5,5,5,1,2,5,5,4,1,4,3,2,4,4,3,2,5,4,2,5,4,5,1,1,1,4,2,2,4,2,3,5,3,2,5,5,5,1,4,5,2,2,2,2,1,2,5,1,2,5,5,4,1,1,1,5,4,2,5,2,3,4,1,1,2,5,5,2,1,2,2,2,1,5,1,2,4,194.0,200.0,199.0,190.0,176.0
238162,female,21,USA,5,2,3,4,4,3,3,4,5,5,3,2,5,5,5,4,5,2,4,3,3,4,4,4,2,4,3,1,3,4,5,2,2,4,3,4,2,5,5,5,2,3,5,4,4,4,5,5,5,4,3,3,2,4,4,2,4,2,3,4,5,3,4,4,3,2,4,3,4,4,2,2,3,4,5,4,4,4,5,3,2,4,1,4,2,4,4,2,5,2,5,2,5,2,2,2,2,5,5,5,4,2,4,4,4,4,2,4,3,2,2,4,2,4,2,5,3,2,4,5,5,4,2,4,4,3,2,5,4,3,3,3,5,4,5,4,2,2,4,3,5,3,5,4,3,4,4,2,4,5,5,2,5,3,3,4,2,5,5,4,2,2,4,4,5,5,3,3,2,4,3,1,2,3,1,4,3,5,5,4,5,4,3,4,3,4,2,3,4,2,2,2,5,4,5,5,2,4,3,4,3,2,3,3,2,3,5,3,4,4,5,3,2,4,2,4,4,4,3,4,2,1,5,5,5,5,3,2,5,4,4,1,2,3,2,4,4,4,4,4,5,3,5,3,2,2,4,4,5,5,3,2,4,4,5,5,4,3,4,3,2,4,4,5,1,3,4,2,3,5,5,2,4,4,5,2,3,1,5,5,3,2,5,4,4,4,2,2,3,4,2,4,4,5,1,5,5,1,5,3,204.0,201.0,209.0,228.0,209.0
238273,female,19,USA,4,2,3,4,2,2,2,4,2,4,2,1,2,4,4,4,5,2,2,2,4,2,4,4,1,4,4,4,4,2,2,2,3,4,3,4,2,5,4,3,3,2,4,4,4,4,4,4,5,4,4,2,1,3,2,4,2,4,4,4,4,4,4,4,4,4,4,4,4,2,2,2,4,4,5,4,4,3,4,2,4,2,2,4,1,4,4,5,4,3,4,4,4,4,2,2,3,4,4,2,2,2,4,4,3,4,3,2,4,2,2,2,2,4,2,4,4,4,4,4,4,4,4,4,4,2,2,4,4,3,2,2,4,4,4,4,2,1,4,4,4,2,4,2,4,4,4,4,4,4,4,2,4,4,2,2,2,4,4,1,2,2,4,5,4,2,2,2,5,4,4,2,4,2,2,4,4,4,4,4,3,2,4,4,2,2,2,2,4,1,4,2,4,4,3,4,2,2,5,4,4,4,4,2,2,2,4,4,4,4,4,2,4,4,4,2,2,4,4,2,2,2,4,4,4,4,4,4,4,4,2,1,4,4,2,2,4,3,4,4,4,4,4,3,3,2,2,4,4,2,2,2,2,4,4,4,2,4,4,3,4,4,4,4,2,4,4,4,4,4,4,2,4,4,4,2,2,4,4,2,2,2,4,4,4,4,2,3,2,3,4,4,2,5,2,3,4,2,4,2,200.0,164.0,189.0,210.0,211.0
238941,male,30,USA,3,2,5,4,5,4,2,4,5,4,2,5,5,3,2,1,4,3,2,5,3,5,4,1,2,2,4,3,4,3,3,3,4,4,5,4,3,5,2,2,1,5,4,2,3,3,4,4,4,3,4,4,5,2,3,2,4,2,4,2,2,5,4,4,4,4,4,4,4,4,3,5,5,2,2,4,3,5,4,4,4,5,5,1,4,2,4,2,4,5,3,4,5,4,5,3,3,2,2,3,1,4,4,2,4,3,3,4,2,5,2,4,5,2,2,3,4,2,3,2,4,2,4,4,5,4,4,4,3,3,2,4,5,3,4,3,4,3,2,4,3,3,5,2,5,4,4,2,3,2,4,2,4,3,4,4,2,5,4,2,2,5,4,3,2,2,4,3,3,5,2,3,1,2,3,3,4,4,3,2,4,2,4,4,2,4,4,3,2,2,1,3,4,4,3,4,4,3,3,5,4,3,5,1,3,1,4,2,3,2,4,4,5,2,5,4,3,5,4,2,3,5,4,2,3,2,4,2,3,5,2,3,5,1,2,1,4,2,4,3,4,3,5,3,5,4,3,5,2,4,2,3,4,4,3,2,5,2,2,5,4,2,5,2,4,1,2,2,2,2,3,3,5,4,4,4,4,2,3,4,2,4,4,3,5,1,5,3,2,5,4,4,5,2,2,4,4,2,1,2,206.0,195.0,210.0,186.0,196.0
239143,male,33,USA,4,4,5,2,3,2,4,4,2,3,3,3,4,3,4,2,3,4,4,2,4,5,2,3,2,3,3,3,2,3,2,3,3,3,4,3,4,5,4,3,2,3,4,3,4,4,2,5,4,4,4,5,2,3,3,3,4,5,3,4,2,4,4,2,3,2,4,5,4,2,2,4,2,3,4,3,3,4,4,3,1,4,5,4,2,2,4,3,4,3,3,3,4,4,4,2,3,2,4,3,2,4,4,3,5,4,4,4,2,3,2,4,3,3,2,3,4,5,4,3,3,4,3,4,4,3,4,5,3,3,2,3,4,2,4,3,4,3,3,3,4,2,5,4,3,2,4,3,2,4,3,4,4,3,3,2,3,5,5,2,1,3,2,5,3,3,2,3,4,3,3,2,4,4,3,2,4,4,5,2,2,4,5,2,3,2,3,4,3,2,3,3,3,4,5,2,2,4,4,4,3,4,5,4,3,3,4,2,3,4,3,4,5,2,3,3,4,5,5,2,2,4,3,4,4,3,2,3,3,2,3,1,4,2,2,3,4,3,2,4,2,2,4,2,2,2,4,5,3,4,2,2,3,4,2,3,2,5,3,2,3,4,5,5,3,3,5,2,2,3,2,3,5,4,4,4,3,3,4,4,3,4,3,4,5,2,3,4,2,3,4,3,2,4,2,2,5,2,4,2,203.0,186.0,200.0,192.0,196.0
239790,female,19,USA,3,4,4,4,4,4,4,3,5,4,2,2,3,4,5,2,3,4,4,3,2,5,4,2,2,2,3,2,3,4,2,4,4,4,4,4,4,5,5,4,2,2,3,3,5,3,2,5,2,4,3,4,2,2,4,2,4,3,4,3,2,4,4,4,4,3,4,4,3,4,3,3,3,4,5,2,2,4,4,4,3,4,3,4,3,2,4,2,4,4,3,4,4,4,4,3,3,4,4,4,2,2,4,4,4,2,4,4,3,4,2,4,4,3,2,3,4,1,4,2,3,4,4,4,4,2,4,4,3,3,3,3,4,4,4,2,3,3,3,3,4,3,4,3,4,4,4,2,3,3,2,4,4,4,4,3,3,4,4,4,2,3,3,4,4,2,2,3,4,4,2,4,4,2,2,2,4,2,4,2,2,4,4,4,4,4,4,4,4,2,2,4,2,3,4,2,2,4,4,2,2,4,4,2,4,2,4,2,2,3,3,4,4,4,4,3,3,2,4,3,3,4,4,4,4,4,2,3,4,4,2,3,4,2,3,3,4,3,4,2,4,4,4,2,2,2,3,4,4,2,2,4,4,4,4,2,2,4,4,4,2,4,4,4,3,2,4,2,2,2,2,4,4,4,4,3,3,4,4,2,2,4,4,4,4,2,3,3,3,3,2,4,3,2,4,4,4,2,4,2,197.0,202.0,203.0,201.0,182.0
240644,female,19,USA,4,5,3,4,4,2,4,2,2,5,1,3,3,4,4,3,4,3,3,4,3,4,1,2,5,3,3,5,3,4,4,3,3,4,4,2,2,4,4,4,1,4,5,3,4,4,4,4,5,5,5,3,1,4,4,2,3,3,4,3,3,4,3,3,4,2,4,3,2,5,1,2,3,5,5,3,3,3,4,4,3,3,1,5,5,1,3,3,3,4,3,4,3,5,4,1,4,5,1,5,1,5,3,5,4,3,3,3,5,5,1,3,3,3,5,3,3,5,4,4,3,4,3,5,4,1,4,3,2,5,2,3,5,5,4,2,3,1,3,5,3,1,3,3,4,2,4,5,5,5,2,5,3,3,4,2,3,4,4,4,1,4,4,5,4,2,3,2,4,3,3,2,5,3,5,4,4,3,5,3,3,2,3,4,3,2,3,5,4,3,1,3,4,3,5,4,3,2,4,3,4,5,3,2,4,4,5,2,3,3,3,4,3,3,4,2,4,2,4,3,5,4,3,5,5,3,3,3,5,5,3,1,1,4,3,1,3,4,5,5,4,4,3,2,4,3,3,5,1,4,1,3,2,4,4,3,3,5,1,5,1,5,2,4,4,3,3,2,4,4,3,3,3,5,4,2,4,4,4,5,1,3,4,4,3,3,3,3,3,5,2,4,1,3,4,3,4,1,3,4,193.0,237.0,201.0,198.0,180.0
242351,male,19,USA,4,4,4,4,4,2,2,2,3,3,2,3,2,4,4,4,4,4,4,4,4,4,4,4,1,3,4,4,2,2,2,4,2,2,3,3,1,5,4,2,1,4,4,3,5,4,4,4,4,5,4,3,1,5,3,2,4,4,4,5,4,2,3,3,4,4,5,4,2,4,2,4,2,4,4,4,2,3,5,2,3,4,3,5,2,3,5,1,1,3,2,2,4,3,3,2,2,2,4,4,3,4,4,5,3,3,2,3,3,2,1,5,2,5,3,4,5,5,4,2,4,4,3,4,4,2,3,4,3,3,2,3,4,4,4,4,4,2,3,2,4,2,4,3,3,4,4,4,5,4,3,2,4,3,4,2,4,2,4,4,3,2,4,5,4,4,2,4,5,4,2,2,3,2,2,2,4,1,5,2,2,2,4,3,4,2,4,2,4,2,3,2,3,5,5,4,3,4,3,4,2,2,4,2,3,3,5,1,2,4,2,3,4,2,4,2,4,2,4,2,2,4,4,3,3,4,2,2,4,4,2,1,2,3,2,2,4,1,4,5,4,5,4,4,4,2,3,5,4,4,2,2,3,4,5,3,2,2,4,2,2,2,4,3,3,2,5,1,2,4,3,4,4,5,4,2,3,2,4,4,2,2,5,5,4,3,3,3,4,4,3,5,2,5,2,2,5,1,4,3,185.0,190.0,207.0,204.0,182.0
243061,female,17,USA,4,5,2,2,5,4,4,2,5,4,3,4,5,5,4,1,4,4,4,2,5,5,3,2,2,5,5,3,4,4,5,5,4,5,4,2,5,5,2,4,2,2,4,4,5,5,4,5,5,4,5,5,2,2,4,4,5,5,5,4,4,5,5,2,4,4,5,5,4,4,4,2,4,5,4,1,4,4,5,4,4,5,4,5,4,5,5,2,4,4,5,5,5,4,2,2,4,5,3,4,4,3,4,5,4,2,4,4,1,4,4,5,2,3,3,5,5,5,4,1,5,5,4,2,5,4,5,5,2,2,2,4,5,5,4,2,5,2,3,2,5,4,5,5,4,5,5,3,5,4,1,2,5,2,4,2,4,4,4,2,2,4,3,5,2,4,1,2,2,4,4,5,4,4,4,4,4,3,3,1,2,4,3,2,4,3,4,4,5,4,4,5,5,5,5,1,4,2,4,2,1,2,3,4,2,2,5,2,2,2,4,4,5,1,2,2,4,4,5,2,3,5,4,5,5,1,2,2,4,4,4,5,5,2,2,4,5,3,4,1,5,5,3,2,4,2,4,5,5,2,4,4,4,5,4,2,2,4,2,2,4,5,3,4,2,3,5,2,4,2,2,2,4,4,2,2,2,5,4,4,4,5,5,5,4,2,5,2,4,4,5,5,4,4,2,2,3,1,4,1,214.0,207.0,238.0,212.0,213.0
243560,male,21,USA,4,4,5,2,5,3,4,4,2,5,3,4,5,3,4,3,3,2,3,4,3,4,4,3,2,3,3,5,3,4,2,3,4,4,5,4,3,5,3,5,1,3,4,3,4,2,3,4,2,5,1,4,3,2,4,2,4,3,2,5,3,4,2,3,4,3,4,3,4,5,2,4,4,4,5,3,3,3,4,4,2,4,5,2,3,2,4,1,3,4,4,4,2,3,5,3,3,3,3,5,1,4,5,4,4,2,5,3,3,3,4,3,5,2,3,3,3,3,3,5,4,4,4,4,4,3,4,4,2,4,3,4,4,3,4,2,3,2,3,3,4,2,4,2,4,3,5,5,3,4,3,3,4,4,5,3,3,5,4,2,2,4,4,3,3,3,2,3,3,5,3,2,4,1,4,2,4,3,4,3,3,4,2,2,3,3,4,4,3,3,1,4,5,4,4,3,2,3,3,5,4,3,4,1,5,1,4,3,2,4,2,4,4,2,5,4,4,3,3,3,3,3,4,3,3,3,2,2,2,5,3,2,4,2,4,2,5,2,3,3,4,3,3,4,4,2,4,4,4,5,1,3,4,4,5,2,3,3,4,5,5,3,4,3,4,1,4,3,3,4,2,4,5,3,4,4,2,4,4,2,1,3,4,3,3,1,4,3,3,5,3,5,4,3,3,3,5,2,3,3,210.0,220.0,207.0,190.0,177.0
244388,male,22,Latvia,4,4,4,3,5,2,3,3,4,5,3,4,2,3,4,2,2,4,2,4,2,5,4,3,4,1,3,2,2,5,4,5,2,3,4,3,4,4,4,4,2,4,5,4,5,4,4,5,2,4,1,4,4,3,5,3,4,4,2,4,3,4,2,4,4,2,3,3,4,5,2,3,3,3,5,3,4,3,2,4,3,5,4,1,4,2,3,2,3,4,1,3,2,4,4,1,3,2,2,5,1,4,4,2,4,2,5,5,2,3,1,2,5,4,4,1,1,5,2,5,2,4,2,4,5,2,3,4,2,4,1,4,5,3,3,2,4,3,3,4,3,1,3,2,4,2,3,2,2,4,2,1,3,3,4,1,3,3,3,5,2,3,2,2,4,2,2,4,2,5,2,2,3,3,3,1,2,3,4,2,3,4,2,4,4,3,3,2,2,5,2,5,1,3,5,2,4,5,5,5,2,5,3,3,4,1,2,3,2,4,2,5,4,2,5,2,3,3,4,5,2,4,4,3,4,2,3,4,4,5,2,4,2,2,1,2,3,3,4,2,4,2,1,1,5,2,4,4,3,4,2,3,2,4,4,4,5,5,2,4,1,5,3,2,4,2,3,2,1,5,1,2,3,4,4,1,3,3,4,5,3,3,2,4,5,2,4,4,3,4,4,5,4,3,3,1,5,2,2,5,194.0,213.0,200.0,172.0,170.0
245081,female,52,USA,4,4,5,4,5,4,1,5,5,5,2,3,4,5,5,4,3,2,2,4,1,2,1,2,3,2,3,1,3,5,2,4,3,4,4,5,1,5,5,4,2,4,4,3,4,4,3,4,3,5,3,2,2,1,4,2,4,1,4,4,2,4,2,3,4,3,4,5,5,4,2,4,4,4,5,1,2,5,4,4,3,2,5,1,2,2,4,3,5,5,3,5,3,3,4,4,3,1,5,4,2,3,5,5,4,2,1,2,4,5,2,1,2,3,3,2,4,1,4,5,4,4,2,3,4,4,2,5,4,4,3,3,5,3,5,3,2,1,3,4,4,1,4,3,5,4,4,1,5,1,4,5,5,3,3,4,3,4,5,3,2,2,4,3,4,5,1,2,5,4,4,2,2,2,4,3,4,5,5,3,2,4,4,3,5,4,3,3,5,4,1,3,4,5,4,4,2,2,4,5,3,2,2,2,4,3,5,2,5,5,4,5,5,4,4,4,2,4,5,4,2,5,5,4,5,3,1,2,5,4,3,1,4,2,3,2,4,3,3,5,4,5,5,2,5,3,4,5,5,4,1,3,4,5,5,4,2,3,5,5,3,1,1,4,4,2,5,2,4,4,4,4,5,5,5,5,1,5,3,5,2,4,4,4,5,2,2,1,3,5,5,1,5,3,2,2,5,2,5,4,205.0,220.0,196.0,218.0,191.0
245826,female,31,Germany,4,2,4,2,3,2,2,3,3,4,3,4,4,2,4,2,2,2,1,3,2,4,3,4,3,3,3,3,3,4,4,2,4,3,4,3,1,4,4,4,2,2,4,4,4,3,2,4,2,4,4,3,3,4,3,4,2,2,4,4,2,2,3,2,3,3,2,3,4,4,3,4,3,4,4,4,2,2,3,4,3,4,3,4,2,2,2,2,4,2,4,2,3,4,4,2,2,3,3,4,2,4,2,4,4,4,4,4,4,3,3,2,4,3,3,4,2,4,2,3,4,2,4,3,3,2,2,3,4,3,4,2,4,2,4,4,4,2,3,3,3,2,3,4,4,4,4,3,3,2,4,2,4,4,3,3,4,3,4,3,3,3,4,3,4,3,4,3,2,4,3,2,2,3,2,2,2,3,3,3,4,3,3,2,4,2,4,3,2,4,4,2,4,4,4,4,2,3,3,4,4,4,2,3,2,3,2,3,3,4,4,4,3,3,3,3,2,3,4,4,3,3,4,3,3,4,2,2,4,3,4,2,2,3,2,2,2,2,3,4,2,4,3,2,3,3,2,2,4,3,2,2,4,3,4,4,2,3,3,2,4,4,3,4,2,2,2,2,3,4,4,2,3,4,4,3,3,3,3,3,3,4,3,4,3,2,4,3,4,3,3,3,3,4,2,2,2,5,3,2,185.0,191.0,172.0,194.0,180.0
246325,female,44,Finland,3,4,5,4,5,4,3,5,4,4,3,3,4,4,3,3,3,5,4,4,5,4,3,5,3,2,3,5,5,2,2,3,5,3,5,3,3,5,3,2,4,2,5,5,4,2,3,5,2,5,4,5,4,2,2,2,3,5,5,3,1,3,4,3,5,3,4,5,4,2,2,4,5,4,5,2,3,5,3,5,4,1,3,4,4,1,4,2,3,2,2,3,5,3,4,2,2,5,2,4,2,2,5,5,4,4,5,5,2,5,5,2,4,3,4,3,3,5,4,2,4,4,5,3,5,4,3,5,2,2,4,2,5,3,5,4,3,4,2,4,5,4,5,3,3,4,4,5,5,2,4,2,5,4,5,4,2,5,5,3,2,3,4,3,4,3,3,4,3,5,5,4,4,3,4,2,4,5,5,3,2,2,5,3,4,4,2,5,4,4,2,2,4,5,4,3,3,5,4,5,5,4,5,3,4,2,4,3,4,3,3,3,5,3,4,4,2,5,4,4,3,3,4,4,3,4,3,4,4,4,4,3,4,2,4,2,4,3,3,2,2,4,5,1,4,3,3,5,4,4,3,2,4,4,3,4,3,5,2,4,2,4,5,4,4,3,4,4,2,2,2,3,5,4,4,3,2,5,5,4,3,4,5,5,4,2,3,5,3,4,4,4,4,5,3,3,4,3,5,1,248.0,206.0,199.0,219.0,206.0
248675,male,18,USA,4,3,4,2,3,2,4,5,3,4,3,3,2,5,4,2,3,4,4,3,4,4,3,2,3,3,5,4,3,2,3,3,5,4,3,2,3,5,3,2,3,2,3,3,4,4,3,4,3,3,5,4,1,5,2,3,5,4,4,4,3,4,4,3,2,2,4,4,2,3,2,3,2,3,3,4,2,4,5,3,4,4,2,5,2,3,5,2,3,3,2,5,4,3,2,1,3,2,3,2,4,2,2,4,3,2,3,3,4,1,2,5,2,4,1,4,4,4,3,4,3,4,2,5,4,4,4,5,2,3,2,3,3,4,4,2,2,2,2,2,4,3,4,4,3,2,4,5,4,4,1,4,2,4,4,3,5,4,2,2,2,3,1,5,3,3,1,4,1,2,4,4,3,3,1,3,5,3,5,2,2,4,5,2,2,2,4,2,5,2,4,4,2,4,4,1,2,4,5,1,4,2,3,4,2,4,5,3,2,4,2,5,5,3,3,2,4,2,2,2,2,2,3,3,4,3,1,2,3,2,4,2,4,4,2,2,5,2,3,3,2,3,3,3,4,2,4,5,3,2,3,4,3,4,4,2,2,2,4,1,2,4,4,5,2,3,4,2,4,5,4,4,4,5,4,3,2,2,3,2,4,4,2,4,4,1,2,5,3,2,3,5,1,3,2,2,5,3,4,2,183.0,178.0,206.0,190.0,185.0
248977,male,18,USA,1,5,5,4,5,1,5,4,5,4,1,5,1,5,5,1,5,4,2,5,1,4,5,1,4,1,5,4,4,4,1,5,2,5,5,1,5,5,5,4,1,5,4,5,5,1,5,5,3,5,1,4,5,2,5,1,5,1,4,5,1,5,2,4,5,1,5,5,5,2,1,3,5,5,5,1,5,5,2,5,1,4,5,5,5,1,5,4,5,4,1,5,2,5,5,1,5,5,5,4,1,5,5,5,5,2,5,5,5,5,1,3,5,5,5,1,5,2,1,5,1,5,1,5,5,1,5,5,5,4,1,5,1,5,5,1,5,4,5,5,4,1,5,5,5,1,5,5,5,5,1,5,1,5,5,1,5,5,5,5,1,5,1,5,5,1,4,4,5,5,1,1,5,1,5,1,5,5,5,4,4,5,1,5,5,1,5,5,5,4,1,5,1,5,5,1,2,4,5,3,1,3,4,2,5,1,5,1,4,5,1,5,5,5,5,1,5,5,5,4,1,5,5,5,5,1,4,4,5,5,1,1,5,2,5,1,5,5,4,5,1,5,1,5,5,1,5,4,5,2,1,4,1,5,5,1,2,5,5,5,1,5,4,5,5,1,2,1,4,5,1,5,5,5,5,1,5,5,5,5,1,4,5,5,5,1,5,4,5,5,2,4,5,2,5,1,5,1,5,4,241.0,246.0,242.0,209.0,160.0
249529,male,21,USA,4,4,4,3,3,1,5,5,4,3,2,4,2,4,3,2,4,3,4,4,3,3,2,2,3,2,3,4,3,3,4,4,4,3,4,2,4,5,3,4,2,4,3,4,4,3,4,5,3,3,5,5,2,2,3,2,4,3,4,2,2,4,4,3,4,2,4,5,4,3,2,4,3,4,3,2,3,4,2,3,4,4,2,2,3,2,3,4,4,3,2,4,4,3,4,1,4,5,4,3,2,4,4,4,4,2,4,4,4,2,4,4,3,4,3,4,4,5,2,2,2,4,3,4,4,1,3,5,3,2,2,4,5,3,4,2,4,3,4,3,3,3,4,4,3,2,4,4,3,4,2,3,4,2,4,4,3,5,5,3,1,3,4,5,3,4,1,3,2,4,2,4,4,2,2,2,4,5,3,2,2,4,4,3,3,2,4,5,4,4,2,4,2,4,5,2,3,3,5,4,2,3,4,2,4,3,5,4,3,3,3,5,5,4,4,3,5,5,4,4,2,3,2,4,4,2,2,2,4,5,1,3,4,2,4,2,4,2,3,2,2,4,4,3,4,2,4,5,5,3,2,4,3,4,4,3,2,4,4,3,2,2,4,3,4,4,5,3,3,2,2,4,4,4,5,2,4,3,4,4,2,3,4,4,4,2,4,5,4,3,4,5,2,3,3,3,5,2,1,2,212.0,187.0,218.0,190.0,189.0
250259,male,27,USA,4,5,5,3,5,4,5,5,3,5,2,4,3,5,4,1,3,3,4,5,1,5,3,1,3,1,2,3,2,4,1,4,4,2,5,4,4,5,3,5,1,4,4,4,4,3,3,4,1,4,4,5,1,4,4,2,5,2,4,2,2,5,5,2,4,2,3,4,1,4,2,4,4,4,5,2,2,5,5,5,3,5,5,5,3,1,4,1,3,4,2,4,5,2,5,2,3,1,5,5,1,2,5,3,4,3,4,5,1,4,1,4,3,3,4,4,5,5,1,5,3,4,3,2,4,4,5,5,2,5,2,5,5,3,4,2,4,1,4,4,1,1,2,5,5,1,4,5,3,4,3,4,5,5,5,4,1,5,5,5,1,4,4,5,4,2,1,2,1,4,1,5,4,2,3,2,5,3,2,1,1,5,5,4,3,4,2,4,5,5,4,5,2,4,4,1,2,4,2,4,3,4,5,4,3,2,5,1,1,2,2,5,5,2,3,4,4,4,4,5,4,4,2,5,5,2,1,2,4,5,1,2,4,1,4,2,5,1,2,1,2,4,4,2,4,2,4,5,5,5,1,5,3,5,5,2,2,2,2,4,4,5,4,4,4,2,5,1,1,3,1,2,5,3,4,2,4,1,5,5,2,4,2,4,5,1,2,2,2,5,2,5,2,2,2,2,5,1,1,2,209.0,207.0,214.0,193.0,168.0
250279,female,19,New Zealand,5,1,2,4,4,3,1,2,4,4,4,1,3,3,4,4,2,2,4,3,4,4,3,4,2,4,2,3,3,4,3,4,3,5,4,2,1,2,4,2,3,2,2,2,2,2,1,4,4,2,4,2,2,2,2,4,2,2,3,5,5,2,5,5,2,3,1,4,3,5,2,2,2,3,2,4,2,2,4,2,4,2,1,2,2,3,4,3,4,4,4,2,4,4,2,4,3,4,4,4,4,1,4,2,1,4,2,4,4,3,3,1,4,2,3,5,3,5,3,3,4,2,5,4,3,4,2,5,4,3,5,2,3,4,2,4,3,2,4,2,5,3,2,4,4,4,3,3,4,3,4,2,3,4,2,3,4,3,3,2,4,2,3,4,4,3,3,2,3,4,4,3,3,3,3,4,4,2,5,2,4,2,5,4,2,4,4,1,4,2,4,2,4,4,2,4,3,3,3,4,5,3,3,3,1,4,2,4,4,3,4,2,2,4,3,4,4,4,2,2,3,2,3,3,3,2,2,3,4,3,5,1,4,3,2,4,2,3,3,3,4,3,3,4,2,4,3,2,4,2,4,2,4,3,4,4,2,4,5,2,4,5,4,2,3,4,5,4,4,2,3,2,2,4,3,4,2,3,4,4,4,2,3,3,3,4,2,2,2,4,4,1,1,3,1,4,5,4,5,2,180.0,185.0,160.0,205.0,205.0
250334,female,27,Canada,4,2,4,2,3,4,1,5,2,3,4,3,5,3,3,3,4,4,3,5,5,5,4,4,3,4,5,1,3,2,4,4,5,3,2,5,1,5,1,2,4,4,5,2,4,5,5,5,2,4,4,4,4,2,4,4,2,4,4,2,4,2,5,3,2,4,3,5,2,5,4,2,5,4,3,4,3,5,5,5,4,4,4,1,5,3,5,5,4,1,4,1,5,3,3,3,1,4,2,4,4,4,5,5,4,1,4,5,1,5,5,4,2,5,5,5,3,5,4,2,5,2,5,2,3,4,2,5,4,2,4,4,5,3,3,3,3,5,2,3,4,4,1,3,2,4,3,5,5,1,4,1,5,4,5,5,1,5,3,1,3,2,4,2,3,4,4,4,2,5,5,4,5,3,5,4,3,5,5,1,4,1,4,1,1,4,1,4,3,2,4,3,5,3,4,3,2,5,5,2,4,4,5,3,2,3,3,3,4,2,4,1,5,1,4,3,1,5,5,3,4,3,4,2,4,3,3,2,4,2,5,4,4,3,4,3,4,4,2,3,5,5,4,2,3,5,2,4,4,1,4,3,5,2,3,5,3,5,4,5,5,2,5,4,4,2,3,3,4,3,3,2,4,3,4,2,5,4,3,1,3,4,5,2,3,3,4,3,4,5,5,3,2,5,1,5,3,5,1,1,236.0,187.0,205.0,189.0,219.0
250440,female,12,USA,2,5,5,1,2,5,5,5,1,1,4,5,4,2,2,1,5,5,5,5,2,5,1,2,1,2,4,1,1,2,2,2,5,2,4,5,3,5,2,2,2,5,2,2,3,2,5,3,1,4,5,5,1,2,1,5,5,5,2,2,3,5,5,1,3,5,5,2,2,3,4,5,3,4,1,1,5,5,2,4,5,5,1,2,1,1,5,1,1,1,5,5,5,5,2,3,3,5,5,1,1,2,3,2,3,2,5,4,1,3,3,5,1,3,1,5,5,1,2,1,5,5,5,5,3,5,5,5,2,2,5,5,4,1,5,2,5,2,1,3,5,4,5,3,2,5,5,1,2,1,5,1,2,2,2,5,5,3,2,1,2,5,5,3,2,4,1,2,2,4,2,1,1,2,1,1,1,1,5,1,2,5,5,2,3,5,4,3,2,1,5,5,4,4,2,5,5,1,2,3,4,3,5,2,1,3,5,3,1,1,5,5,5,5,1,5,5,1,2,1,5,5,5,3,2,4,4,4,1,1,5,5,1,2,1,4,5,4,2,2,1,3,5,5,5,1,5,5,4,2,1,4,5,2,2,2,4,1,1,1,4,5,5,5,1,5,5,1,5,1,3,5,5,2,1,5,5,5,2,1,2,5,4,2,2,1,5,3,2,1,4,5,2,2,2,1,5,4,1,1,172.0,182.0,222.0,165.0,189.0
250510,female,30,China,5,1,4,1,2,4,1,3,2,4,5,3,5,5,5,5,2,5,1,1,4,5,1,4,1,5,1,5,2,2,5,2,5,3,1,5,1,4,5,5,5,5,4,4,4,5,2,5,5,5,5,1,4,5,1,5,2,2,4,3,5,1,5,5,2,5,4,3,5,4,5,1,4,2,5,5,1,5,5,1,5,1,2,5,2,5,4,1,5,1,5,2,5,4,2,4,4,5,5,5,5,2,5,2,3,1,1,3,5,5,4,1,1,5,3,5,3,1,4,5,5,5,5,3,4,4,5,5,1,1,5,2,5,5,5,5,2,1,4,2,3,1,5,1,2,5,4,5,2,4,2,1,4,5,1,5,1,4,5,1,5,1,5,2,5,4,4,3,4,2,4,1,1,1,1,5,4,4,2,4,2,2,5,1,2,5,1,2,2,3,5,1,5,3,2,4,3,3,1,5,4,1,4,1,1,5,5,1,1,4,5,2,4,2,2,5,1,4,1,4,5,2,1,2,5,4,1,1,5,1,2,1,5,3,1,4,5,1,2,5,2,2,4,4,1,2,1,4,5,5,1,2,5,1,5,5,2,5,2,1,1,2,2,1,1,4,2,1,3,5,2,1,5,2,4,5,2,5,3,5,5,1,2,4,4,4,2,2,1,2,2,2,2,4,1,5,4,5,2,2,191.0,173.0,159.0,202.0,228.0
252060,male,99,Afghanistan,2,1,2,1,4,2,1,2,3,4,3,3,2,1,4,3,3,2,4,3,2,2,5,5,2,2,1,4,1,3,4,1,5,2,4,2,1,3,4,3,1,2,2,2,3,3,2,2,3,2,3,3,4,5,3,2,3,5,2,1,3,1,4,1,3,2,1,3,4,2,3,2,3,2,3,5,1,3,3,3,4,3,4,1,2,2,2,2,3,3,3,1,4,1,3,4,2,2,4,4,1,2,3,1,4,2,3,3,2,3,3,1,5,3,3,2,3,5,1,4,2,1,4,1,4,2,2,2,2,3,4,3,3,2,2,4,3,3,3,2,4,3,5,1,3,2,3,4,1,3,3,1,5,3,3,2,1,3,3,3,2,3,2,1,3,4,3,3,3,3,3,2,4,1,4,3,2,2,2,4,3,1,4,1,3,2,1,2,3,2,2,1,2,2,3,3,3,3,4,4,2,3,4,1,2,1,2,2,2,3,2,1,3,4,4,2,1,3,2,3,3,2,1,3,3,3,2,2,2,4,2,2,5,2,2,2,3,2,2,3,4,1,4,1,3,2,1,1,3,2,1,1,1,5,3,4,3,3,3,3,2,4,5,4,3,3,1,2,2,4,3,1,4,2,4,2,1,3,3,2,1,2,2,1,4,3,3,3,2,3,3,2,4,5,4,3,1,2,2,3,176.0,154.0,139.0,150.0,165.0
252736,female,22,USA,2,5,3,2,5,1,5,5,4,4,2,4,4,5,4,1,5,4,4,4,2,5,4,1,1,1,4,5,4,4,3,4,5,5,3,2,5,4,4,4,1,4,4,3,5,5,5,5,5,4,4,5,4,1,3,2,5,5,4,2,2,4,4,3,4,1,5,4,5,5,1,4,2,5,1,1,4,5,5,4,1,5,3,2,1,1,4,5,4,3,2,4,4,5,2,1,5,5,4,3,2,3,1,5,4,1,4,4,5,4,5,5,4,5,2,4,5,3,3,2,2,4,4,5,4,2,5,5,2,2,2,4,5,5,4,2,2,4,5,2,5,5,5,2,4,4,5,5,5,2,2,2,3,4,4,2,5,5,5,4,2,4,2,4,4,4,2,4,5,4,4,5,5,2,4,2,5,5,5,1,1,5,4,3,3,1,5,5,4,2,5,5,5,5,5,4,4,4,5,5,5,5,5,2,3,2,5,4,4,2,2,5,2,4,4,1,5,5,4,2,4,4,5,5,5,2,1,4,5,5,4,5,4,4,2,1,5,5,4,1,1,5,4,2,4,1,5,5,5,4,2,4,4,5,5,2,2,5,5,4,1,5,5,5,4,2,5,2,2,2,1,2,4,5,4,4,4,5,5,2,4,2,5,5,5,2,4,4,5,4,5,5,4,2,1,2,5,1,3,1,226.0,210.0,241.0,213.0,192.0
252983,female,17,USA,4,5,4,4,4,4,4,2,5,5,3,4,5,4,4,3,4,2,2,4,4,4,3,2,2,4,2,4,2,2,2,4,2,4,4,4,4,4,4,4,1,4,4,3,4,2,4,5,4,3,2,4,4,2,4,4,4,3,4,1,2,5,4,4,4,4,4,3,2,4,2,4,3,4,5,1,4,4,3,4,2,3,4,3,2,2,4,4,4,3,5,5,2,3,5,4,3,5,4,4,1,3,4,4,4,1,4,4,2,3,2,4,4,4,4,4,3,5,2,2,4,4,3,4,4,4,4,4,2,4,5,4,4,2,3,2,4,4,2,3,2,3,4,3,4,5,4,5,5,2,4,4,4,4,4,4,5,2,4,4,2,4,5,5,3,2,2,1,5,4,2,2,3,4,4,4,2,3,4,2,4,5,4,4,4,4,4,1,5,2,2,3,5,4,5,2,2,2,4,2,2,4,4,2,4,2,4,3,2,2,4,5,4,4,4,4,4,2,4,3,3,4,4,4,4,4,3,2,3,4,2,1,4,3,2,2,4,3,3,4,4,4,3,4,4,4,4,4,4,2,1,4,4,4,5,2,2,4,3,2,4,4,2,4,3,2,4,2,3,2,2,4,4,5,4,4,4,2,4,3,3,4,4,4,4,2,4,3,2,3,4,2,4,4,4,4,4,2,4,2,198.0,211.0,211.0,204.0,196.0
254310,female,27,USA,4,5,4,4,3,4,2,2,3,3,4,3,4,4,4,4,5,5,4,2,3,5,3,2,2,4,4,3,3,1,3,4,4,4,3,4,4,4,2,4,2,4,4,3,1,4,5,5,5,2,5,5,3,1,1,4,4,4,5,2,3,4,4,4,4,3,4,3,4,2,3,4,3,4,1,2,4,4,4,2,1,5,4,4,4,3,5,2,2,1,4,5,5,4,2,1,5,5,3,2,4,4,5,4,2,2,4,5,2,2,5,4,3,4,2,5,5,4,4,1,5,5,4,5,4,5,5,5,2,2,5,3,5,4,2,2,4,3,4,2,5,4,4,4,2,5,4,5,5,1,5,5,4,4,3,4,4,3,4,4,2,3,5,4,4,5,1,4,4,2,4,4,4,4,2,3,4,5,5,1,3,4,4,4,2,2,3,4,4,2,5,4,5,5,2,2,2,2,4,2,5,5,1,3,2,2,4,2,4,1,5,4,4,4,3,3,2,3,5,1,4,4,5,5,3,3,2,4,5,3,2,4,3,4,1,4,4,3,4,2,5,5,5,4,4,2,3,4,3,4,2,4,5,3,3,3,4,5,4,2,5,4,2,4,2,2,5,2,4,1,2,4,4,5,2,4,3,4,4,4,4,2,5,5,4,4,3,4,4,2,4,3,3,2,2,4,5,1,3,1,202.0,184.0,227.0,211.0,216.0
254495,male,28,Brazil,2,4,3,5,4,2,5,5,2,4,2,4,3,5,2,1,2,3,3,4,2,5,4,2,4,1,4,5,3,3,2,4,3,3,3,1,3,4,2,4,1,5,4,3,4,2,4,5,1,4,2,4,4,2,4,3,4,4,3,4,2,4,3,4,4,2,5,5,4,2,1,4,5,4,4,4,3,4,4,4,1,4,4,2,3,2,2,2,5,5,2,5,3,3,4,1,4,4,4,3,1,4,5,4,4,2,4,4,2,3,2,4,4,4,4,2,5,5,2,4,2,4,3,5,4,2,5,5,4,4,2,3,5,4,5,2,4,2,2,4,4,2,5,2,4,2,5,4,4,4,2,4,5,5,3,1,3,5,3,4,1,4,4,3,2,3,2,3,2,2,2,3,4,1,4,2,5,3,3,3,2,4,2,4,3,5,3,3,4,2,2,4,4,4,4,3,1,3,4,4,2,4,5,1,4,1,3,3,5,3,3,4,3,2,4,2,5,4,2,2,5,3,4,4,4,4,2,3,5,4,2,3,4,2,3,1,3,2,3,3,1,3,2,2,5,2,5,5,2,2,1,5,3,4,4,2,2,4,3,3,2,4,4,3,3,4,4,1,1,4,2,3,3,5,4,3,2,5,5,4,1,4,3,4,4,1,3,4,5,4,2,2,4,3,5,1,2,2,3,4,210.0,204.0,212.0,184.0,164.0
255007,female,38,Netherlands,1,5,5,4,5,5,5,3,4,2,1,5,5,5,3,2,5,5,3,4,4,5,5,2,4,1,5,1,1,4,1,4,4,5,5,5,5,3,2,2,1,5,4,4,4,1,4,5,1,5,1,5,3,1,4,1,5,1,3,2,1,5,5,5,5,3,4,5,1,2,1,5,4,4,4,1,5,5,4,4,1,5,5,1,4,1,4,3,5,3,1,5,3,1,5,2,4,5,1,1,1,5,5,4,4,2,5,5,2,5,4,5,5,3,5,1,5,5,1,4,1,5,2,3,5,4,5,5,1,4,1,5,5,4,5,2,5,5,2,5,5,4,5,1,5,4,5,5,4,1,3,2,5,5,5,2,4,5,3,4,1,5,5,5,3,2,5,5,4,5,4,5,5,1,5,1,5,5,2,2,2,5,4,5,4,2,3,2,2,3,1,5,5,4,4,4,4,5,4,5,3,5,5,1,5,1,5,5,2,2,1,5,5,1,5,1,5,5,5,4,1,5,5,5,5,2,5,5,5,5,2,2,5,1,5,1,5,3,5,1,1,4,2,4,5,1,5,4,4,3,1,4,5,5,3,4,3,5,2,5,1,4,5,5,5,1,5,2,1,3,1,5,5,5,1,1,4,1,4,2,1,5,5,4,4,2,5,5,2,5,3,2,5,2,5,2,4,3,2,1,239.0,210.0,231.0,183.0,192.0
255039,female,21,Canada,5,5,5,4,4,3,4,4,5,3,2,4,5,5,5,1,4,5,5,4,5,5,3,3,2,4,5,5,5,3,4,5,5,4,3,4,5,5,4,4,4,4,5,5,5,5,5,5,4,5,5,5,5,3,2,2,5,4,5,5,4,5,5,4,4,3,5,5,3,5,2,4,5,5,5,1,4,5,5,3,4,5,4,5,3,1,5,1,5,3,4,5,5,5,4,1,5,5,5,2,4,1,4,5,5,4,4,4,3,4,1,2,3,5,2,4,5,5,5,1,4,5,5,5,4,4,5,5,1,2,2,3,4,5,5,2,3,2,3,4,5,4,5,5,4,3,5,5,5,4,2,2,5,5,3,4,5,5,5,2,1,3,5,5,4,5,2,5,2,2,5,3,5,5,3,2,5,5,5,4,1,5,5,5,3,5,5,5,5,1,1,5,5,5,5,3,1,5,5,1,4,5,3,3,2,4,5,4,1,3,4,5,5,4,3,2,3,4,5,1,3,4,4,5,5,2,2,1,5,5,4,1,4,3,1,1,5,1,4,3,3,5,5,4,4,2,5,5,5,1,1,3,5,5,5,1,1,5,5,5,4,1,5,5,2,2,5,1,5,3,2,3,5,5,4,2,2,5,5,1,3,4,5,5,5,1,5,3,2,5,4,3,5,5,5,2,5,1,5,1,232.0,213.0,230.0,241.0,224.0
255063,male,22,USA,4,4,4,3,4,3,4,5,4,3,3,4,4,4,4,3,3,3,3,4,3,5,4,3,3,3,4,3,3,3,3,4,4,4,4,3,3,5,4,4,2,4,5,4,4,4,3,5,3,4,4,4,3,3,4,4,5,4,3,4,3,4,4,4,4,3,4,4,2,4,3,4,4,4,4,3,4,4,4,4,3,4,4,3,3,3,4,2,3,4,4,4,3,4,4,3,3,3,3,4,3,4,4,4,4,4,4,4,1,4,3,4,3,4,3,3,4,2,3,2,3,4,4,4,4,3,5,5,3,4,4,4,4,4,4,3,4,2,3,3,3,3,4,3,4,3,5,3,3,2,3,3,4,4,4,2,3,5,3,3,3,3,2,3,3,4,2,2,3,4,3,4,3,2,2,3,4,3,3,2,2,4,2,3,2,3,3,4,3,2,4,3,3,3,4,4,2,2,2,3,3,3,3,2,3,3,5,2,3,3,3,3,4,3,3,4,2,4,4,3,3,4,3,3,3,2,2,3,3,3,4,3,3,2,2,2,4,2,2,1,3,4,4,3,4,3,4,5,3,4,4,4,3,3,4,4,4,4,2,2,3,2,3,2,2,2,3,2,3,2,3,3,3,3,4,4,3,2,3,4,2,5,3,4,3,1,3,2,3,3,3,3,2,2,2,3,2,2,2,2,193.0,201.0,208.0,189.0,192.0
256075,female,21,USA,5,4,4,4,3,4,5,2,5,5,4,2,4,4,5,2,4,4,1,4,5,4,2,2,3,2,2,4,4,3,4,3,4,2,3,4,4,5,4,4,2,2,4,4,4,4,3,5,5,4,4,3,2,2,3,4,4,4,5,2,4,4,5,2,3,4,4,4,4,4,4,4,2,4,4,2,4,4,5,3,2,4,2,4,2,4,2,2,5,3,5,4,5,2,4,4,4,3,2,2,3,2,4,4,4,4,3,4,3,3,4,3,3,4,2,4,4,4,4,3,5,4,3,3,3,4,4,4,4,3,2,3,4,2,4,2,3,4,4,4,4,2,5,5,4,4,4,4,4,4,4,2,5,3,3,4,4,3,5,5,2,2,4,5,4,4,2,4,5,5,5,2,2,3,2,3,4,2,4,2,4,4,5,2,3,4,4,2,4,4,2,2,4,5,4,4,2,5,4,5,4,2,2,4,4,2,4,2,3,4,4,4,2,2,4,4,4,2,5,4,4,4,4,4,3,2,4,4,4,4,4,1,2,3,4,4,4,2,4,4,4,4,5,2,4,2,4,5,4,4,2,2,4,4,4,2,2,2,4,5,2,2,2,4,2,4,5,2,4,4,2,4,3,4,4,5,3,2,3,4,4,3,3,4,4,2,3,4,4,4,4,4,3,4,2,4,5,2,4,2,214.0,194.0,205.0,218.0,214.0
257041,female,22,USA,4,5,5,4,5,4,4,5,4,3,2,5,3,5,3,1,3,4,3,4,4,4,4,3,3,2,4,3,3,3,2,4,3,3,4,4,4,5,3,4,3,3,3,3,3,3,3,4,3,4,3,3,3,3,3,2,4,5,3,3,1,4,3,3,3,3,4,4,4,3,1,4,4,4,4,1,3,5,3,4,4,4,4,3,3,2,3,2,4,3,2,3,2,2,4,1,3,3,4,3,2,3,3,3,3,3,4,4,2,3,2,2,4,3,3,2,4,5,2,4,2,3,3,2,4,3,2,4,2,3,2,3,3,3,3,2,4,4,3,3,3,2,3,4,3,2,4,3,3,4,3,4,2,3,4,3,5,5,4,3,1,5,4,4,3,2,3,4,3,3,4,2,4,3,4,2,3,5,5,4,3,4,4,4,4,4,4,2,4,3,1,5,3,3,4,3,3,4,3,2,2,5,4,4,4,2,4,4,2,4,2,5,5,5,5,4,3,5,5,4,5,5,5,4,4,2,2,3,4,5,3,3,4,2,4,2,4,4,3,3,4,5,4,4,5,2,4,5,4,3,3,4,4,4,4,2,2,4,3,4,4,4,4,4,4,2,4,3,3,3,2,4,5,5,5,3,4,5,5,2,3,4,3,4,4,2,4,4,3,5,3,5,5,5,4,3,5,5,3,3,221.0,201.0,216.0,203.0,188.0
257719,female,15,USA,4,4,4,3,4,3,5,4,5,4,4,5,4,5,3,5,4,3,2,2,3,5,5,1,4,1,5,3,4,3,1,5,5,2,5,4,5,5,3,5,1,5,5,5,5,4,4,5,5,3,5,5,1,2,3,4,5,1,1,2,2,4,5,2,4,4,5,5,5,5,4,2,4,5,5,3,4,5,5,5,3,5,4,1,2,5,5,4,2,1,3,4,2,2,4,3,2,3,5,5,2,3,4,5,3,1,3,4,5,3,4,5,2,3,3,4,4,1,5,1,4,5,4,2,4,4,5,4,2,4,4,5,3,1,4,4,5,1,4,3,4,4,2,3,4,5,4,3,5,2,4,5,4,3,3,4,2,5,5,5,1,4,4,4,4,5,1,1,1,3,3,5,5,4,2,1,4,3,5,5,3,4,5,3,2,3,2,5,5,3,4,2,5,3,4,4,3,1,2,5,3,1,2,3,2,2,5,2,3,2,3,3,4,2,2,4,3,4,5,4,2,4,3,3,4,4,1,3,4,3,3,2,4,2,3,3,5,2,4,2,4,4,2,3,4,3,4,5,5,4,2,5,4,5,2,2,2,5,3,2,3,5,3,3,3,3,4,2,4,1,3,4,5,2,2,4,3,4,3,5,2,4,5,5,3,2,2,2,4,3,4,5,2,2,4,1,5,3,3,2,199.0,208.0,224.0,210.0,194.0
258294,female,16,USA,4,4,4,4,4,4,3,3,4,4,3,4,2,4,4,4,4,4,4,4,5,5,3,2,4,2,3,5,4,4,5,4,2,5,3,4,3,5,3,3,2,4,5,4,4,3,4,4,2,4,2,4,2,3,4,4,5,2,5,3,2,4,5,4,3,4,5,5,3,4,2,5,3,5,5,2,3,4,4,4,4,4,3,4,3,2,3,4,4,4,4,4,4,4,4,2,4,4,2,4,2,5,4,5,4,3,4,4,2,4,5,5,4,3,2,4,2,1,4,2,4,5,4,3,4,4,5,4,2,4,2,4,2,5,2,2,4,2,2,2,5,3,4,5,4,2,4,1,5,2,2,3,4,4,4,4,5,4,5,4,4,4,3,4,4,2,2,3,3,3,3,2,4,4,2,3,4,3,4,3,2,3,2,3,3,2,5,4,4,2,2,3,2,2,4,4,1,3,3,3,4,2,4,3,1,3,4,3,2,2,4,4,4,1,2,4,4,4,5,5,4,4,3,4,4,3,2,3,2,4,3,2,3,3,4,2,4,3,4,4,4,5,2,2,2,2,4,5,4,4,2,4,2,4,4,4,2,4,2,3,4,4,3,5,2,3,4,2,3,4,2,4,4,2,4,2,4,5,4,4,4,4,4,5,4,3,4,2,4,4,3,5,2,3,2,4,2,1,5,2,199.0,209.0,212.0,207.0,200.0
259813,male,21,USA,4,2,2,4,4,4,1,4,2,3,2,4,4,4,2,3,4,4,3,5,4,4,4,4,2,4,2,1,2,3,2,2,2,4,4,4,2,5,3,3,2,4,4,4,4,4,4,4,2,4,4,4,4,4,4,4,4,1,2,4,2,2,2,4,4,4,2,4,4,3,2,3,4,4,5,4,4,4,5,5,5,5,5,2,3,2,2,1,3,4,4,4,3,3,4,2,2,4,4,3,2,4,4,4,4,4,4,4,2,4,4,1,5,2,3,2,2,5,2,4,2,4,4,4,4,4,4,4,1,4,4,4,5,4,2,4,4,4,4,4,5,4,4,2,4,4,4,2,3,2,4,1,4,4,4,4,2,5,2,3,4,4,4,4,2,3,2,4,1,5,4,2,4,2,2,2,4,4,5,3,2,2,2,4,3,4,2,5,4,2,3,2,4,4,4,4,3,4,2,4,4,4,4,2,2,2,4,2,2,3,2,3,2,4,4,4,1,5,2,3,4,2,4,4,4,2,2,4,4,4,4,4,4,2,4,2,4,2,3,2,2,4,4,4,2,2,2,1,4,2,2,2,4,5,5,2,2,5,2,2,1,4,4,5,2,2,3,2,2,3,2,2,2,4,5,2,2,3,5,2,2,2,4,4,4,2,2,3,2,4,2,2,4,5,4,2,3,1,1,1,192.0,201.0,181.0,192.0,196.0
259877,female,58,Netherlands,5,4,4,4,1,2,1,5,3,4,5,2,5,5,4,5,5,4,5,1,4,4,2,5,2,5,1,4,5,4,5,5,4,4,1,4,1,4,2,4,4,1,2,4,4,5,4,4,5,2,5,2,4,1,1,5,1,4,5,2,5,2,4,4,1,5,4,5,5,2,5,1,1,5,4,4,1,4,5,1,4,4,2,2,2,5,5,2,5,4,5,1,5,2,4,5,5,5,1,4,5,4,1,5,4,5,1,2,2,4,1,1,2,5,2,5,2,5,5,2,5,1,4,4,2,4,2,5,2,1,5,4,5,4,4,4,2,2,2,5,4,4,4,5,2,5,2,4,4,4,4,4,5,4,2,2,5,5,5,4,5,1,5,5,2,4,2,2,4,4,5,2,5,5,2,4,2,5,5,2,5,4,5,4,1,2,5,4,2,5,5,2,5,5,4,5,1,2,2,4,2,1,5,5,2,5,4,4,4,2,5,2,5,4,2,1,4,5,5,5,5,4,5,1,2,2,1,2,2,2,1,4,5,5,2,4,1,5,4,5,4,5,5,4,1,4,4,5,2,4,4,4,5,4,5,4,2,4,5,2,1,1,4,5,1,4,4,2,2,2,2,2,5,5,2,5,2,5,5,2,5,4,4,2,4,4,1,4,4,5,2,2,5,4,1,4,2,5,5,2,214.0,180.0,191.0,221.0,235.0
260562,male,61,USA,2,4,4,4,4,3,2,5,4,2,2,4,4,4,4,2,3,4,4,2,4,3,4,4,2,2,3,5,4,3,2,4,2,3,4,2,2,5,4,2,2,4,5,4,4,2,2,5,2,4,1,4,5,4,2,2,3,4,4,2,2,4,3,4,4,2,3,4,4,2,2,3,4,4,5,2,3,5,3,3,2,3,4,2,2,2,4,3,4,2,2,4,4,3,2,2,4,4,5,2,2,4,5,5,4,2,4,4,5,3,2,1,4,4,3,2,4,5,2,4,2,5,2,3,4,2,2,5,4,2,2,3,5,3,4,2,2,2,3,4,4,1,4,4,3,1,5,5,5,4,2,4,4,3,3,2,4,5,5,2,1,4,4,4,4,4,2,4,4,3,3,2,5,2,3,2,4,5,4,4,2,4,4,4,4,2,4,4,4,2,4,4,2,5,4,2,4,4,5,5,4,2,5,2,3,1,4,3,5,2,3,4,4,4,4,4,2,5,5,2,4,4,5,1,5,1,1,4,5,4,3,1,5,4,4,2,4,3,4,5,4,5,5,4,5,2,3,5,5,3,2,4,3,5,5,2,2,2,2,4,2,1,5,5,4,3,4,4,4,4,1,4,4,4,4,2,3,5,5,4,3,4,4,2,4,2,4,4,5,4,4,2,5,4,3,2,5,3,5,4,230.0,185.0,211.0,207.0,184.0
261115,female,20,Thailand,5,5,4,4,4,4,5,5,4,3,4,4,5,4,4,4,5,4,4,4,4,5,4,3,4,4,4,5,3,4,5,4,4,4,4,4,4,5,4,5,4,3,5,4,4,4,4,5,2,3,3,5,4,2,3,4,5,4,5,5,4,3,5,4,4,4,4,4,2,4,2,4,5,5,2,1,3,5,4,4,4,5,3,4,3,3,4,2,4,3,3,4,3,2,3,2,4,5,3,3,1,2,4,5,5,3,3,4,3,3,1,4,4,2,4,2,4,1,5,5,4,4,3,4,4,2,5,5,1,4,2,4,4,4,4,2,3,2,3,4,5,2,4,3,4,4,4,1,4,3,2,4,4,4,4,2,4,5,5,2,2,2,5,1,4,2,1,4,2,2,1,2,4,4,4,2,4,3,4,3,1,4,3,4,4,3,3,4,3,4,3,2,3,4,3,3,3,2,3,4,3,4,3,1,4,3,3,3,2,2,3,4,4,1,2,2,3,4,2,3,4,3,3,4,3,2,2,2,3,4,2,3,3,2,2,3,5,3,3,3,2,4,3,3,4,1,5,5,1,3,2,4,3,2,3,3,3,5,3,3,4,4,3,3,4,3,5,3,3,4,2,2,2,3,4,4,3,5,3,3,2,2,4,5,3,2,3,3,3,1,3,5,4,2,4,3,2,2,5,3,206.0,207.0,201.0,201.0,198.0
261273,male,23,USA,5,4,3,2,4,5,2,4,5,5,5,5,5,4,4,2,5,5,3,5,4,5,5,3,4,1,2,3,1,5,5,4,3,3,5,5,5,5,4,4,1,5,4,4,4,5,5,5,1,5,5,5,5,1,4,2,3,5,4,4,4,5,4,2,4,5,5,5,1,5,5,5,5,4,5,1,5,5,1,5,5,5,5,2,5,5,1,4,5,3,5,5,4,4,4,4,5,2,1,4,1,5,5,4,4,1,5,5,1,5,2,2,5,4,3,4,5,5,4,4,5,4,3,4,5,4,3,5,1,4,5,5,5,4,1,2,5,4,1,5,5,2,5,1,5,5,4,3,2,4,1,4,5,4,5,5,5,5,5,5,4,5,2,2,4,1,3,5,4,5,4,2,3,1,4,1,4,4,5,3,4,4,2,2,4,5,5,2,1,5,5,5,1,2,4,1,4,5,5,5,2,2,5,1,4,1,5,2,5,2,4,5,2,1,5,5,3,5,2,5,4,5,5,2,3,2,4,1,3,5,2,2,4,2,3,2,4,4,1,4,1,4,2,1,5,1,4,4,2,5,2,5,5,3,4,2,4,5,5,5,2,1,5,4,4,1,5,2,1,2,1,2,4,5,5,4,4,5,4,5,2,2,2,4,4,1,5,5,5,5,2,5,5,3,5,1,5,2,1,1,239.0,231.0,217.0,188.0,213.0
262844,female,20,Ireland,5,5,4,4,5,3,4,4,4,4,4,4,5,5,4,2,5,4,2,5,3,5,5,3,3,3,3,3,3,5,4,4,4,3,5,3,4,5,4,3,2,4,4,4,5,4,5,5,1,5,3,4,2,2,3,4,5,4,4,4,3,5,4,4,4,3,5,5,3,3,3,5,4,4,5,1,4,5,5,4,4,4,4,2,4,3,4,3,4,4,4,5,4,5,4,2,5,5,4,3,2,4,3,4,4,2,3,4,3,4,4,3,5,3,4,5,3,5,4,5,4,5,4,4,5,3,5,5,2,4,4,4,4,4,5,3,3,3,3,4,5,1,5,2,4,4,5,5,5,5,3,5,5,3,3,3,3,5,5,3,2,4,4,3,3,3,3,3,3,5,3,2,4,3,4,3,3,5,4,3,3,2,3,3,4,3,3,4,3,3,3,5,4,4,5,2,2,3,4,5,4,4,5,3,3,4,5,3,3,3,4,5,5,3,4,2,5,5,3,3,3,5,5,1,3,2,2,2,3,5,2,1,3,3,4,3,4,4,3,2,5,4,4,3,5,3,5,5,3,3,2,4,4,5,5,2,2,4,2,4,2,4,5,4,5,4,4,3,3,3,2,4,4,5,4,4,2,5,5,4,3,4,5,5,4,1,3,3,2,4,4,5,3,3,2,3,4,2,2,3,229.0,227.0,225.0,208.0,215.0
263582,male,22,Norway,2,3,3,4,4,1,2,4,4,4,2,3,2,3,4,2,3,5,5,2,1,4,5,1,2,1,3,4,3,4,2,2,3,3,3,2,1,5,3,2,1,4,4,3,5,2,1,4,4,4,2,3,4,1,3,1,5,2,4,5,2,4,4,4,3,2,3,5,5,4,1,3,2,2,5,3,3,4,5,4,2,3,5,1,3,2,5,3,5,4,2,3,5,3,4,1,3,3,5,4,1,2,5,4,4,3,2,3,5,2,2,1,3,3,2,2,4,2,3,4,2,4,3,4,5,1,2,5,2,2,1,3,5,2,4,4,3,3,3,3,3,2,5,2,2,3,5,5,3,4,2,2,5,5,4,2,3,3,5,4,1,2,3,3,3,2,2,4,5,3,2,3,5,2,2,2,5,5,5,3,1,4,4,3,3,1,4,3,5,3,1,3,3,4,5,2,1,4,5,5,2,4,4,2,4,1,5,3,5,4,2,3,4,2,3,3,1,3,4,4,2,3,3,4,4,3,2,5,5,3,2,1,5,3,2,2,4,4,2,3,2,4,4,3,4,2,3,3,5,4,1,3,4,5,5,3,2,4,5,3,3,4,5,4,2,3,4,3,3,4,3,4,5,5,5,2,3,4,5,3,3,2,5,4,4,2,4,5,5,4,3,4,4,4,2,3,5,4,4,1,218.0,183.0,189.0,198.0,177.0
264649,male,21,Norway,4,5,5,4,3,3,5,4,2,4,3,4,5,4,4,4,3,5,4,4,4,5,4,1,4,3,1,5,3,3,4,4,4,4,4,3,5,5,4,3,3,4,5,4,3,2,2,5,3,4,4,4,4,3,2,4,5,4,4,2,3,5,5,4,3,3,5,5,3,4,3,4,4,5,3,1,2,3,5,4,4,5,4,2,1,3,3,4,3,3,3,5,5,4,4,2,4,3,2,3,4,4,4,5,2,1,4,4,2,4,3,5,4,4,4,3,4,5,4,3,4,5,5,5,4,1,3,5,1,4,4,3,5,4,4,2,4,2,2,4,5,4,5,2,4,5,5,5,4,4,2,5,5,4,3,2,2,5,2,3,3,2,2,2,2,3,2,5,5,4,2,4,2,4,2,2,5,4,5,2,2,4,4,4,4,5,5,4,2,4,3,5,5,4,3,3,2,4,5,5,4,4,5,3,2,2,5,2,5,4,3,5,5,2,3,2,4,5,3,3,3,5,5,2,4,1,1,1,5,4,4,1,2,2,2,2,5,3,5,1,1,4,3,2,4,2,3,5,3,4,2,4,3,3,3,2,2,4,2,2,4,3,4,3,3,2,4,2,2,3,1,4,4,5,2,2,2,5,3,4,4,5,5,5,3,3,3,5,4,4,3,5,5,2,2,2,1,5,4,1,228.0,200.0,209.0,200.0,206.0
265067,male,19,USA,2,4,5,3,4,2,5,5,4,2,3,4,5,4,2,2,2,5,5,4,3,5,4,1,1,1,3,3,4,2,2,4,5,3,5,4,5,5,2,1,1,2,2,1,3,4,5,5,4,2,5,5,5,5,2,2,5,2,4,1,1,4,5,2,4,2,5,5,2,1,1,4,1,1,5,1,4,5,4,5,5,5,5,1,1,1,4,3,2,2,2,4,5,4,2,1,2,4,4,1,1,4,5,2,3,1,4,4,1,2,5,5,4,4,2,4,5,4,2,1,4,4,5,4,4,1,4,5,1,2,4,4,5,1,3,1,5,4,2,2,4,5,5,2,4,4,5,3,4,1,2,2,4,4,4,4,3,5,3,2,1,4,5,3,2,1,1,5,4,4,5,5,5,2,1,1,5,5,4,1,1,5,5,2,3,2,2,5,4,2,4,5,5,4,3,2,4,5,4,4,5,5,5,2,4,2,5,4,5,1,2,4,4,2,3,2,5,5,2,2,2,4,5,3,2,2,1,5,2,3,5,5,4,2,1,2,5,4,2,1,2,3,5,2,5,2,5,5,5,1,1,5,5,3,2,2,3,5,5,1,2,5,5,5,1,2,5,3,4,1,2,3,1,5,2,2,2,1,4,2,3,4,5,4,3,2,4,5,4,2,5,5,5,2,3,2,5,2,3,1,214.0,176.0,213.0,179.0,193.0
265298,female,21,USA,4,3,5,5,4,2,2,3,5,4,3,3,5,4,5,4,3,3,4,4,4,3,5,3,2,4,3,5,3,5,3,3,5,4,4,1,2,5,5,1,1,3,4,4,3,4,2,3,4,4,2,2,5,1,4,4,4,3,5,4,4,3,5,4,3,2,4,4,4,5,2,4,4,4,4,4,2,5,5,3,4,4,5,2,2,3,5,2,4,2,4,3,5,2,2,2,4,5,4,4,1,4,4,5,4,2,4,5,3,4,2,1,5,2,2,1,2,4,5,2,4,4,5,4,4,2,4,5,4,4,2,4,5,4,5,4,4,2,2,4,5,2,5,2,4,5,4,5,5,4,4,5,5,4,4,2,4,5,5,2,1,4,5,2,5,2,2,2,5,5,4,2,5,2,2,4,4,3,5,3,2,3,5,4,3,2,4,4,3,1,2,4,5,5,4,5,2,4,4,5,3,2,5,2,2,1,5,1,4,2,4,5,5,2,5,2,2,4,5,2,4,5,5,5,5,4,1,1,4,5,2,1,4,2,4,3,4,3,4,4,5,5,5,4,5,4,3,5,4,4,2,4,5,5,5,4,2,4,5,4,5,2,5,4,2,2,5,2,4,4,4,5,5,5,5,4,2,5,5,4,2,4,5,5,4,2,4,4,2,4,4,4,5,5,3,4,5,1,3,2,240.0,205.0,205.0,223.0,206.0
265585,female,37,USA,4,1,5,3,4,3,1,5,5,5,2,2,4,3,4,3,2,1,4,4,4,3,3,5,4,3,2,5,3,4,4,1,4,2,3,4,1,5,4,4,2,1,2,3,5,3,1,4,5,4,1,1,2,4,5,5,3,2,4,4,4,1,5,1,4,3,1,2,5,5,2,1,5,1,3,5,3,3,3,5,2,2,4,4,5,4,1,4,2,5,3,1,5,3,5,2,1,5,5,5,2,1,4,2,5,5,1,3,2,3,1,1,3,5,4,3,1,5,2,5,3,1,1,3,2,2,1,4,4,5,1,2,4,1,5,5,4,1,2,5,5,1,5,2,5,3,5,5,2,5,3,1,5,4,4,4,1,5,5,5,2,1,2,1,4,3,2,1,4,5,2,1,3,2,4,4,4,5,1,5,3,1,5,2,2,2,1,3,3,5,3,2,3,2,5,4,3,1,4,5,1,2,4,2,3,3,2,4,5,4,3,1,5,3,4,3,1,4,2,5,2,3,3,4,5,5,2,1,2,3,2,1,3,2,5,2,2,4,2,5,4,2,5,2,4,2,1,1,5,5,2,1,2,4,5,5,2,3,5,5,1,2,3,5,4,3,3,3,3,5,5,1,4,4,5,3,1,5,5,5,3,4,1,2,5,3,4,1,1,4,2,3,2,5,2,2,2,5,1,5,219.0,190.0,147.0,196.0,187.0
266515,male,31,USA,3,3,4,3,4,2,2,4,4,4,1,2,3,3,4,4,2,3,2,2,4,3,3,4,1,2,3,3,3,4,2,4,3,3,4,2,1,5,4,2,1,1,4,4,4,4,2,4,4,4,2,4,4,3,4,2,4,4,4,4,3,4,4,3,2,2,5,5,1,5,2,4,1,4,2,3,2,5,5,2,3,3,5,2,3,2,5,3,4,2,4,4,4,4,3,1,2,2,3,4,2,4,5,3,4,4,2,4,2,4,3,1,4,2,3,4,5,5,2,4,4,5,4,4,3,1,2,5,3,2,1,2,5,4,5,3,4,2,3,3,4,1,5,2,2,3,5,3,5,5,2,3,5,5,2,2,2,5,5,5,1,2,3,5,4,3,2,2,5,4,5,1,4,2,3,4,5,4,5,4,2,3,4,4,4,1,2,4,4,3,4,2,4,5,4,5,2,2,5,5,3,5,5,1,2,2,5,2,5,4,2,3,4,2,5,2,1,5,4,5,2,5,5,4,3,4,2,2,5,4,2,2,5,1,2,2,4,3,3,4,4,4,5,3,5,3,2,3,4,4,2,2,2,4,5,5,2,3,4,2,1,5,4,4,3,3,4,2,3,5,2,2,4,5,4,4,1,4,5,4,3,4,5,3,4,3,3,3,4,4,3,4,4,4,1,5,5,1,3,5,219.0,186.0,203.0,189.0,195.0
267253,female,19,Thailand,4,2,5,4,5,2,5,5,4,5,2,5,4,4,5,1,1,4,1,5,4,5,2,1,2,2,5,5,4,5,4,4,1,2,5,2,4,5,5,5,1,2,5,5,5,1,4,4,4,5,5,4,5,1,4,1,2,4,4,5,4,5,5,2,4,2,5,5,5,4,2,5,1,5,5,4,4,5,5,2,5,5,4,1,2,1,4,1,5,4,2,4,5,2,5,2,2,5,2,5,2,2,4,5,5,2,2,5,2,5,1,2,4,2,2,2,4,1,2,5,4,4,2,4,4,1,4,5,1,5,4,5,5,5,5,2,4,2,4,4,5,3,4,1,4,5,5,5,4,2,4,4,4,5,5,2,4,5,4,4,1,2,4,4,4,4,4,5,2,4,1,2,4,4,2,1,5,4,5,2,1,5,4,2,4,2,4,5,5,4,2,4,2,3,5,1,1,5,5,4,4,1,1,2,2,2,2,2,5,2,4,5,5,2,5,1,2,5,4,4,2,2,2,5,4,2,1,2,4,5,1,1,4,2,1,1,2,2,4,4,1,5,4,2,2,1,2,4,1,2,1,4,3,4,5,2,2,5,3,2,2,4,2,4,2,2,5,1,4,5,1,4,5,2,4,4,2,5,4,4,1,1,4,4,5,2,4,4,5,5,2,2,2,4,4,1,5,1,4,2,209.0,224.0,195.0,201.0,170.0
267382,female,44,USA,4,4,3,5,5,4,4,3,5,5,1,4,5,5,5,2,4,3,4,4,1,4,4,3,4,3,4,4,4,4,1,4,2,5,4,4,4,4,5,5,1,4,4,4,5,2,4,5,2,5,2,5,3,4,4,2,4,3,4,4,2,4,3,5,5,3,4,4,4,4,1,4,4,4,5,2,4,4,5,4,3,4,4,4,4,1,4,2,4,4,3,4,4,4,4,2,4,5,5,4,1,2,5,5,5,4,4,4,2,4,1,4,4,5,4,2,4,4,3,5,2,4,3,5,4,4,4,5,5,4,2,4,5,5,5,2,3,4,4,5,2,1,5,5,5,2,5,4,5,5,3,4,5,4,4,4,3,4,5,4,1,5,5,5,5,3,4,4,3,4,2,2,2,5,4,2,5,4,5,5,2,5,2,5,4,4,4,4,5,5,1,4,4,5,5,3,4,4,5,4,2,5,4,4,5,2,4,1,2,4,2,5,4,5,5,3,4,4,5,5,1,4,5,5,5,4,4,4,5,5,5,2,2,3,5,2,4,2,4,4,5,2,2,4,4,3,4,4,5,4,1,2,4,5,5,4,4,4,5,5,2,1,4,5,5,2,4,1,5,5,1,5,4,5,5,2,2,5,5,5,1,4,5,5,5,1,4,4,2,5,2,1,4,5,4,3,5,3,2,2,239.0,240.0,230.0,225.0,187.0
269244,male,40,Netherlands,1,5,5,4,5,2,4,4,4,4,1,5,5,5,4,1,4,5,4,5,1,5,5,1,5,1,4,4,5,5,1,5,4,4,5,2,5,4,2,1,1,5,5,5,5,1,4,5,1,5,1,5,5,2,5,1,4,5,5,2,1,5,3,4,5,2,5,4,5,2,1,5,5,5,5,1,5,5,1,5,1,5,5,1,5,1,4,3,3,5,1,5,2,4,5,1,5,3,5,2,1,5,5,5,4,1,5,5,2,5,1,5,5,2,5,1,1,5,3,5,1,5,3,4,5,1,5,5,3,2,1,5,5,4,4,1,5,5,2,5,5,1,5,2,5,1,5,5,5,5,3,5,5,5,5,2,5,4,5,5,1,5,1,5,4,1,2,5,1,5,5,1,5,1,5,1,5,4,5,5,1,5,4,4,5,5,5,5,1,5,1,5,2,5,5,1,2,5,5,5,1,4,5,1,5,1,4,2,4,5,1,5,5,5,5,2,5,5,5,5,1,5,5,5,5,5,2,5,5,5,1,5,5,1,5,1,5,4,5,5,1,5,2,5,5,1,5,5,5,2,1,5,2,5,5,1,5,5,4,5,1,5,5,5,5,1,5,2,4,5,1,5,5,5,5,3,5,4,5,1,1,5,5,5,5,1,5,5,4,5,1,4,5,1,5,1,4,5,5,5,261.0,240.0,239.0,202.0,167.0
269483,female,19,USA,5,4,4,3,4,4,2,5,5,4,4,3,5,4,4,4,4,4,3,4,2,4,3,4,4,4,4,5,4,4,4,4,5,5,4,4,4,5,3,4,2,4,5,4,4,4,3,4,5,5,4,4,4,4,3,4,4,3,5,4,4,2,4,4,3,4,4,5,3,4,4,3,5,5,4,4,4,5,5,4,3,4,4,4,4,4,5,3,4,3,4,3,4,4,4,4,4,5,5,3,3,4,3,5,5,3,4,4,3,5,2,2,4,4,4,4,2,4,5,2,4,4,3,5,4,4,4,5,3,4,4,4,4,5,5,4,4,3,3,4,3,1,4,5,4,5,5,4,5,3,4,3,4,4,4,4,4,5,5,2,2,4,5,5,4,3,1,4,3,4,4,3,5,3,4,2,4,5,5,5,2,2,4,4,3,4,4,5,5,5,4,4,5,4,4,4,2,4,3,3,3,4,5,4,5,2,4,4,4,3,4,4,4,4,3,4,3,5,5,3,4,4,5,5,5,3,1,3,4,4,3,2,4,2,4,2,4,4,4,3,4,4,4,4,4,2,2,4,5,4,2,2,5,5,5,3,2,4,4,5,4,4,5,4,4,2,4,3,4,3,2,4,4,5,4,4,3,5,5,4,3,4,5,5,4,2,4,3,4,2,4,4,4,4,4,2,4,1,4,2,234.0,230.0,216.0,236.0,227.0
269605,female,28,USA,4,3,3,4,5,5,2,2,3,3,4,4,4,3,4,2,5,5,2,4,5,3,3,2,1,4,2,2,3,3,2,2,3,3,5,5,3,5,3,1,3,4,5,5,5,3,5,3,2,4,4,3,2,2,2,5,4,3,5,2,3,4,3,3,3,5,4,4,4,2,3,4,3,5,3,3,4,5,2,3,4,3,4,3,1,3,3,1,3,3,5,4,4,3,3,4,4,3,4,2,2,5,4,5,5,4,5,4,1,3,3,3,3,2,3,5,2,1,5,2,5,4,3,4,5,5,4,4,3,2,5,4,4,4,3,3,4,3,3,4,5,2,3,4,3,4,4,2,5,2,5,5,4,3,5,5,3,3,5,2,2,4,5,5,4,4,1,5,3,4,4,3,3,2,2,5,3,3,4,3,4,2,3,4,3,5,2,3,3,1,3,4,5,5,5,5,4,4,2,4,4,3,4,2,2,2,4,3,2,3,4,4,4,2,4,5,5,4,5,2,4,5,5,3,4,4,1,3,3,4,4,1,4,2,2,4,5,1,4,3,4,4,3,3,4,4,3,5,5,5,2,3,5,4,5,3,3,3,3,4,5,1,3,2,3,4,4,1,2,2,3,3,4,5,4,5,3,3,5,2,2,5,5,5,4,1,4,4,1,2,5,5,2,3,3,4,4,1,3,2,189.0,203.0,213.0,204.0,222.0
274291,male,31,USA,1,4,3,3,4,2,2,4,3,3,1,4,2,4,2,2,3,5,4,3,2,4,4,3,1,2,2,2,3,3,2,3,2,4,4,3,2,4,2,2,1,4,4,2,3,3,4,5,5,4,4,3,4,4,2,1,5,5,4,3,1,4,2,3,4,2,4,2,3,1,1,4,3,4,3,4,4,4,4,4,4,4,4,2,1,2,2,4,3,2,2,4,4,4,3,1,3,3,3,3,1,4,2,4,3,3,4,5,2,3,2,2,4,4,2,2,5,5,2,3,2,4,2,4,4,2,3,5,3,2,1,4,3,3,3,2,3,4,2,3,3,2,4,2,4,2,5,3,3,4,2,3,2,5,4,3,3,4,4,2,1,4,2,4,2,2,2,5,5,4,4,2,5,2,2,2,5,3,4,3,1,4,2,4,4,2,4,4,3,2,2,4,2,4,4,4,3,5,5,4,4,3,5,1,3,2,5,4,5,2,2,5,3,4,5,2,3,3,3,4,1,4,4,5,4,2,2,3,5,5,4,2,5,2,4,2,5,4,2,4,1,5,4,4,5,2,4,2,5,4,1,2,3,5,4,4,3,5,4,5,4,5,5,5,4,2,4,3,2,4,2,4,4,5,5,2,2,4,5,4,2,3,4,5,4,2,4,5,4,4,4,4,4,4,1,2,5,2,3,1,220.0,182.0,200.0,185.0,181.0
274317,male,34,USA,4,5,5,4,5,1,3,5,2,3,3,5,4,3,4,1,4,5,3,4,2,3,5,3,2,2,3,1,3,5,3,4,3,4,5,1,5,5,4,3,2,4,4,4,5,2,4,5,3,4,2,3,5,2,4,1,4,4,4,5,1,4,3,4,5,1,2,5,5,4,3,5,5,4,2,2,4,5,3,4,4,3,5,1,3,1,4,2,2,4,1,4,3,4,4,2,2,5,2,3,1,4,5,4,5,3,5,5,1,5,2,3,5,4,3,2,3,5,2,3,4,4,3,4,5,1,3,5,1,3,2,4,5,3,4,2,5,4,3,4,2,2,5,2,4,2,3,1,4,3,2,2,5,4,5,5,4,5,4,3,3,5,4,2,3,1,2,4,3,5,2,2,5,2,4,1,3,3,4,2,3,4,2,2,4,1,4,5,2,2,3,4,4,4,5,3,4,4,5,4,2,4,5,2,4,1,5,3,2,2,2,4,5,2,5,5,3,5,4,2,4,5,5,4,4,2,4,4,3,3,2,2,5,1,4,2,4,2,3,4,4,4,2,3,5,1,4,5,2,2,2,3,3,5,3,2,4,5,2,4,4,4,5,2,5,3,4,2,2,3,1,3,5,4,4,4,2,5,4,2,2,5,4,4,3,1,5,4,2,4,4,5,5,3,5,1,5,2,2,2,217.0,212.0,210.0,193.0,178.0
275411,female,27,USA,5,1,5,1,5,3,1,5,4,4,4,5,5,3,4,2,4,2,1,4,3,1,5,5,2,5,1,1,2,4,5,1,5,2,5,4,1,5,2,1,4,5,5,4,4,5,2,1,4,4,2,1,5,4,4,1,1,2,4,4,5,1,5,1,4,4,2,5,5,5,4,5,3,4,4,5,4,5,5,5,2,2,4,3,4,4,1,1,4,5,5,2,5,2,4,3,3,3,1,4,5,5,5,4,4,5,5,4,1,4,3,1,5,4,2,4,2,5,4,4,5,1,3,1,4,2,1,4,2,5,4,5,5,4,5,5,5,1,2,5,4,1,5,3,5,4,3,1,4,5,4,2,5,1,5,4,1,5,4,2,4,4,3,4,5,3,4,1,5,5,2,1,4,4,3,1,2,2,4,5,5,1,5,1,4,2,1,5,2,1,2,2,2,4,4,4,2,1,5,5,4,2,5,4,3,1,4,1,2,5,1,2,5,1,5,4,1,5,4,1,4,4,5,3,4,2,4,1,3,4,3,1,4,2,4,2,3,1,4,5,5,4,5,1,4,2,5,2,3,4,4,1,4,5,5,5,4,2,5,4,2,5,5,5,4,2,3,1,2,4,4,2,5,2,5,4,2,4,5,3,5,4,4,5,5,2,4,1,2,5,4,2,5,5,2,1,2,1,2,5,215.0,205.0,173.0,196.0,217.0
276559,female,17,USA,2,3,4,4,5,1,3,5,5,4,1,4,4,5,5,4,3,3,4,5,2,4,4,1,2,1,3,1,2,3,3,3,4,5,5,1,2,5,5,2,1,5,4,4,5,4,3,4,5,3,1,4,4,3,4,2,5,3,4,3,2,4,5,5,4,1,4,5,2,5,1,4,4,4,5,3,3,4,5,3,1,4,5,2,2,1,4,1,1,5,1,4,5,4,4,1,3,4,4,3,1,5,5,4,5,2,2,3,3,2,2,3,4,2,4,3,4,1,2,4,2,4,4,4,4,1,4,5,2,3,1,3,5,4,4,3,2,3,3,4,4,5,5,2,4,2,5,1,4,4,1,3,5,5,4,1,3,5,3,2,1,2,2,3,3,2,1,3,1,5,3,3,4,2,3,1,5,3,3,2,1,3,4,4,4,1,3,4,3,2,2,3,3,4,5,3,2,3,5,4,2,4,5,1,4,2,5,2,2,4,3,4,5,3,5,2,4,3,2,3,1,4,2,4,2,4,1,2,3,5,3,3,5,2,3,1,5,2,3,2,1,3,4,3,4,1,3,3,4,4,1,4,2,5,5,4,2,4,4,2,1,2,4,3,3,2,4,2,2,3,2,3,5,3,5,3,3,3,4,4,1,3,2,4,3,2,3,4,4,3,4,3,4,2,2,1,5,1,2,1,200.0,195.0,201.0,187.0,161.0
276726,female,17,USA,4,5,4,4,5,3,4,4,5,4,1,5,5,5,4,1,4,4,2,4,2,4,3,1,1,1,5,5,3,4,2,5,3,4,5,4,5,5,4,4,1,5,4,4,5,1,4,5,4,5,3,4,1,3,4,1,5,2,4,2,2,5,4,2,5,2,5,5,2,3,5,5,3,4,5,1,2,5,2,5,2,4,3,1,2,1,5,1,1,2,2,5,4,4,4,2,5,4,4,3,1,4,5,5,4,1,5,5,3,2,2,4,4,2,4,1,5,3,2,4,4,5,2,4,4,3,5,5,1,4,2,4,4,4,4,1,5,4,3,5,5,2,4,2,4,3,5,5,5,5,5,5,4,4,5,4,4,5,3,4,1,5,5,5,5,1,1,5,5,5,4,2,4,1,5,1,5,3,4,2,4,5,5,5,5,2,4,4,2,2,1,5,4,5,5,4,2,5,4,5,4,1,4,1,4,2,5,3,5,4,5,5,5,2,5,2,5,5,5,2,2,5,5,5,5,1,2,5,2,5,2,1,5,2,5,2,4,3,4,4,4,5,5,3,5,2,5,4,4,2,1,4,5,5,5,4,4,4,5,5,2,4,4,4,4,2,4,2,5,5,1,5,4,5,5,4,2,5,4,2,1,5,5,5,5,1,5,5,5,5,4,5,2,2,4,2,5,1,2,2,224.0,226.0,235.0,203.0,194.0
277387,female,16,USA,5,3,5,5,4,4,2,4,5,5,5,2,5,5,5,4,3,4,3,2,5,5,2,3,2,4,5,3,5,5,5,5,5,5,3,5,4,5,4,5,5,5,5,4,4,5,3,5,5,4,5,4,3,2,3,3,5,1,5,2,5,4,5,4,2,4,5,5,5,2,5,3,3,4,4,3,2,5,5,3,1,4,1,2,2,2,5,1,5,3,5,4,5,2,2,5,3,5,4,5,5,4,2,5,3,5,2,3,2,4,3,2,3,4,2,4,3,5,5,3,5,4,5,5,4,4,5,5,4,2,5,2,5,2,3,2,3,3,3,3,5,4,4,4,3,5,3,3,5,5,5,5,5,2,2,5,2,5,5,3,2,3,5,5,3,5,3,3,5,2,4,4,2,4,3,3,3,3,4,3,3,3,4,3,2,5,2,5,4,1,4,2,5,5,2,5,2,3,2,2,5,4,3,4,3,4,5,2,1,2,4,4,4,2,3,4,3,5,4,2,5,4,5,4,4,4,3,2,2,3,4,3,4,4,2,2,4,1,3,1,2,4,5,3,3,4,3,3,4,2,3,2,5,4,4,3,2,5,4,4,5,4,3,4,4,4,5,1,3,3,3,4,4,4,5,4,3,2,4,3,3,4,4,4,3,2,3,4,2,3,3,2,3,4,4,3,5,3,3,2,205.0,209.0,209.0,221.0,236.0
277513,female,25,USA,5,1,5,2,3,5,1,4,5,4,4,1,5,4,5,3,2,3,1,5,5,1,1,5,4,5,3,3,5,5,5,4,1,1,4,5,1,4,5,3,3,1,3,2,4,5,2,1,5,3,4,1,4,4,2,4,3,1,5,4,5,2,5,2,3,5,1,5,5,4,4,1,5,4,5,2,1,1,5,2,4,1,3,1,1,5,5,1,5,4,5,4,1,1,4,3,1,5,5,5,4,1,4,3,5,3,1,1,2,5,1,1,1,3,4,5,5,5,4,5,5,1,5,1,2,3,3,5,4,2,3,5,5,1,5,4,5,1,2,2,5,1,1,5,1,5,1,3,1,4,5,1,1,1,3,4,1,5,5,4,3,4,2,5,5,2,4,1,5,5,4,2,4,4,2,4,1,4,5,3,5,3,1,2,2,2,1,5,1,5,5,2,5,3,4,2,1,1,1,5,5,2,4,4,1,2,4,3,1,1,4,2,5,1,2,4,2,3,4,4,2,2,5,3,3,4,1,1,4,1,5,1,4,2,1,4,5,3,5,5,5,4,1,2,2,3,3,2,4,5,4,1,4,1,2,5,5,4,2,1,4,1,5,3,1,4,5,2,3,4,2,1,5,1,5,5,2,2,3,3,4,1,4,3,2,4,5,3,1,4,4,4,4,5,4,5,2,3,2,2,183.0,196.0,159.0,201.0,206.0
278261,male,21,Netherlands,4,4,5,5,5,2,3,2,5,5,1,4,3,4,5,2,5,4,3,4,1,4,4,2,4,1,4,1,1,5,2,4,3,4,4,2,4,5,2,5,1,4,4,5,5,3,4,4,1,5,1,3,4,3,5,2,5,3,5,4,2,5,1,4,4,1,4,5,5,2,1,4,3,4,5,1,5,5,5,3,1,3,4,2,4,1,3,2,5,1,1,5,3,3,4,1,4,5,5,4,1,3,4,4,5,2,4,4,3,5,1,2,4,5,4,2,3,1,3,5,1,4,2,4,4,1,3,5,2,4,1,4,3,5,4,2,4,5,3,4,3,1,4,4,4,2,5,3,5,5,2,4,5,3,3,3,5,5,5,5,1,4,4,5,4,3,3,4,5,4,2,1,3,4,2,2,5,3,5,5,2,5,1,4,4,2,5,5,5,5,1,3,3,5,5,3,3,4,5,3,4,2,3,5,4,2,2,3,3,4,2,5,5,4,5,1,5,4,5,5,2,5,5,5,5,2,2,5,5,5,3,1,3,3,3,2,4,1,3,3,3,5,2,2,5,2,5,5,5,1,2,2,3,5,5,3,3,5,3,4,1,4,4,5,3,2,5,1,3,5,2,5,4,5,4,2,2,4,5,1,3,4,5,5,5,1,5,2,5,5,1,5,4,4,5,2,3,2,3,5,219.0,225.0,218.0,201.0,174.0
278381,male,20,USA,4,1,4,3,4,2,1,1,3,5,4,1,2,3,4,4,4,4,4,3,1,5,2,5,4,3,2,3,4,4,2,2,4,3,3,4,1,5,4,4,2,2,2,3,4,3,4,3,4,4,3,4,2,5,4,3,4,4,4,4,3,2,3,4,4,2,2,3,3,5,3,2,4,3,5,5,3,3,4,3,4,4,2,4,2,3,3,1,2,4,4,2,4,3,3,3,3,1,3,3,3,2,3,2,3,4,2,3,3,3,1,1,3,4,2,4,3,4,3,4,4,2,3,3,3,2,1,4,2,3,2,2,4,3,4,5,4,2,3,3,4,4,4,2,3,3,3,3,2,3,5,2,2,3,4,2,1,2,3,4,3,1,2,3,2,5,1,3,3,4,2,3,2,3,2,3,3,2,3,2,2,2,3,3,2,2,2,1,3,5,3,2,3,2,4,5,1,3,4,4,4,3,1,3,2,4,2,2,3,3,3,2,4,2,4,2,1,1,1,5,3,1,2,3,5,4,1,2,4,3,4,4,2,3,2,2,3,2,2,2,3,2,4,2,2,2,1,1,4,4,3,1,3,4,5,5,2,3,2,3,1,5,1,3,2,3,4,2,2,3,3,2,3,4,3,5,2,1,4,5,3,2,2,4,3,4,3,2,2,2,1,4,1,5,2,3,4,3,2,3,171.0,183.0,161.0,187.0,174.0
279572,female,20,Thailand,5,3,4,3,4,5,2,3,5,4,4,4,4,5,3,4,3,1,4,5,4,5,2,1,4,5,5,5,3,4,5,4,2,5,4,4,3,5,3,3,1,4,4,4,3,5,4,5,5,3,5,5,5,2,3,4,4,4,4,5,5,4,5,5,5,5,5,4,2,5,5,5,5,4,2,3,3,5,4,5,5,5,3,4,3,4,5,1,1,4,4,5,4,1,5,5,5,5,4,5,1,4,4,4,4,1,4,5,2,5,4,5,4,4,3,3,4,4,5,1,5,5,5,5,5,5,5,4,1,3,5,4,5,5,5,5,3,1,2,4,5,4,5,1,3,5,5,2,4,2,4,2,4,5,5,4,5,5,5,4,2,5,5,5,3,2,1,2,1,5,3,1,2,1,4,1,5,5,5,4,2,2,2,5,2,3,5,5,2,1,3,2,3,2,4,4,2,3,4,5,2,4,2,1,5,2,5,1,4,3,5,5,5,2,5,5,2,4,1,2,2,5,5,3,2,2,1,1,2,5,1,3,2,2,1,1,3,3,4,2,2,4,4,2,2,2,2,4,2,4,2,5,4,5,5,4,3,3,4,4,4,1,2,3,3,2,3,1,1,1,2,3,5,3,2,4,4,4,3,4,1,2,1,4,5,1,4,1,3,4,3,3,4,1,1,4,4,1,5,1,198.0,211.0,202.0,216.0,212.0
279996,female,59,Sweden,3,2,4,2,4,2,1,1,5,1,3,3,2,3,4,3,2,5,3,3,3,3,4,5,3,1,3,1,5,3,1,2,3,4,3,2,1,3,3,2,3,3,4,3,5,3,3,5,5,4,3,2,3,5,3,3,2,4,4,5,1,4,1,3,3,1,4,1,5,1,1,3,1,4,4,2,3,2,5,2,3,1,3,3,3,2,1,4,4,3,1,2,2,3,3,2,3,1,5,1,4,4,2,4,3,4,4,4,5,2,3,1,4,3,3,1,3,5,4,5,2,3,2,3,4,2,1,1,4,2,1,4,3,3,3,4,3,4,3,3,2,3,3,4,3,1,3,5,5,4,3,2,2,3,3,4,2,2,5,4,1,4,3,4,2,1,3,5,5,2,3,2,4,4,4,2,3,3,5,3,2,2,3,4,4,2,2,3,4,3,2,2,2,3,4,4,4,5,5,2,3,3,3,4,3,2,1,3,5,1,2,3,4,4,5,3,2,2,4,2,3,4,3,4,5,2,3,4,5,3,3,1,3,2,4,3,3,4,3,4,1,4,2,2,3,2,2,5,4,3,4,1,3,4,5,4,4,2,3,4,1,1,3,3,4,3,2,4,4,5,3,2,2,5,4,4,2,1,5,2,4,3,3,4,4,3,4,4,3,5,1,3,3,5,3,2,2,5,5,4,189.0,183.0,168.0,209.0,163.0
280599,female,22,Canada,4,3,5,3,4,3,1,5,5,4,3,3,4,4,4,2,3,3,4,3,4,3,5,4,2,3,4,5,5,4,3,4,4,3,4,2,2,3,4,3,3,3,4,4,4,4,3,5,2,5,2,3,5,3,3,2,4,4,3,3,3,3,5,2,3,3,4,4,5,2,2,4,4,5,5,4,4,4,4,4,3,3,4,4,4,2,2,3,4,4,3,4,4,3,4,2,4,4,3,3,2,3,4,5,4,4,4,4,2,4,3,2,4,3,3,4,4,5,3,4,4,4,4,4,4,4,2,5,4,3,2,4,5,4,4,1,3,3,2,4,4,2,4,5,4,3,5,5,5,4,4,3,5,3,4,3,3,5,5,4,1,3,2,5,4,2,2,4,3,4,4,1,5,3,4,2,4,5,5,3,2,4,5,4,4,3,2,5,4,2,2,4,3,4,4,4,2,4,5,4,2,2,5,3,2,2,4,4,5,4,2,4,4,5,4,3,4,5,4,2,3,4,4,4,5,4,3,3,4,5,3,2,4,3,4,2,3,4,4,5,4,5,5,4,4,2,4,4,5,4,3,3,4,5,5,5,2,3,4,4,2,3,4,4,4,2,4,4,5,4,3,3,4,5,4,3,2,4,5,4,3,4,5,4,4,2,3,2,4,5,4,2,5,4,2,2,4,4,5,3,243.0,215.0,204.0,214.0,199.0
281846,female,24,USA,5,4,5,3,4,1,4,5,5,4,4,3,2,4,4,3,4,2,4,5,1,4,3,2,4,3,3,5,4,5,5,4,5,4,4,3,4,5,4,4,4,3,5,4,4,5,3,4,5,4,4,4,5,2,4,2,4,2,4,3,3,4,5,4,3,2,4,4,2,5,3,3,4,5,4,2,4,4,4,4,3,3,4,3,4,4,5,4,3,5,4,4,5,3,2,1,3,3,4,4,4,2,4,4,4,2,3,4,4,4,1,2,4,2,3,5,3,4,4,4,4,4,2,4,4,1,4,4,3,4,2,3,5,4,4,2,2,2,5,5,1,1,5,3,4,4,3,5,4,5,2,4,4,3,4,2,3,5,5,4,4,4,4,3,4,2,3,2,5,5,2,3,5,4,3,4,3,5,5,4,4,4,4,4,3,2,3,4,4,4,3,4,4,5,4,4,2,2,5,3,2,3,4,4,4,2,4,3,3,4,3,4,5,2,4,2,4,5,4,3,4,4,4,5,5,3,3,2,5,5,1,1,5,2,3,3,4,4,4,3,5,5,4,4,4,3,4,4,5,3,4,3,4,5,5,2,4,1,4,5,4,3,5,4,4,3,4,4,5,4,4,3,5,4,4,2,3,5,5,3,4,4,5,5,5,2,2,2,3,5,2,4,5,3,2,4,4,3,5,4,236.0,217.0,216.0,213.0,208.0
283155,male,17,USA,4,3,3,4,5,3,3,3,5,1,3,5,3,5,5,4,5,4,4,5,4,4,3,5,4,4,4,4,5,4,5,4,3,4,5,3,5,4,5,4,2,5,4,4,5,4,5,4,4,5,2,5,2,3,5,4,4,4,4,4,3,4,4,5,5,3,4,3,3,3,3,4,5,4,5,3,4,5,4,5,2,4,2,4,5,2,2,2,3,4,4,4,3,4,4,2,4,3,4,3,2,4,4,4,5,4,4,3,4,4,2,2,2,5,5,4,3,3,1,5,4,5,3,3,4,2,3,5,5,5,1,4,4,4,4,2,4,2,4,4,5,2,3,4,4,4,4,2,3,3,4,4,3,3,5,2,2,4,4,4,3,4,3,3,5,3,4,2,4,4,4,1,3,2,4,3,3,3,4,4,2,2,4,4,4,5,2,2,5,1,2,3,4,3,5,4,4,3,5,4,3,3,3,2,5,3,3,2,3,4,3,4,4,3,4,3,2,3,3,5,2,1,3,5,5,4,4,3,5,5,3,1,3,4,5,2,3,2,4,4,4,4,2,2,5,2,3,2,5,2,1,2,4,5,5,4,4,4,4,5,1,4,3,4,5,2,3,2,2,5,2,4,4,5,4,3,1,3,5,2,2,3,1,2,3,5,4,2,5,5,4,4,2,4,4,4,2,1,1,4,201.0,218.0,219.0,219.0,199.0
283586,male,19,USA,4,4,2,2,5,2,3,5,5,5,3,2,2,4,5,3,4,3,4,3,2,4,3,4,1,2,4,3,2,4,2,3,4,4,3,2,2,5,4,3,3,2,4,2,4,3,3,5,4,2,4,5,3,4,4,3,3,2,4,4,3,4,4,3,3,2,4,4,3,5,3,4,3,5,3,4,2,4,4,1,4,3,4,2,1,3,4,3,5,4,4,3,4,5,3,2,3,4,4,5,4,3,4,4,5,4,2,4,2,2,2,1,4,4,3,4,4,1,3,5,4,5,4,5,3,2,3,5,4,4,2,2,4,4,5,2,3,2,4,2,4,3,4,5,2,2,4,4,5,3,2,2,4,4,2,2,3,5,5,4,2,2,2,3,5,3,2,3,4,4,3,2,4,4,1,4,4,3,5,4,2,4,4,3,2,2,4,3,4,2,3,1,2,4,5,3,2,3,5,4,5,3,4,4,1,3,4,2,3,4,2,4,2,2,4,2,2,4,3,2,4,2,2,4,4,4,4,2,4,4,2,1,3,2,2,2,5,3,2,3,2,5,4,2,3,2,2,5,4,4,2,1,3,4,5,4,2,4,4,2,2,4,4,3,1,4,4,3,3,4,2,2,3,5,4,2,3,5,5,4,4,2,4,4,3,2,2,3,2,3,2,4,2,4,2,2,5,1,4,3,200.0,187.0,193.0,201.0,193.0
284756,female,27,USA,4,3,5,2,4,4,2,3,5,3,2,4,4,4,5,1,5,2,4,2,2,4,4,3,1,1,4,5,4,4,2,3,1,5,4,4,3,5,5,1,1,3,4,3,4,4,3,4,2,5,4,2,4,1,2,2,3,2,4,3,1,3,2,4,5,4,4,2,3,1,1,3,5,4,4,2,3,5,2,4,2,3,5,4,1,3,2,2,5,4,3,4,2,4,3,2,4,5,5,2,1,3,4,5,4,2,4,5,1,3,2,4,5,3,1,2,5,5,2,4,4,3,2,4,5,4,3,5,5,3,2,5,4,2,4,2,5,3,2,4,5,1,5,3,4,2,5,5,4,5,2,4,5,3,5,5,3,4,5,1,1,4,4,5,5,4,2,1,4,2,5,4,4,1,2,1,4,5,5,3,2,4,4,3,4,4,3,2,4,1,1,4,4,4,5,5,3,2,2,4,3,2,5,1,2,1,5,3,5,4,1,4,5,5,5,4,2,4,5,1,2,4,2,4,5,2,3,1,4,5,2,2,5,1,2,1,5,5,5,3,2,4,4,2,5,1,1,4,5,1,1,4,3,4,5,2,3,2,5,4,4,4,5,3,2,2,5,3,2,4,1,3,5,5,4,2,1,2,5,2,2,5,4,4,5,1,5,4,3,5,4,3,5,3,2,1,5,3,2,2,223.0,179.0,200.0,204.0,181.0
284946,male,32,USA,1,5,5,2,5,1,2,5,5,5,1,5,2,5,5,1,4,5,2,2,4,5,5,5,4,1,4,1,4,4,2,4,4,4,4,2,5,5,4,4,1,4,4,4,5,2,4,5,2,4,1,4,5,4,4,2,5,5,5,5,1,5,4,4,4,2,5,4,4,4,1,4,5,5,4,1,4,5,4,4,4,5,4,5,4,1,4,2,4,2,1,5,4,5,5,1,4,2,5,2,1,4,5,5,5,1,4,5,2,5,3,2,4,3,4,2,5,1,3,2,4,5,4,5,4,1,4,5,4,4,1,4,5,5,5,1,4,4,5,4,5,4,5,4,5,2,5,1,4,2,2,5,5,4,4,2,5,5,5,2,1,4,4,5,5,1,2,5,4,4,4,1,5,2,4,1,5,5,4,3,2,5,4,2,4,2,4,5,4,4,2,4,2,4,5,1,2,5,5,4,4,5,5,4,4,2,5,1,3,2,4,5,5,2,2,2,5,5,4,4,2,5,5,5,5,1,2,2,5,5,5,1,5,2,4,1,5,2,4,4,1,4,4,2,4,5,5,5,5,4,1,5,4,5,5,1,2,4,5,5,4,1,5,4,5,1,2,2,2,2,2,5,5,5,1,2,4,5,5,4,2,5,2,5,5,1,4,5,5,4,4,5,5,3,4,2,5,1,3,2,224.0,229.0,220.0,220.0,184.0
285257,male,18,Thailand,4,4,3,3,5,3,3,2,5,4,2,3,3,4,4,2,3,5,4,5,4,5,5,4,3,2,4,4,4,5,5,4,2,4,4,3,3,4,4,5,3,5,4,4,5,4,4,5,2,4,4,5,5,4,5,4,4,4,3,5,4,4,2,3,4,2,4,3,5,4,3,4,3,4,5,2,4,5,4,5,3,3,4,4,4,2,2,2,2,4,4,4,4,4,4,2,4,3,3,4,2,4,5,4,4,3,4,5,2,5,3,2,4,3,4,4,2,4,3,4,3,4,4,4,4,4,3,5,2,4,2,3,5,4,4,5,3,2,4,4,5,2,5,4,4,2,4,2,4,4,2,2,4,4,4,2,2,2,4,4,2,3,2,4,3,2,2,2,2,4,2,1,1,2,2,1,4,4,2,4,2,2,2,3,3,2,5,1,4,4,3,2,1,2,5,3,2,4,5,5,3,5,2,2,4,2,2,1,1,2,2,4,2,3,2,2,2,3,4,4,1,3,3,4,4,2,1,3,4,4,1,2,2,2,2,2,4,2,2,5,4,4,2,2,3,2,2,2,4,4,2,3,3,4,4,2,2,5,4,2,3,2,4,4,3,2,3,2,1,4,2,3,2,3,4,2,2,3,4,3,3,3,4,4,4,2,2,2,3,4,2,2,4,3,4,1,2,4,2,2,190.0,199.0,190.0,204.0,186.0
286099,female,36,USA,5,5,4,2,4,4,4,4,5,4,4,3,3,5,5,2,3,4,4,4,2,5,3,2,4,4,5,2,4,3,3,5,4,3,3,3,5,5,5,5,3,3,4,4,5,5,4,5,4,5,3,5,4,4,3,4,5,2,4,4,3,5,4,2,3,4,5,5,2,3,4,4,3,5,4,1,3,5,4,4,3,4,4,3,4,2,5,1,4,3,4,5,4,3,4,2,4,5,5,4,2,4,3,5,3,3,3,4,4,5,3,5,3,4,4,2,4,3,3,3,3,5,4,3,4,3,5,5,4,4,4,4,5,4,5,2,4,3,3,4,4,3,4,5,4,4,5,1,5,3,4,4,4,3,3,5,3,5,5,4,4,3,4,5,5,3,2,3,2,5,3,4,5,3,4,3,4,4,4,3,3,5,4,3,3,4,3,5,4,5,4,4,5,5,5,4,2,4,4,4,4,5,4,3,2,2,5,1,3,3,2,5,4,2,4,3,4,5,4,4,3,3,4,5,4,2,1,3,5,5,3,3,3,2,3,3,5,2,4,2,5,4,4,3,4,3,4,5,5,2,2,3,4,5,3,4,3,5,3,4,4,5,4,4,4,3,5,2,2,4,2,3,3,3,5,4,2,5,5,3,3,3,4,5,4,2,3,3,3,4,4,4,4,3,3,3,4,1,3,2,220.0,224.0,232.0,222.0,206.0
286137,female,56,USA,4,2,5,4,5,4,1,5,5,5,4,4,4,4,2,1,4,5,5,3,4,5,5,5,3,2,3,1,4,2,1,3,5,4,3,4,4,5,2,4,4,4,3,5,5,2,4,5,3,4,1,4,5,3,2,1,4,5,3,2,2,4,4,4,3,2,4,5,4,4,3,3,3,4,5,2,5,5,5,4,4,4,4,2,4,2,4,3,4,2,2,4,3,3,3,1,3,5,5,4,4,3,5,5,5,3,4,5,3,3,3,1,2,4,3,1,4,5,1,3,4,5,3,5,4,3,5,5,3,4,3,4,5,3,5,3,4,4,4,4,5,1,5,5,4,3,5,2,4,3,3,2,5,4,4,4,2,5,5,3,2,4,2,4,5,3,4,4,5,4,4,1,5,4,4,2,4,3,3,2,3,3,4,4,3,4,4,5,3,5,1,4,4,5,5,2,2,5,5,5,4,5,4,4,5,2,5,2,5,4,3,3,4,4,4,2,3,5,4,5,3,4,5,5,5,4,2,2,5,1,4,1,5,5,5,2,4,4,3,5,4,5,4,4,4,2,3,4,5,3,2,2,3,4,5,4,1,5,5,4,1,3,4,5,5,5,5,2,3,5,2,3,4,5,5,3,1,5,5,2,4,4,4,4,5,1,2,2,4,5,5,5,5,5,3,2,4,1,4,2,244.0,200.0,223.0,221.0,201.0
286509,female,31,USA,5,2,5,1,4,3,1,5,3,3,3,3,5,5,5,5,5,2,1,3,4,3,3,4,2,5,4,3,5,5,5,4,4,5,5,4,1,4,4,4,3,5,5,5,4,5,5,5,5,5,5,4,4,3,4,4,4,4,5,5,5,4,4,4,4,4,4,5,2,5,3,4,4,5,4,4,4,4,2,4,4,2,4,4,2,4,3,4,4,4,5,4,4,4,4,3,4,5,3,4,3,4,4,5,4,3,5,5,2,5,4,1,5,3,2,4,4,5,5,2,5,5,4,5,5,4,2,5,1,5,4,5,5,5,4,5,5,2,2,5,4,2,5,2,4,5,4,3,5,2,5,2,5,5,5,4,4,5,3,2,3,5,5,5,5,1,3,2,5,5,4,1,5,4,3,4,4,4,5,4,3,2,4,4,4,4,4,5,2,2,1,2,5,5,3,5,4,2,3,4,2,4,4,4,2,2,5,2,2,2,4,3,5,2,4,4,1,5,5,2,4,4,5,4,3,4,2,2,5,5,2,1,5,2,3,3,4,3,4,5,5,5,5,2,5,4,2,2,3,2,2,3,5,4,5,4,4,2,3,4,4,2,4,4,3,3,3,4,2,2,4,2,5,4,4,5,2,4,4,2,2,4,5,5,4,4,4,3,1,4,4,1,4,4,2,5,4,1,2,2,227.0,216.0,207.0,223.0,233.0
288208,male,28,USA,4,5,5,4,5,2,4,5,3,5,3,3,5,5,3,3,2,4,5,5,4,4,3,1,5,3,5,1,2,4,2,5,4,4,4,3,4,4,3,5,2,3,5,5,5,4,3,5,4,4,3,5,4,1,4,4,5,4,3,5,2,4,4,4,4,3,4,5,3,4,2,5,2,4,5,2,4,5,4,4,2,4,5,2,4,4,5,2,4,4,4,4,4,4,4,2,2,4,3,5,2,4,5,4,4,2,4,5,2,4,3,2,4,4,3,4,4,5,4,5,4,5,3,5,4,3,3,5,1,4,3,4,5,5,5,2,4,4,4,4,5,3,5,4,4,4,5,1,5,5,2,3,5,5,4,3,3,5,4,3,1,2,4,4,2,3,1,4,4,5,4,4,5,3,4,2,5,3,4,3,2,3,4,3,3,3,3,4,4,4,1,4,4,5,5,2,2,5,5,4,2,4,5,3,4,2,5,4,4,4,2,4,5,2,5,3,2,4,4,4,3,5,5,5,4,2,1,2,5,5,2,2,5,2,2,2,4,3,3,3,2,5,4,3,5,2,2,3,4,4,2,4,4,4,5,4,1,4,5,4,1,5,5,2,3,3,5,3,2,4,2,3,4,5,4,2,1,4,4,5,2,3,5,5,4,3,4,4,5,4,4,2,4,3,3,2,5,2,4,4,230.0,227.0,223.0,208.0,199.0
288232,male,36,USA,1,4,4,4,2,1,4,4,5,4,1,4,2,5,2,1,3,4,4,3,2,5,4,1,2,1,4,2,2,4,1,5,3,3,4,2,5,4,2,4,1,4,4,4,5,2,3,4,1,4,2,5,2,1,4,1,5,2,4,4,1,5,5,3,4,1,4,4,2,4,1,3,3,5,5,1,3,4,5,4,2,5,3,4,3,1,4,3,4,3,1,5,4,3,4,1,5,4,4,4,1,5,5,5,5,2,5,5,2,4,2,4,4,4,2,3,5,3,1,4,2,5,4,4,4,1,2,5,2,3,2,4,5,4,5,1,3,4,4,4,3,5,5,2,4,1,5,1,5,4,1,5,5,4,4,2,4,4,5,4,1,4,2,4,2,3,2,3,3,4,2,4,4,3,3,1,5,4,5,2,2,5,5,3,4,1,5,4,4,3,1,3,4,4,5,1,2,4,5,4,2,2,5,2,3,2,5,4,3,4,1,5,5,3,5,1,5,4,3,2,1,4,4,4,4,5,3,4,5,3,2,5,5,2,3,1,5,2,4,1,1,5,5,4,5,1,5,5,5,4,1,4,2,5,4,1,2,4,5,4,4,5,5,5,3,2,4,2,2,2,2,3,5,4,4,3,2,4,5,4,2,5,4,4,4,1,4,3,5,5,5,2,3,3,3,1,5,1,2,1,206.0,201.0,232.0,196.0,163.0
288916,male,31,USA,5,4,5,4,4,4,5,5,5,5,3,4,4,5,5,2,3,5,4,3,4,5,5,4,3,2,3,5,5,4,5,5,5,4,5,4,4,5,5,4,1,3,5,5,4,5,2,5,3,4,4,5,4,5,4,3,4,5,5,5,3,4,5,4,4,3,5,5,3,5,3,4,4,5,3,2,3,5,4,3,2,4,5,1,3,2,4,5,5,4,3,4,4,2,3,1,4,5,5,4,1,4,5,5,4,4,3,5,3,4,4,3,4,4,3,3,4,5,5,5,4,5,4,5,4,4,4,5,3,4,2,3,5,5,5,3,4,3,3,3,4,2,5,3,4,3,5,5,5,5,2,4,5,4,4,4,3,5,5,2,2,3,3,5,5,3,2,5,5,5,3,3,5,2,3,2,5,5,5,3,2,4,4,4,4,2,3,5,4,3,2,3,3,5,4,3,2,5,4,5,3,5,5,2,3,2,4,3,3,4,3,5,5,3,4,4,4,5,5,2,3,4,4,5,5,2,2,3,5,3,2,2,5,1,2,1,4,3,3,3,4,4,5,3,4,1,4,5,5,4,1,2,2,5,5,3,2,5,4,4,3,4,5,5,2,2,4,3,3,5,1,4,5,4,5,2,3,5,5,3,2,4,4,5,5,1,4,5,4,4,4,4,4,5,2,2,4,4,5,4,248.0,218.0,223.0,228.0,218.0
289535,male,13,Hong Kong,4,2,3,4,4,4,1,2,3,2,1,4,1,1,2,5,4,4,2,3,3,2,5,5,3,5,4,5,4,3,4,3,5,3,3,4,2,5,2,4,3,4,4,4,3,4,3,5,2,4,4,4,4,5,3,2,2,4,2,4,4,2,3,3,3,3,4,4,4,2,3,4,4,1,3,2,2,4,4,4,4,2,2,3,3,2,2,3,4,4,3,3,4,4,4,4,4,2,2,2,3,4,4,3,3,3,4,4,1,4,3,3,4,3,3,4,3,3,4,3,4,3,4,4,4,4,3,5,3,4,4,4,4,4,4,1,4,2,1,4,1,1,5,3,4,3,4,5,4,3,2,1,4,4,4,3,1,4,4,3,2,1,4,5,2,4,3,5,3,3,3,4,4,3,3,2,2,4,4,2,3,2,4,3,4,4,1,5,3,3,3,2,3,2,4,4,2,5,3,4,3,3,5,3,2,2,2,3,2,3,3,2,4,3,3,3,2,4,3,5,3,2,3,3,4,3,1,3,4,3,3,4,4,2,3,3,4,3,3,2,4,2,4,2,2,1,1,5,3,2,2,4,4,2,3,4,2,4,3,4,3,2,5,4,3,3,4,3,2,5,4,2,3,4,4,4,2,4,4,3,2,3,3,3,4,2,4,4,2,4,2,4,4,4,2,4,3,2,3,2,205.0,179.0,189.0,186.0,198.0
290514,female,17,Indonesia,5,4,5,1,5,4,5,5,2,2,4,4,4,5,4,4,5,5,2,5,4,5,2,1,2,4,3,2,1,5,5,5,5,1,5,4,5,5,4,4,4,3,1,1,4,5,4,4,5,5,3,4,5,3,5,4,4,4,1,2,5,4,5,1,5,4,1,4,5,5,1,4,1,2,4,1,4,5,5,5,5,5,2,1,5,4,4,1,4,5,4,4,5,1,2,4,1,1,2,2,4,5,5,1,5,1,4,4,4,5,2,5,5,2,5,2,5,2,1,5,4,1,5,1,5,2,5,1,2,5,5,5,5,2,5,1,5,2,1,5,5,1,5,1,5,5,5,5,4,4,5,4,4,2,4,4,3,5,2,1,4,5,4,1,4,2,4,1,5,5,5,5,5,1,5,4,4,5,1,5,4,4,5,1,4,4,3,5,2,1,5,5,5,2,4,1,4,1,5,5,4,4,1,1,2,2,5,2,1,2,4,3,5,1,1,4,5,5,5,5,4,4,2,4,5,4,1,1,4,5,4,4,5,2,4,2,5,4,1,1,5,4,5,5,5,4,5,5,1,5,4,5,5,3,5,2,4,5,4,5,4,5,1,4,4,2,4,1,1,4,4,1,5,1,4,4,3,5,4,4,2,2,5,1,4,1,5,2,1,5,5,5,5,2,4,4,2,4,1,4,213.0,222.0,226.0,177.0,219.0
291781,female,19,USA,4,3,5,2,3,4,4,5,3,4,1,4,3,3,3,3,4,4,3,3,4,5,3,3,3,4,4,4,3,5,4,3,3,2,4,4,3,5,3,4,1,4,3,3,3,3,4,5,3,4,3,5,4,3,3,5,5,5,4,3,4,4,5,2,3,4,3,4,4,4,1,4,4,4,4,3,5,5,3,4,3,4,3,2,3,3,3,4,5,3,4,3,3,3,4,1,3,4,3,4,1,4,5,3,3,3,3,4,3,3,3,3,3,3,3,4,3,5,3,3,4,4,3,3,4,4,4,4,2,3,4,3,5,3,4,3,3,4,3,3,5,3,5,2,4,3,5,4,1,3,3,4,5,4,4,3,1,5,5,2,3,4,2,4,3,3,3,3,3,4,3,4,3,3,3,4,4,5,3,3,2,3,3,3,3,3,2,5,4,4,2,5,4,3,3,3,2,4,3,4,4,4,4,2,2,2,4,3,3,3,2,3,5,2,3,3,4,4,3,4,2,2,3,4,4,3,1,3,3,5,4,3,3,3,5,4,4,3,3,2,4,1,2,3,4,2,3,5,5,5,2,3,2,5,4,3,3,5,3,3,4,3,3,4,4,4,3,3,3,3,2,4,4,3,4,3,3,5,5,3,1,3,4,2,3,1,2,3,3,4,3,4,3,4,4,4,4,3,3,2,223.0,194.0,214.0,191.0,194.0
291815,male,32,USA,4,3,2,3,5,2,2,5,4,5,1,3,2,4,4,3,3,3,3,5,4,3,5,4,3,2,3,5,3,5,4,4,2,4,5,3,2,5,4,3,1,3,4,4,5,4,3,4,4,3,1,3,4,4,4,1,4,4,4,4,2,3,2,4,4,1,3,3,3,4,1,4,2,3,5,3,2,4,5,3,2,3,4,2,2,1,3,4,2,3,2,4,3,4,3,1,2,1,4,4,1,2,2,4,4,4,3,2,3,3,3,2,4,2,3,2,4,5,4,3,2,4,3,4,4,1,3,4,2,4,3,4,3,4,5,4,5,2,4,4,3,1,5,2,4,2,5,5,2,5,2,4,5,4,4,2,2,4,4,2,1,2,1,4,4,2,2,2,5,4,3,1,5,2,2,1,5,5,4,3,2,4,2,3,4,2,2,3,3,2,3,2,1,4,5,4,2,2,5,3,2,2,3,2,3,1,5,4,4,4,2,3,1,3,4,2,4,4,3,2,1,3,2,4,4,3,1,4,5,5,2,2,4,2,2,2,4,5,3,5,4,4,3,3,3,1,2,5,4,4,1,2,4,5,5,4,2,1,5,4,2,1,4,4,2,2,4,5,2,5,2,2,2,5,4,2,1,2,5,2,3,2,2,3,4,2,5,3,4,4,3,5,5,4,3,2,5,4,4,2,203.0,192.0,184.0,196.0,173.0
291931,female,21,Singapore,2,4,4,4,4,2,5,3,5,3,2,4,4,5,2,1,2,5,2,4,1,5,4,2,4,1,4,4,4,2,2,4,5,4,4,2,5,5,1,4,1,4,4,4,4,1,4,5,1,4,1,5,5,1,4,2,5,5,4,4,1,4,2,4,4,2,5,4,2,1,1,4,4,4,2,1,4,5,4,4,2,5,5,2,4,2,5,5,2,4,2,5,2,4,4,1,4,5,4,1,1,4,4,4,4,2,4,5,1,4,5,5,4,3,4,2,4,3,1,2,2,4,2,4,4,2,5,4,2,2,4,4,4,4,4,2,4,4,2,5,5,5,4,2,4,2,5,5,2,2,2,2,4,5,4,2,4,2,4,2,1,5,4,4,2,1,2,5,1,5,5,4,5,2,4,2,5,3,2,2,2,5,2,4,4,2,4,1,5,4,1,5,4,4,4,2,2,5,5,5,5,5,5,2,4,2,5,2,5,2,2,5,5,5,4,2,5,1,5,2,1,5,4,5,5,2,1,5,5,5,4,4,4,2,4,2,4,4,4,1,1,4,2,5,5,2,5,5,4,4,2,4,4,5,2,2,2,4,5,5,2,4,4,5,5,2,4,1,2,2,2,5,4,5,2,4,4,5,5,4,2,5,5,4,4,2,4,4,5,5,4,4,5,2,4,2,4,5,2,1,242.0,202.0,229.0,181.0,173.0
292863,female,19,USA,4,1,5,2,3,2,1,4,2,4,5,3,5,2,4,4,2,1,4,4,3,2,4,2,1,4,1,5,4,2,4,1,5,1,4,2,1,4,4,1,2,4,5,5,4,4,1,4,2,4,1,2,4,2,4,4,2,5,4,5,4,1,5,2,2,4,1,5,2,1,5,4,4,4,5,5,2,4,2,4,3,2,4,1,1,4,3,4,2,4,5,1,5,2,4,2,2,3,2,5,2,4,5,4,4,5,4,2,2,1,4,1,4,2,1,4,4,5,4,5,5,4,5,2,4,2,1,4,2,5,4,4,5,2,4,5,1,2,2,2,5,1,5,2,4,5,2,5,4,5,5,1,5,1,4,2,1,4,2,1,4,2,5,2,3,2,1,2,4,5,4,1,5,4,1,1,2,5,5,5,5,1,5,1,4,2,1,4,4,1,1,2,5,5,4,5,1,2,4,4,4,1,5,4,1,2,4,2,2,5,5,1,5,2,4,2,1,5,2,1,5,2,5,2,1,5,1,1,2,5,4,1,5,2,2,4,2,5,5,5,5,4,1,1,4,2,1,1,2,2,2,2,5,5,4,5,1,4,2,4,1,1,5,2,1,5,2,2,5,5,5,1,5,2,5,5,1,4,2,5,4,4,5,4,4,4,1,5,2,5,5,2,5,5,1,5,2,3,4,5,218.0,180.0,160.0,188.0,202.0
292948,male,18,UK,4,1,3,3,3,3,2,2,4,4,4,2,3,2,4,5,3,2,3,4,4,4,5,5,2,3,2,5,4,4,4,2,4,4,5,4,1,4,4,2,2,2,1,1,5,5,2,3,5,4,4,2,4,5,4,4,3,1,4,5,4,2,4,4,4,4,3,2,4,5,3,2,4,3,3,5,4,4,4,2,4,3,4,3,2,4,2,3,3,3,3,2,4,3,4,4,2,2,4,5,4,3,3,3,4,5,2,4,4,3,4,2,4,3,3,4,2,5,3,3,3,3,4,4,4,2,2,4,4,4,3,2,2,3,3,4,3,2,2,4,4,1,5,3,3,3,4,5,2,3,5,1,4,2,3,4,2,3,5,2,3,2,3,4,4,4,2,2,5,4,3,2,5,3,2,2,3,3,4,5,3,1,4,4,2,3,3,3,3,2,3,2,3,3,4,5,2,3,4,2,4,1,4,3,2,2,2,3,4,3,4,3,3,3,4,4,2,2,3,2,3,1,3,3,4,5,4,1,4,4,3,1,5,2,1,3,2,3,2,4,5,4,4,2,1,2,2,2,4,2,3,1,3,4,5,5,2,1,4,4,3,2,5,4,1,4,2,3,4,4,4,3,2,3,2,2,2,2,4,3,4,2,3,2,4,5,2,3,2,2,3,4,5,5,2,4,2,3,4,3,195.0,181.0,163.0,197.0,214.0
293562,female,17,Netherlands,5,3,4,3,4,4,2,2,4,4,3,4,4,4,4,4,4,2,2,3,2,2,4,2,3,4,3,3,3,4,4,4,3,3,4,4,3,4,4,4,3,4,4,4,4,5,4,2,5,4,5,2,1,2,3,3,4,5,4,3,5,4,4,3,3,4,3,5,4,4,3,4,4,5,5,2,4,4,4,4,5,2,3,4,3,4,2,2,3,2,4,4,4,4,3,4,4,2,3,5,4,4,5,4,4,2,4,2,1,4,3,2,4,2,2,4,3,4,5,4,5,4,2,3,4,1,2,3,4,4,4,4,5,3,3,2,4,2,1,4,4,2,5,3,4,4,5,4,5,5,5,2,4,3,4,4,2,2,4,1,4,4,4,2,4,4,4,1,2,4,3,3,3,4,4,3,3,4,4,4,4,4,4,2,2,4,3,3,2,1,2,4,4,5,4,4,2,2,4,4,4,2,4,4,3,2,4,3,4,4,4,4,4,2,2,4,3,3,3,2,4,5,4,2,4,4,3,2,3,4,3,1,3,3,4,3,4,3,2,2,5,5,4,2,4,3,4,4,4,3,3,4,5,5,4,5,2,2,3,4,2,2,4,4,4,4,4,2,1,4,4,4,4,5,4,3,3,2,4,4,4,5,5,5,4,2,4,2,2,4,4,4,2,4,2,2,4,4,1,5,210.0,203.0,201.0,196.0,217.0
293775,male,15,Canada,4,4,4,3,4,2,4,5,2,1,2,3,2,5,2,3,2,4,3,4,5,5,2,2,1,1,4,1,5,4,1,4,4,2,5,2,3,5,2,1,3,3,4,2,4,2,3,3,4,4,2,4,3,3,2,4,5,5,5,4,2,4,5,2,2,2,4,5,3,1,2,5,5,4,3,4,4,5,5,4,4,5,5,2,2,4,4,4,2,5,2,4,4,2,2,2,5,3,4,1,2,5,3,5,4,1,2,4,1,4,1,5,3,5,2,1,4,5,5,1,3,5,4,4,4,2,3,4,1,1,1,2,4,2,5,2,5,4,2,4,5,5,4,2,4,2,4,5,5,2,2,2,4,5,3,1,4,5,5,5,2,5,4,2,1,2,2,4,5,4,4,4,5,2,1,2,2,4,5,1,1,4,5,2,5,1,3,4,2,1,2,2,4,4,4,1,2,4,5,4,2,5,5,2,2,2,5,5,3,1,4,4,5,1,4,1,5,4,5,1,2,4,2,2,5,5,2,5,2,5,2,5,5,1,4,1,5,2,5,1,2,5,5,1,5,1,4,5,5,1,2,5,4,5,2,2,1,4,2,1,2,5,5,4,2,1,4,4,2,1,1,4,5,3,2,1,2,4,4,1,2,5,4,5,5,2,5,4,2,4,4,5,4,2,1,2,5,2,2,1,206.0,165.0,209.0,188.0,196.0
295732,female,18,USA,4,4,5,4,4,2,4,5,5,4,1,4,4,4,4,3,4,5,4,4,3,5,1,1,2,4,3,1,5,3,2,4,5,4,3,4,3,5,4,3,1,5,5,3,5,2,3,5,4,4,1,3,3,3,2,4,5,3,5,4,3,4,5,4,3,4,5,5,4,2,1,5,5,5,5,1,4,5,3,4,3,2,4,2,1,2,5,4,2,3,4,4,5,3,5,1,4,5,5,3,1,4,4,4,4,1,3,5,1,4,3,5,2,2,1,4,5,1,4,5,3,4,4,4,3,4,5,5,3,4,3,5,5,2,5,2,2,4,2,3,5,1,5,5,4,4,5,2,5,5,3,4,5,5,3,3,5,5,5,4,1,5,5,5,4,1,2,4,5,4,4,3,4,3,2,4,4,4,5,3,3,4,5,3,5,2,4,5,4,3,1,5,4,5,5,1,2,4,2,5,2,5,5,3,2,2,5,2,5,4,4,5,5,3,4,5,4,5,3,3,1,5,4,2,3,2,3,3,2,5,4,1,4,2,3,2,5,4,5,3,2,5,5,2,5,2,3,5,5,4,1,4,4,5,5,1,2,3,4,4,1,3,5,5,2,1,5,2,3,4,2,5,5,5,4,2,4,5,5,4,3,5,5,5,4,1,3,4,4,1,2,4,4,3,4,2,5,1,4,2,231.0,208.0,224.0,211.0,193.0
295998,male,23,USA,4,4,4,3,4,1,4,5,4,3,3,3,4,4,4,2,3,5,3,4,3,5,4,3,2,2,3,1,4,4,4,4,5,3,4,3,2,5,4,2,3,3,5,4,4,5,3,5,5,2,2,4,3,2,2,2,4,2,5,5,2,3,5,3,4,2,5,5,4,2,3,3,3,5,5,3,4,5,4,3,2,5,4,2,1,2,3,2,5,2,3,3,5,2,3,2,5,4,4,2,3,4,5,5,4,4,2,4,4,3,1,2,3,4,1,4,3,1,5,5,4,4,2,2,4,1,5,5,5,3,2,3,5,3,5,4,3,3,2,2,4,2,5,4,3,2,4,2,4,5,3,5,5,3,4,3,5,5,4,3,2,2,4,4,4,4,1,4,3,4,2,3,5,3,1,2,3,4,5,3,2,2,5,3,2,2,5,4,4,2,2,2,4,5,4,4,3,4,5,3,2,4,4,3,2,2,3,2,3,4,4,4,5,2,3,3,5,4,4,2,3,2,4,4,3,3,2,2,3,3,2,1,4,2,2,2,4,1,4,2,4,5,5,3,5,1,5,5,5,2,3,3,2,5,4,1,2,4,4,2,1,5,5,4,1,3,3,2,4,4,3,4,4,4,4,3,4,4,5,2,3,4,4,5,4,2,3,4,4,3,2,3,4,3,4,3,5,2,4,2,204.0,186.0,208.0,212.0,196.0
296293,male,24,USA,3,1,4,2,5,4,1,1,5,4,2,2,1,3,5,3,2,1,5,2,4,5,5,5,4,2,1,2,2,4,5,4,1,3,4,4,1,5,5,5,1,2,1,1,5,5,3,5,5,5,4,3,1,2,4,2,4,2,3,1,2,2,3,3,4,4,3,2,5,4,1,1,1,2,5,5,3,3,5,4,2,2,1,5,4,1,4,1,4,3,1,2,4,3,4,1,2,1,5,5,1,1,1,3,4,5,1,3,5,4,5,1,3,5,4,1,4,3,1,2,2,2,2,4,5,3,1,5,5,4,3,1,5,4,5,5,3,1,3,5,5,1,5,5,4,2,4,2,2,3,2,3,4,4,5,5,1,1,5,4,1,1,1,5,5,5,1,3,5,4,4,1,4,2,4,2,5,1,4,5,2,4,4,3,4,4,2,1,4,5,1,1,1,1,5,5,4,3,5,4,5,2,4,2,4,2,4,1,1,4,2,4,4,4,4,4,2,2,3,4,2,1,2,4,5,3,2,1,5,1,5,1,2,4,5,2,2,1,2,5,2,2,4,4,3,4,2,4,4,2,2,2,3,4,5,5,2,2,4,5,3,1,4,5,5,2,5,1,3,3,2,2,4,3,5,3,3,5,5,1,2,2,1,3,5,5,2,2,3,5,3,5,1,5,4,2,4,2,4,3,175.0,194.0,177.0,203.0,182.0
296828,female,63,USA,4,2,2,2,4,3,1,4,5,5,3,4,2,4,5,2,4,2,4,4,5,1,4,5,5,2,2,4,3,4,4,3,2,3,4,4,2,5,5,5,4,3,3,3,5,3,4,4,4,5,3,1,5,4,4,4,3,3,3,4,3,2,2,2,3,2,3,4,4,4,3,3,3,3,5,2,3,4,4,4,3,2,5,4,5,4,2,3,4,4,3,4,2,2,4,2,2,2,4,5,4,2,3,3,5,4,4,3,3,4,5,1,4,4,5,1,2,5,3,4,4,3,2,3,4,2,1,4,5,5,2,3,2,3,4,3,5,2,4,4,5,1,4,2,4,3,3,5,3,4,3,3,3,2,4,3,1,5,5,5,3,3,2,2,5,2,3,3,3,4,4,1,4,3,4,2,3,4,2,5,3,2,1,2,4,2,2,4,4,5,2,2,2,3,5,1,2,4,4,4,3,2,4,3,5,2,2,2,3,5,2,4,2,2,4,3,3,5,2,4,3,3,2,4,5,4,4,2,4,4,3,1,4,2,4,2,3,2,2,5,1,3,1,2,4,2,4,5,5,2,4,1,2,3,5,4,3,4,5,4,5,5,4,5,4,4,3,2,3,5,2,4,3,2,5,2,2,4,5,4,4,4,2,3,4,1,4,4,5,4,1,4,5,5,3,2,4,2,3,5,206.0,210.0,175.0,207.0,194.0
298112,male,21,USA,3,5,4,4,5,4,4,1,5,3,3,4,5,5,4,2,4,3,2,4,5,5,4,1,2,2,4,1,5,5,2,5,2,2,5,4,5,5,4,2,1,4,5,4,5,3,3,5,2,5,4,4,2,3,5,4,5,3,5,4,2,5,3,4,5,5,4,5,4,4,2,5,4,5,4,4,2,5,5,4,4,4,5,1,2,1,4,2,2,5,2,5,2,4,5,3,4,3,4,3,1,4,5,5,5,1,5,5,2,5,1,5,5,3,2,4,3,1,4,4,3,5,2,4,5,4,4,5,2,2,2,4,5,1,4,2,5,2,1,5,5,1,5,2,4,2,5,1,4,5,2,5,5,4,5,4,4,1,5,2,1,4,2,2,4,1,2,2,4,5,4,1,3,1,3,2,3,2,4,4,3,5,2,3,4,5,4,2,2,2,1,5,2,5,5,1,2,2,2,5,2,3,5,1,3,1,5,2,2,4,3,5,4,2,5,4,4,1,5,3,2,5,5,5,5,5,4,1,3,1,4,1,5,1,4,2,5,2,5,4,2,5,4,2,5,4,4,5,4,3,2,5,3,4,5,2,2,5,2,2,3,5,5,5,2,3,5,2,1,5,1,5,4,4,5,3,3,5,4,4,2,5,5,4,3,1,4,3,2,5,4,3,4,1,2,3,5,1,4,4,205.0,211.0,219.0,199.0,198.0
298555,female,17,USA,4,5,5,5,5,2,2,5,5,3,4,4,3,5,4,2,3,4,3,4,1,4,5,4,4,4,3,1,4,4,4,4,3,5,5,2,2,5,3,5,3,4,4,4,4,4,3,4,4,5,4,4,3,4,2,3,4,4,5,4,4,4,3,5,5,2,4,5,3,2,3,4,5,5,5,4,5,4,4,4,3,4,4,4,5,3,3,1,4,1,3,4,4,2,4,3,4,5,5,2,3,4,3,5,4,4,4,4,4,5,1,2,4,4,5,5,3,1,5,4,3,5,5,5,5,2,5,5,2,2,2,4,4,4,4,2,4,3,4,5,1,4,4,5,4,4,4,3,5,4,1,2,4,3,4,2,2,5,5,4,3,4,4,5,4,2,2,4,4,4,1,1,5,4,5,2,4,5,5,4,2,3,2,3,4,4,2,5,4,4,4,2,5,5,5,2,2,4,3,4,2,3,4,4,4,2,4,2,1,4,2,3,5,2,4,2,2,4,4,4,2,3,4,4,4,2,3,4,4,4,1,3,4,1,4,2,4,1,4,4,4,4,4,2,4,2,2,4,4,4,2,2,3,5,4,3,4,4,3,4,2,5,4,5,4,2,3,1,3,4,3,2,5,3,5,2,1,5,4,2,3,2,5,5,4,2,4,5,3,5,4,2,4,5,3,2,4,2,3,4,218.0,221.0,203.0,217.0,202.0
299776,female,36,India,2,4,4,2,5,2,2,4,4,5,2,5,3,4,4,2,4,4,3,4,4,3,3,2,4,2,4,4,5,4,2,4,2,4,5,2,4,4,4,4,2,4,4,4,4,2,4,4,3,4,3,4,4,2,2,3,4,4,5,3,2,4,4,2,4,2,3,4,3,4,3,4,4,4,4,4,4,4,3,4,3,4,3,4,4,2,3,3,4,4,2,4,4,2,2,2,4,4,3,4,2,4,4,4,3,2,4,4,4,4,3,2,4,3,4,2,2,2,3,4,2,4,4,3,4,2,2,4,5,5,2,4,4,3,4,2,2,2,3,4,4,3,4,2,4,2,4,4,3,4,4,3,4,2,4,3,1,4,4,5,2,4,3,5,5,2,2,4,3,4,3,3,4,2,2,3,4,3,4,3,4,3,4,4,2,3,2,3,2,4,4,3,3,4,4,3,2,4,4,4,2,3,3,2,4,4,2,2,4,4,4,2,4,4,2,2,2,4,2,4,3,4,3,4,4,2,3,2,3,3,2,2,2,3,2,2,4,4,2,4,2,4,3,3,4,2,2,2,4,3,2,3,4,3,4,2,2,4,2,4,4,1,4,4,2,4,2,2,2,4,2,2,4,4,2,2,2,4,4,4,2,3,3,4,3,2,4,4,4,2,3,2,2,3,3,4,2,2,4,4,204.0,198.0,190.0,199.0,176.0
300925,male,20,USA,3,4,5,3,5,2,1,5,5,4,2,4,3,4,4,2,4,4,2,4,4,5,5,3,4,2,3,4,2,4,2,3,4,4,5,3,4,4,3,3,2,4,4,4,5,4,4,5,2,4,3,4,4,2,4,3,4,2,2,4,2,4,4,4,4,3,3,5,3,3,2,4,3,3,5,4,4,4,4,4,3,4,5,1,3,2,4,3,2,4,2,4,5,4,3,2,3,4,3,3,1,3,5,2,5,2,5,5,4,3,3,2,4,2,3,2,4,5,2,4,2,3,3,4,5,2,3,4,2,4,2,5,5,3,4,3,3,3,2,5,4,4,5,1,4,2,4,4,2,3,2,3,4,3,4,4,3,5,5,4,2,4,2,2,2,2,2,3,4,5,4,3,5,1,2,2,4,5,4,3,2,3,4,3,4,2,3,4,4,3,2,3,2,3,4,2,2,4,4,4,4,5,5,1,2,1,5,3,3,3,2,3,5,4,5,2,2,1,2,3,2,4,4,3,3,2,2,2,4,2,3,4,4,1,3,2,4,3,3,2,4,4,4,3,4,2,3,4,4,4,1,4,3,4,4,2,3,5,4,4,2,5,5,3,4,2,4,3,2,4,2,3,4,4,4,2,3,4,4,3,2,3,4,4,5,1,4,5,4,4,2,3,4,4,4,2,5,1,1,3,219.0,204.0,206.0,180.0,184.0
301248,male,31,USA,4,4,4,4,5,4,4,2,2,4,2,4,2,5,5,3,5,4,3,4,4,4,5,2,2,3,2,3,2,5,4,4,2,4,5,3,2,1,4,2,2,5,4,4,5,3,4,3,4,5,4,4,2,4,5,3,2,4,4,4,2,4,3,4,5,3,4,2,4,4,3,4,4,4,5,2,4,3,4,4,2,5,4,2,4,1,4,2,3,4,4,5,4,4,5,3,3,1,4,4,2,4,4,4,5,4,5,4,2,4,2,2,5,5,5,2,4,3,2,4,4,4,3,4,5,2,2,4,2,4,4,5,4,4,5,2,4,3,2,4,4,2,5,1,4,3,4,3,4,3,4,4,4,4,5,4,3,2,5,4,2,4,4,4,4,2,3,3,4,4,4,4,4,2,4,2,4,3,3,2,1,4,2,4,4,4,3,2,2,2,2,4,4,4,5,4,4,4,5,4,4,4,4,2,4,1,4,2,2,2,2,4,4,3,5,2,4,2,3,4,2,4,4,4,4,4,4,2,4,5,4,2,5,1,4,2,5,2,2,2,4,4,4,4,5,2,2,2,4,4,2,2,4,4,5,4,4,2,2,4,1,5,5,4,4,2,2,2,2,3,2,2,4,4,4,2,4,1,4,2,2,2,4,4,4,1,4,4,2,4,2,2,2,2,4,2,4,1,2,4,197.0,227.0,199.0,195.0,194.0
302197,male,31,USA,4,5,3,4,4,2,4,4,5,4,3,4,4,5,4,2,3,2,4,3,3,5,3,2,2,3,4,3,4,3,3,5,3,4,4,2,4,5,4,3,1,5,4,4,4,3,3,4,4,4,4,4,3,3,3,2,5,2,4,4,2,5,3,4,4,1,5,4,4,4,2,4,4,4,2,1,4,5,4,4,4,4,4,2,2,1,4,3,4,3,5,5,4,4,3,1,4,3,3,3,1,5,5,5,5,2,4,4,2,4,3,4,4,3,3,3,4,4,3,2,4,4,2,4,4,2,5,4,3,4,2,4,5,4,4,1,4,4,4,4,4,1,4,4,4,2,5,3,4,3,2,4,4,4,4,2,5,4,5,2,2,4,2,5,4,2,3,3,3,4,3,2,3,2,4,2,5,4,5,2,2,5,3,4,3,2,5,5,4,2,4,5,2,5,4,2,3,4,4,4,4,5,4,2,4,2,5,2,4,3,2,5,4,4,4,2,4,4,4,2,2,4,4,4,4,2,3,3,4,5,2,2,4,2,3,2,4,4,5,3,4,4,4,2,4,2,4,5,4,2,2,4,4,4,4,4,2,4,4,4,5,3,4,4,4,2,4,2,3,3,2,5,4,5,4,2,4,3,4,4,2,4,4,4,5,2,4,4,5,4,4,4,3,2,4,2,4,2,4,3,215.0,206.0,226.0,207.0,190.0
302679,female,21,Canada,5,3,5,4,5,4,4,4,2,5,4,4,4,4,4,4,4,4,3,4,3,3,3,3,4,4,3,4,4,4,4,4,5,4,4,4,2,5,4,4,3,3,4,4,4,4,3,4,3,5,5,4,3,2,3,3,2,2,4,5,4,3,5,4,4,3,3,4,2,4,4,4,4,3,5,3,3,4,4,4,4,3,4,4,3,3,4,4,5,3,4,4,5,4,3,2,3,3,3,4,3,3,4,4,4,3,4,4,2,3,4,1,3,2,4,3,2,5,3,4,4,3,5,4,4,4,3,4,2,4,4,4,5,4,4,4,3,2,2,4,4,2,5,2,4,4,3,5,4,3,4,2,4,3,4,4,2,4,3,4,3,3,4,3,4,4,2,2,4,4,4,2,4,2,3,2,3,4,5,4,4,3,5,4,4,4,2,4,3,2,4,2,4,5,4,4,1,3,3,4,4,4,4,3,2,3,4,3,2,4,4,2,5,3,2,4,2,4,4,2,4,3,4,3,4,4,2,2,2,2,4,2,4,4,3,3,4,4,4,4,4,4,4,3,4,2,2,4,3,4,2,3,3,4,4,4,3,4,2,4,2,4,3,4,4,3,3,2,4,4,4,4,4,4,4,4,1,4,4,4,4,4,4,4,4,3,3,3,2,4,3,3,3,4,3,3,3,3,4,4,215.0,215.0,193.0,211.0,216.0
303335,male,18,USA,4,3,3,1,4,1,2,2,5,4,3,4,4,4,5,1,1,2,3,3,4,5,4,3,1,4,3,4,4,5,4,3,3,1,5,2,2,3,5,4,2,4,5,4,5,5,1,4,3,5,1,5,4,5,4,4,1,2,4,5,1,2,5,2,4,3,3,5,1,5,3,5,4,4,5,4,3,4,5,4,2,4,4,1,1,3,5,3,4,4,3,2,5,1,4,2,4,5,3,4,2,5,4,4,5,3,4,4,3,3,2,1,4,4,3,5,2,1,4,4,3,4,4,1,5,3,3,4,1,4,2,4,4,4,4,4,5,2,3,5,3,3,5,1,4,1,2,5,4,4,1,1,5,4,4,2,3,3,5,5,2,4,1,3,5,4,1,4,2,5,3,1,5,2,1,1,3,4,2,2,4,2,5,2,5,2,3,1,4,5,4,2,3,5,5,4,2,5,2,5,3,3,5,2,4,2,3,2,3,5,1,3,4,1,4,2,1,2,5,5,3,4,4,3,4,4,1,4,2,5,2,3,5,2,1,4,5,3,3,4,4,5,5,1,5,1,2,1,5,4,2,3,2,5,5,4,4,4,5,4,1,5,5,4,1,2,4,1,2,5,2,3,5,2,5,2,3,1,5,4,2,1,2,4,4,1,5,4,2,5,2,4,5,4,2,2,3,2,2,3,208.0,192.0,189.0,201.0,191.0
303550,female,17,USA,3,4,5,1,4,1,3,5,4,4,2,3,3,4,4,2,5,5,4,4,4,4,4,4,2,3,4,3,2,4,3,4,4,3,4,2,3,5,4,4,2,4,4,4,4,4,5,5,4,4,4,5,5,3,4,3,4,4,4,4,3,3,5,1,4,1,3,5,5,4,2,3,4,4,4,4,5,5,4,4,2,3,5,4,5,3,4,3,3,3,2,3,5,2,4,1,3,4,4,4,2,4,4,4,4,3,4,4,3,3,3,3,4,3,5,4,4,5,4,3,3,4,4,3,4,2,4,5,2,4,1,3,4,4,4,4,5,2,3,4,5,4,5,4,4,3,5,3,4,3,1,4,5,4,4,1,3,5,5,2,3,3,2,5,3,3,2,4,3,4,3,2,4,3,4,2,5,5,4,3,2,3,5,1,4,1,3,5,4,4,2,4,3,4,5,3,3,4,5,2,2,4,5,4,5,2,4,2,2,4,2,4,5,2,5,1,4,5,4,4,2,4,4,4,5,4,2,3,5,5,4,4,5,1,4,2,5,3,4,2,2,3,5,1,4,2,3,5,5,2,1,2,2,5,5,2,2,4,5,5,1,5,5,5,4,2,4,2,2,3,1,2,5,2,4,2,2,5,4,4,2,2,4,4,4,2,4,4,4,5,2,5,5,4,4,2,4,2,2,3,232.0,214.0,216.0,197.0,190.0
303676,female,18,USA,4,4,3,4,4,2,5,2,4,4,1,4,3,4,4,2,5,2,4,4,3,5,2,2,2,3,4,3,3,4,3,4,3,4,4,4,5,5,4,4,1,4,4,4,4,4,4,5,5,4,4,4,1,2,4,3,5,2,4,2,2,4,3,4,4,3,5,2,2,4,1,4,4,4,4,2,4,4,4,5,5,5,3,3,4,2,3,1,2,3,3,4,3,3,4,1,4,4,3,4,2,4,4,3,4,3,4,4,2,3,4,5,3,3,4,3,3,2,4,2,3,4,3,4,4,3,5,4,2,4,2,4,4,3,4,3,4,2,3,3,4,3,4,3,4,3,4,3,4,2,5,5,4,4,4,5,5,2,4,4,3,3,3,2,3,4,3,2,3,3,3,4,2,3,3,2,4,3,3,2,2,4,4,4,3,3,5,1,2,4,2,4,2,4,4,4,4,2,3,3,4,3,2,3,4,4,5,2,3,2,4,5,4,3,3,5,5,1,3,4,2,4,4,2,4,3,3,2,3,3,4,2,2,3,5,3,5,2,3,2,5,5,4,2,4,2,4,5,4,4,2,3,1,4,4,3,2,3,2,4,1,5,5,4,5,3,5,2,2,2,3,5,2,3,5,4,4,5,3,4,2,4,1,4,3,2,4,3,2,5,4,5,5,4,4,4,5,2,2,3,193.0,211.0,216.0,204.0,188.0
304044,female,16,USA,5,5,4,5,5,2,3,4,5,4,2,4,5,5,4,2,5,3,5,5,5,5,1,4,2,2,5,3,5,4,1,5,3,5,5,2,3,5,4,2,1,4,5,5,5,3,5,5,4,5,2,5,1,2,5,2,5,4,5,4,2,5,5,5,5,2,5,5,4,4,1,5,5,5,4,1,4,5,5,5,2,5,3,2,2,1,4,3,5,4,2,4,4,5,4,2,5,4,3,3,1,3,4,5,5,2,5,5,3,4,1,3,5,5,2,3,3,2,3,5,3,5,4,5,5,1,5,5,3,4,3,3,5,5,5,1,4,4,5,4,5,4,4,3,5,2,2,3,5,5,3,5,4,5,5,3,3,4,5,3,1,4,4,5,4,3,1,3,5,4,4,1,4,1,4,2,5,4,4,4,2,4,5,5,4,3,4,5,5,1,1,4,4,5,5,5,1,3,5,3,2,5,5,1,2,5,5,4,5,5,2,5,4,5,3,4,5,4,5,3,2,4,5,5,1,3,1,2,5,5,2,2,2,2,5,1,3,4,4,3,4,5,4,1,5,1,4,5,5,2,1,2,5,5,5,4,3,5,5,5,2,5,4,5,4,1,5,2,3,5,2,5,5,5,5,2,2,2,5,2,1,3,5,5,5,2,5,3,4,5,4,4,4,5,4,2,5,1,4,3,227.0,232.0,232.0,231.0,185.0
304383,female,18,USA,5,4,4,4,4,4,2,3,2,4,4,4,4,5,4,4,4,2,2,4,4,3,3,4,4,5,3,2,4,2,4,4,2,4,4,5,4,4,4,4,1,4,4,5,2,4,2,2,2,3,4,2,2,2,2,4,2,4,4,2,4,4,4,4,3,5,4,4,1,5,5,4,4,5,4,2,4,4,5,4,4,2,2,2,4,4,4,4,4,5,5,4,5,4,4,5,5,5,2,4,2,5,4,5,4,2,4,1,2,2,4,1,4,2,4,4,2,4,5,4,4,4,4,4,4,5,3,4,4,4,5,5,5,4,5,2,4,2,2,4,4,2,4,2,4,5,4,4,5,2,5,4,4,2,4,5,2,4,4,2,2,4,5,4,4,2,2,2,4,4,4,1,4,2,4,4,4,2,2,4,5,4,4,2,2,4,4,4,2,2,1,4,4,4,2,4,4,2,1,4,4,4,4,2,4,2,5,2,2,2,4,4,4,2,2,4,1,4,5,2,5,5,5,4,2,4,4,2,2,4,4,1,4,2,2,4,5,2,5,4,5,5,5,2,5,5,1,1,4,4,2,4,5,4,5,2,4,5,2,4,4,1,4,2,4,4,4,2,4,4,4,4,4,4,5,5,2,5,2,5,2,4,5,5,2,1,5,2,2,4,4,4,2,2,4,4,4,1,2,4,199.0,221.0,198.0,209.0,218.0
305138,male,21,USA,4,2,4,3,4,5,2,3,4,4,2,3,4,4,4,4,3,2,4,3,4,3,4,4,2,2,3,2,2,4,3,2,4,3,4,4,2,4,3,2,1,2,4,4,4,4,4,4,2,4,4,4,1,3,4,2,4,2,4,4,2,3,4,3,3,4,3,3,4,3,2,4,3,2,3,4,2,4,4,2,4,4,1,4,2,2,4,2,2,4,4,4,4,4,3,2,3,2,4,4,3,2,4,4,3,4,4,4,3,2,4,2,4,4,2,4,4,2,2,2,2,4,2,4,4,4,4,4,2,3,2,4,4,3,4,4,4,3,4,3,4,4,3,4,3,2,4,2,4,3,4,2,4,4,4,4,4,4,4,2,2,2,3,4,3,3,2,2,2,4,2,3,3,2,2,4,4,4,4,3,2,2,4,4,2,4,4,2,4,1,2,3,2,4,4,4,4,4,3,4,4,5,2,2,2,2,4,4,2,2,4,2,4,2,4,3,3,4,4,2,2,2,3,4,3,4,2,2,4,4,4,4,4,2,2,2,4,2,2,2,4,4,4,4,4,2,2,4,4,4,2,2,2,4,4,3,2,4,2,3,4,5,2,4,2,2,4,3,2,2,4,2,4,4,2,2,3,2,4,4,2,2,3,4,4,2,4,4,2,4,4,4,2,4,2,4,4,2,4,2,181.0,183.0,188.0,197.0,198.0
305451,male,19,USA,4,5,5,2,4,4,2,5,4,1,4,5,5,5,2,2,4,1,5,5,3,5,5,2,5,4,3,2,3,4,5,4,1,3,4,4,4,5,2,5,1,4,4,5,5,4,4,4,2,4,4,5,4,1,2,3,4,4,5,5,2,4,5,2,4,4,5,4,5,5,3,5,5,5,4,2,4,5,2,4,2,4,2,1,4,2,4,2,2,4,4,4,5,4,5,3,5,2,3,4,2,4,5,4,5,2,4,4,4,4,5,5,4,4,4,2,3,3,3,2,4,4,4,4,5,4,2,5,1,4,2,5,5,4,4,5,2,2,2,4,5,5,5,2,4,4,5,2,3,4,3,1,5,4,4,4,4,4,2,1,4,4,4,2,1,4,2,1,1,4,4,4,5,2,4,2,4,5,5,4,2,4,4,4,4,2,4,2,4,1,1,3,4,4,5,4,1,2,4,4,2,5,5,2,4,2,5,4,2,4,2,3,4,4,4,4,2,2,4,2,4,4,4,4,2,2,2,1,2,5,5,4,2,2,4,2,4,2,2,2,2,4,5,2,5,2,3,5,4,2,2,2,4,5,4,2,1,5,2,4,2,4,4,2,4,2,4,4,2,2,2,4,4,4,2,4,3,4,4,2,2,4,4,4,4,2,4,2,2,4,4,5,4,4,2,2,4,5,4,2,207.0,207.0,216.0,206.0,196.0
305580,female,18,USA,5,5,4,4,3,4,3,4,4,5,4,4,5,4,4,4,3,4,3,3,4,5,3,2,2,4,5,3,4,3,4,5,4,4,4,5,4,5,3,4,3,4,5,3,5,4,3,4,1,4,4,5,4,2,3,3,5,5,5,4,2,4,5,4,3,4,5,5,2,4,3,4,5,3,3,2,3,5,5,4,4,5,3,4,3,2,4,2,5,2,3,4,5,2,2,2,5,4,3,2,4,4,5,4,5,4,3,5,1,4,3,4,3,3,3,5,5,5,3,1,4,5,4,3,5,5,5,4,2,4,5,4,5,5,5,2,4,3,1,4,4,4,5,3,4,5,4,3,3,2,4,5,5,5,4,4,4,4,5,4,5,3,4,3,3,2,1,2,1,5,4,4,5,3,4,4,4,3,2,1,2,4,1,2,2,2,2,5,2,2,5,4,4,5,5,2,1,2,2,4,4,4,5,2,2,2,5,4,1,2,2,4,5,1,2,5,4,3,3,2,4,5,2,4,2,2,2,1,2,4,4,2,4,2,1,1,5,3,4,2,2,5,1,3,3,2,4,5,4,5,2,4,4,5,4,4,3,4,4,1,4,4,5,3,2,2,5,2,1,1,4,4,5,2,2,4,4,5,4,4,3,5,5,5,3,1,4,4,5,4,5,5,4,2,4,3,1,5,1,1,224.0,208.0,212.0,199.0,209.0
305678,female,23,USA,2,3,5,4,4,3,1,5,4,2,1,3,2,3,3,4,2,4,5,4,4,5,5,2,2,1,4,5,2,4,1,3,5,4,4,2,1,5,2,3,1,2,3,2,4,1,2,4,2,4,2,4,4,2,2,5,5,4,3,2,2,1,5,3,4,2,2,3,2,2,1,3,4,2,4,5,2,5,2,4,1,4,4,1,2,1,5,3,2,2,2,2,5,2,4,2,3,4,3,2,1,2,4,3,4,1,4,5,1,4,2,1,5,2,2,5,5,5,2,2,1,4,5,2,5,2,4,5,2,3,2,3,4,4,4,4,4,4,3,4,4,4,5,4,4,2,5,5,2,4,2,4,4,5,4,4,2,5,4,2,1,3,4,4,3,2,2,4,2,5,4,5,5,2,3,2,5,5,4,2,2,1,4,4,4,4,2,4,4,2,1,4,2,2,4,2,2,5,4,4,2,4,5,2,2,1,5,3,5,2,3,4,5,4,5,2,1,5,4,2,2,4,2,4,2,2,1,2,4,5,2,2,5,2,2,2,4,2,2,1,1,2,5,2,5,2,2,5,4,2,1,4,4,5,4,4,2,4,4,4,2,4,5,2,2,2,5,2,4,4,1,4,5,4,5,4,2,5,5,2,2,5,4,4,5,2,4,5,2,4,4,4,5,3,2,2,5,2,2,1,229.0,176.0,193.0,172.0,180.0
306531,male,15,USA,4,3,5,4,5,4,4,3,5,5,3,4,4,4,5,3,3,5,4,4,5,5,3,2,2,4,4,3,4,5,4,4,4,4,5,4,2,5,5,3,1,5,5,4,4,5,4,5,3,5,4,3,2,2,4,3,5,2,4,4,3,4,4,3,4,2,5,5,3,5,3,4,4,4,5,5,3,5,4,4,3,5,4,1,2,3,3,3,4,4,4,4,4,3,3,2,3,3,3,2,1,5,3,5,5,2,4,4,4,3,2,5,4,2,2,3,3,1,4,4,4,4,4,4,4,2,4,5,3,4,1,5,5,4,4,4,3,2,3,5,5,3,4,2,4,4,5,3,2,5,3,4,3,4,4,3,3,4,5,2,2,4,4,4,5,1,1,5,5,5,4,4,2,1,2,5,4,3,3,1,2,2,3,4,4,2,3,3,3,2,1,3,4,4,5,3,1,4,3,4,3,3,5,1,3,2,5,3,4,3,2,4,5,4,4,3,5,2,4,1,2,5,4,3,3,4,2,3,4,5,3,1,4,1,2,3,5,2,4,3,4,4,4,3,5,3,5,5,4,4,2,4,4,5,5,4,2,5,4,4,4,1,4,3,2,2,5,2,3,5,3,5,5,4,5,4,4,2,3,3,2,4,2,4,4,2,3,3,2,5,4,5,4,2,3,5,5,1,3,2,204.0,208.0,224.0,206.0,212.0
306885,male,17,USA,3,5,1,3,4,3,5,2,5,3,3,4,5,4,3,1,4,4,4,5,3,5,2,2,3,2,4,3,4,5,3,4,5,3,5,3,5,5,3,2,1,4,3,4,4,3,4,4,3,4,4,4,1,3,3,2,5,3,4,3,2,4,3,3,4,3,5,4,4,4,2,3,3,4,3,5,3,4,4,4,4,5,4,1,1,3,3,2,3,2,3,4,4,3,3,2,4,3,3,2,1,4,4,4,4,2,3,4,3,4,3,4,3,3,1,4,3,2,2,2,4,4,4,4,4,3,4,4,1,2,3,4,5,4,5,2,5,2,3,3,4,5,5,3,3,3,5,2,4,3,2,4,4,3,4,3,4,4,4,4,2,4,3,4,2,3,1,3,2,5,3,4,4,2,2,1,4,4,4,3,1,4,2,3,4,3,3,2,3,2,3,4,3,3,2,2,4,3,3,4,3,3,3,2,3,2,5,3,3,3,4,4,4,2,3,3,4,2,4,4,4,4,3,3,3,3,2,3,4,4,2,4,3,3,2,2,4,4,3,2,2,4,2,2,4,2,4,4,3,4,1,3,5,3,3,3,4,2,2,2,4,4,3,3,2,2,4,2,3,2,2,3,5,3,4,4,2,4,2,3,2,4,4,4,3,1,5,3,3,4,4,3,2,3,2,1,4,2,3,1,188.0,197.0,213.0,190.0,175.0
308716,female,21,USA,5,5,5,4,5,5,5,5,4,2,4,5,5,5,5,2,5,5,5,5,3,5,2,2,1,4,5,3,4,4,2,5,5,4,5,5,5,5,5,1,1,5,5,5,5,4,5,5,1,5,5,5,3,2,4,1,5,5,5,4,5,5,5,2,4,5,5,5,2,3,1,5,5,5,5,1,5,5,5,4,5,5,3,4,5,1,5,1,5,5,5,5,5,3,5,1,5,5,3,1,1,5,5,5,4,1,5,5,1,4,4,5,5,4,5,5,5,2,5,2,5,5,5,4,4,5,5,5,1,4,5,5,5,4,5,2,5,4,3,4,5,1,5,5,4,5,5,3,4,2,4,4,5,5,5,5,4,5,5,1,2,4,5,5,4,2,4,5,1,5,4,4,5,2,5,1,5,5,2,4,4,5,5,2,4,5,5,4,2,2,1,5,5,5,5,2,4,5,2,5,1,5,5,2,5,1,5,2,2,4,1,5,5,2,4,5,4,5,5,5,4,5,5,5,5,2,2,5,5,5,1,1,5,2,5,1,5,2,5,2,2,5,5,2,5,2,5,5,5,5,1,2,5,5,5,1,2,5,4,5,1,4,5,4,5,5,5,1,2,5,1,4,5,5,5,1,2,5,5,2,1,5,5,1,4,5,5,4,4,1,5,5,2,4,5,2,5,1,4,2,239.0,223.0,263.0,225.0,214.0
308738,female,21,USA,5,2,4,4,4,1,2,5,3,2,3,4,2,3,2,4,5,4,5,2,4,3,2,4,2,3,4,5,5,4,3,2,4,3,4,2,1,5,2,2,3,3,5,4,4,5,5,5,4,4,5,5,4,3,2,3,4,5,5,4,3,3,4,4,4,1,1,5,5,3,3,2,5,4,4,4,2,4,5,4,2,3,3,1,1,4,4,5,5,2,5,3,4,3,4,2,2,4,5,2,4,4,5,4,4,4,3,4,3,2,1,1,4,4,2,4,3,5,4,1,5,4,4,3,4,1,5,5,2,2,3,4,5,2,5,5,4,4,1,2,4,4,5,1,4,3,3,5,4,2,2,2,5,4,3,2,1,5,5,1,4,5,4,2,2,3,1,4,5,2,4,3,5,2,1,2,3,4,5,1,3,2,5,2,2,2,2,4,4,1,4,3,4,3,4,4,3,4,5,4,4,5,5,3,1,3,4,5,5,1,4,3,4,2,4,2,1,5,5,1,4,4,4,3,5,3,2,2,5,4,3,5,5,2,2,2,4,5,5,2,2,5,4,1,4,1,3,5,5,2,3,4,4,5,4,4,2,4,5,3,4,5,5,1,2,4,4,4,4,2,2,3,5,3,4,4,2,5,4,4,4,5,4,3,5,5,4,5,5,3,2,4,4,4,2,4,4,5,3,2,221.0,179.0,203.0,210.0,217.0
310235,male,18,USA,4,3,5,1,4,5,1,1,1,4,3,3,2,3,4,5,3,5,3,4,3,5,4,1,2,3,3,4,1,4,2,1,4,4,5,5,2,5,4,3,1,4,2,4,1,4,3,2,5,4,5,5,3,4,3,2,4,3,2,1,2,3,4,1,4,5,4,4,5,5,3,5,1,1,5,4,5,5,5,3,4,5,4,5,3,3,4,1,1,4,4,3,4,1,5,3,4,1,1,3,1,3,4,2,2,3,3,5,1,1,3,1,5,3,3,5,5,5,4,1,4,3,4,1,5,5,5,3,2,4,3,5,4,5,4,3,5,4,1,3,5,4,2,1,4,1,5,4,1,1,4,1,2,3,5,5,1,2,3,1,1,1,3,1,2,5,1,1,1,5,4,3,2,2,2,3,5,1,5,2,2,3,4,1,1,3,1,1,2,1,4,3,4,2,2,5,5,1,1,5,5,5,1,2,1,2,5,4,1,1,5,4,5,2,4,5,1,1,2,4,3,1,1,3,3,4,1,1,2,5,1,2,1,2,3,1,5,1,1,2,1,2,2,3,4,2,2,3,1,4,1,5,1,2,3,4,5,2,1,2,3,3,1,1,3,2,5,3,1,1,1,2,5,3,1,5,2,1,2,4,2,1,1,4,2,2,5,3,1,3,4,5,2,5,4,3,1,2,1,2,184.0,173.0,169.0,170.0,176.0
312248,female,32,USA,5,5,4,4,5,4,3,5,5,5,3,3,5,5,5,3,5,2,2,5,3,3,3,3,4,4,4,5,3,4,4,4,3,4,4,4,5,5,5,5,3,4,5,5,4,5,5,5,3,5,4,4,4,4,5,2,4,1,4,3,3,4,3,3,4,4,4,4,3,5,3,3,4,5,4,2,5,5,5,4,4,4,3,5,4,3,3,4,5,5,5,5,3,4,4,3,4,5,4,5,2,4,4,5,4,4,5,4,2,4,2,3,3,3,5,4,3,4,3,2,4,5,2,5,3,4,5,5,5,5,3,3,4,3,4,3,4,2,3,4,3,1,3,4,4,3,4,5,5,3,4,4,3,2,4,4,4,5,5,5,2,3,4,4,5,4,4,3,3,4,2,3,3,3,4,2,2,3,4,5,5,5,3,4,4,4,4,5,4,4,2,4,4,4,4,2,2,3,3,5,2,4,2,3,4,3,3,3,3,4,2,4,4,3,3,4,3,5,5,4,3,4,4,4,5,4,2,2,3,5,3,2,2,3,4,2,4,3,3,5,4,5,2,2,3,3,3,5,5,2,4,2,4,5,5,4,4,4,5,4,4,5,3,4,4,3,3,3,4,3,2,3,3,4,4,3,3,5,5,4,2,4,5,4,5,2,4,3,4,5,3,4,4,4,4,4,3,1,5,5,224.0,238.0,224.0,225.0,209.0
313197,female,24,USA,4,3,2,1,4,3,4,3,5,3,2,4,4,4,3,1,2,4,3,3,4,4,3,3,1,1,2,3,2,2,3,3,3,4,4,3,3,5,3,4,1,2,2,2,5,3,4,5,3,4,1,1,2,3,3,4,5,3,4,3,1,3,3,1,4,3,3,3,5,2,1,4,3,3,4,2,3,4,3,4,2,3,2,1,2,3,4,3,3,2,3,3,3,3,3,2,3,5,4,3,1,4,3,4,4,2,5,4,2,4,1,4,4,4,2,2,3,3,2,2,3,4,4,3,4,4,3,4,3,2,2,3,3,3,3,3,4,2,3,4,5,3,3,3,4,4,4,3,3,3,4,3,4,4,4,4,3,3,5,4,1,5,5,5,4,4,2,4,2,4,3,4,3,2,4,3,3,3,5,5,3,4,3,4,3,4,5,5,4,1,3,4,4,3,4,4,2,2,4,3,3,5,3,2,5,3,4,4,4,4,3,4,5,2,4,4,4,4,5,4,5,1,4,5,2,3,4,3,3,1,2,1,4,4,4,3,5,3,3,4,4,2,3,3,5,2,5,5,5,2,2,4,3,5,3,3,4,5,2,5,5,1,3,3,2,2,4,3,3,2,2,3,5,5,4,4,4,5,5,4,2,4,4,4,3,1,5,3,2,5,5,5,4,2,2,2,5,5,4,1,203.0,192.0,200.0,205.0,184.0
313450,male,18,USA,4,2,4,3,3,3,1,1,2,2,3,3,4,2,1,4,4,4,3,2,1,5,3,3,3,4,2,4,4,3,3,2,3,3,3,4,1,3,1,1,4,2,2,3,3,4,4,2,2,3,5,3,4,1,2,4,3,5,3,2,4,1,5,1,1,3,2,5,3,3,3,3,1,2,5,5,5,5,5,3,5,3,4,1,3,5,4,4,3,5,4,1,5,3,4,3,1,1,4,3,3,3,5,2,3,3,2,4,2,3,4,1,5,1,2,4,4,5,1,1,5,2,4,2,4,3,1,2,1,3,3,3,5,3,2,5,3,3,2,3,2,3,5,2,2,4,4,5,3,2,4,1,5,3,3,4,2,1,2,3,5,4,4,3,3,5,3,3,2,3,3,3,4,3,2,4,3,2,3,2,4,1,5,3,2,3,2,1,4,2,2,4,4,2,3,4,2,4,4,3,3,4,5,3,1,3,5,5,5,1,1,1,5,1,4,3,2,1,2,4,4,4,5,2,4,2,1,1,4,5,4,3,4,1,1,4,5,4,2,2,4,4,4,2,3,3,3,1,3,1,5,3,4,3,3,4,1,3,3,2,3,3,5,3,2,3,4,4,3,2,2,4,4,3,5,4,3,1,4,4,4,3,4,3,4,2,3,5,2,3,4,4,4,2,2,3,4,5,5,2,200.0,158.0,177.0,170.0,212.0
313620,female,17,USA,4,4,4,3,3,3,4,5,3,4,3,3,4,4,4,3,5,4,3,4,2,4,3,2,2,4,3,3,4,4,4,3,2,4,4,3,4,5,4,3,2,4,4,4,4,4,5,5,3,5,3,4,3,2,4,4,4,4,4,4,4,4,3,3,4,4,4,5,3,3,3,3,4,5,3,2,5,4,4,4,3,3,3,4,3,2,3,4,4,4,4,4,3,3,4,2,4,4,3,3,2,3,4,5,5,2,4,4,4,4,2,4,4,3,4,2,3,5,2,4,3,4,2,4,4,2,4,4,3,4,3,4,5,4,4,3,3,2,3,4,3,2,4,3,4,4,4,3,5,3,5,4,4,4,3,2,4,5,5,3,2,4,3,4,4,2,3,4,5,4,2,2,4,3,4,4,4,5,5,4,2,4,3,3,2,4,4,5,4,3,2,4,4,5,5,4,2,3,4,2,2,2,4,2,5,3,4,2,4,4,3,4,4,4,3,2,3,5,4,3,3,4,4,4,4,3,5,3,5,5,2,2,3,3,5,2,4,4,2,4,3,4,3,3,4,2,3,4,5,2,2,4,4,4,4,3,2,3,4,5,2,2,5,3,4,2,4,2,4,5,2,2,4,4,5,2,5,4,4,3,2,3,4,4,3,2,3,3,4,5,4,4,3,3,3,3,2,4,4,5,223.0,218.0,214.0,202.0,197.0
313657,female,18,Philippines,5,2,5,5,5,3,2,5,1,3,3,4,5,4,4,4,4,4,4,5,3,5,4,3,5,4,4,3,5,4,5,3,5,5,4,2,2,5,4,4,2,3,4,3,5,4,4,4,4,5,4,5,4,3,3,4,4,1,5,5,4,3,5,5,4,3,5,5,2,4,2,4,4,3,3,4,4,4,4,5,3,4,5,2,5,2,5,4,4,4,4,3,5,5,4,1,3,5,4,4,2,4,5,4,4,4,4,4,5,5,3,3,4,3,5,3,3,1,3,4,4,4,5,5,4,2,4,5,2,4,2,4,5,4,4,4,3,2,3,4,4,3,4,4,4,5,4,2,4,2,3,2,4,4,4,3,3,5,4,4,3,3,5,5,3,3,3,4,5,4,2,3,5,5,5,4,4,3,5,2,3,3,5,5,4,2,4,5,5,4,2,3,5,4,4,4,3,4,5,2,4,3,2,3,5,2,3,2,4,4,3,3,5,4,3,3,2,4,4,4,3,5,5,5,5,4,2,3,5,5,2,3,4,3,4,3,5,3,4,2,4,4,5,4,5,2,2,5,5,4,3,3,5,5,4,4,2,3,4,4,3,5,4,5,4,2,5,2,4,4,4,2,4,5,4,3,2,5,4,4,3,3,5,5,4,2,3,2,4,5,4,2,4,4,3,4,3,3,5,4,229.0,234.0,219.0,228.0,212.0
314848,male,25,USA,3,4,5,4,4,2,2,4,5,5,2,5,3,5,5,2,3,5,3,1,3,5,5,2,3,2,4,3,3,5,2,4,3,5,5,1,3,5,4,4,1,4,4,3,4,3,5,5,3,5,2,5,5,3,3,5,4,2,3,4,2,5,4,3,4,1,5,5,4,3,2,4,4,5,4,2,4,5,4,5,2,5,5,2,3,1,4,3,4,4,2,4,4,3,5,1,5,4,4,5,1,4,5,5,5,2,4,5,3,4,1,3,5,4,5,3,4,2,3,4,2,4,1,5,5,1,5,5,4,5,1,4,5,5,5,3,5,2,4,5,4,1,5,4,4,4,5,4,4,3,2,3,5,4,5,1,3,5,5,4,2,5,4,5,5,2,3,4,5,5,2,3,5,4,5,1,5,4,5,5,2,4,4,4,4,1,4,4,5,4,1,4,3,5,5,2,2,5,4,5,2,2,4,4,5,1,5,2,4,2,2,5,5,4,5,2,4,4,5,4,5,4,4,5,5,2,4,3,5,5,4,4,5,1,3,1,5,4,4,2,4,5,4,4,4,2,4,5,5,4,2,3,4,5,5,2,3,5,5,5,1,5,5,5,4,2,4,2,4,5,1,4,5,4,5,3,3,5,5,3,3,3,4,5,5,5,5,5,4,5,2,4,5,3,4,5,4,1,5,5,242.0,236.0,238.0,209.0,193.0
314882,male,28,USA,4,5,4,4,5,3,4,3,5,4,3,5,4,4,4,3,4,4,4,4,4,4,4,3,4,4,3,2,4,3,4,4,3,4,4,3,4,4,4,4,1,5,4,4,5,3,4,5,3,4,4,4,3,3,4,3,4,3,4,4,3,4,4,4,4,3,5,4,4,4,2,4,4,5,5,1,4,4,5,5,3,5,3,4,4,2,3,3,3,4,3,4,4,4,4,1,4,3,3,3,2,5,4,4,5,4,4,4,3,4,2,2,4,3,3,2,4,4,4,3,4,4,3,4,4,2,2,4,2,4,3,4,4,3,4,2,4,2,4,4,5,2,3,4,4,3,4,3,5,4,3,4,4,4,4,2,3,3,5,4,2,4,4,4,4,2,3,4,5,5,4,2,3,2,3,2,4,3,2,2,2,4,4,4,4,2,4,2,4,5,2,4,4,4,4,4,3,5,5,4,4,3,4,2,4,2,4,3,3,2,2,4,4,3,4,3,2,3,4,4,4,4,4,4,4,2,2,2,5,5,2,3,3,3,3,3,4,3,4,3,4,4,4,3,4,2,2,3,4,4,2,3,4,5,5,2,2,4,4,4,2,3,4,4,4,4,3,2,4,4,2,4,4,5,5,2,3,1,4,3,2,4,4,4,5,1,4,3,4,4,4,2,2,4,4,2,4,1,3,2,205.0,214.0,223.0,213.0,195.0
315345,male,22,USA,4,1,4,5,5,2,1,2,3,2,1,4,4,2,4,2,2,3,5,5,3,4,4,4,1,1,2,1,4,3,2,2,3,4,5,2,1,4,4,2,1,4,4,4,4,3,2,4,5,5,4,3,3,4,3,2,4,2,4,4,2,4,3,4,4,2,4,2,3,2,2,4,2,3,4,4,2,4,4,3,2,3,4,5,5,1,2,4,4,4,2,3,2,4,4,1,4,3,4,2,2,4,4,4,4,4,3,5,4,4,4,1,4,2,4,2,3,4,2,4,2,3,3,2,4,2,3,4,4,4,2,4,4,2,4,5,3,2,4,3,5,3,4,3,4,2,4,4,4,4,2,2,4,5,4,2,3,4,4,2,2,4,2,4,4,1,1,2,5,4,3,2,3,3,4,2,5,4,4,5,1,3,4,4,4,2,4,3,4,2,2,2,2,3,5,4,1,3,4,4,3,3,5,3,4,2,4,4,4,4,2,3,4,4,4,2,2,4,4,2,1,2,3,4,4,2,2,3,5,4,2,1,4,3,4,2,4,4,4,3,2,3,4,2,4,2,2,4,4,4,2,2,2,4,5,3,2,4,4,4,2,4,4,4,5,2,4,4,2,4,2,3,4,4,4,3,2,2,4,3,2,3,3,4,4,2,3,2,4,4,2,4,4,4,4,2,4,2,3,3,196.0,193.0,183.0,210.0,175.0
317523,male,21,USA,5,4,4,4,5,4,3,4,5,5,4,5,5,4,5,4,5,2,4,4,1,3,2,3,2,4,1,1,3,4,4,2,2,4,5,4,3,5,5,5,3,4,5,4,4,5,4,3,4,5,4,4,2,3,4,4,3,1,4,4,5,2,3,4,4,4,3,3,4,4,4,1,3,4,4,2,3,3,2,4,4,3,4,3,3,3,2,4,5,4,5,4,4,3,4,3,2,2,4,4,3,4,5,4,4,4,4,2,2,3,3,1,3,4,4,4,2,1,3,4,5,4,2,4,5,3,2,5,1,5,3,4,5,2,3,3,4,2,4,4,2,2,5,4,5,4,4,1,4,4,2,3,5,5,5,4,2,4,5,5,4,3,4,4,5,4,2,2,4,5,4,2,4,3,2,4,3,5,4,4,4,2,3,4,3,4,3,2,3,4,3,3,4,4,4,5,2,3,4,5,4,2,1,3,4,4,4,2,4,4,5,4,4,3,2,2,2,4,3,4,4,4,4,4,4,2,3,3,5,5,3,2,2,1,2,2,4,4,4,4,4,4,4,2,4,2,2,2,4,5,3,3,4,5,5,5,2,5,3,4,2,1,2,4,2,3,4,3,4,4,3,2,3,5,5,4,3,1,4,5,3,4,4,4,4,2,3,3,2,5,4,3,1,2,2,4,4,2,4,4,192.0,214.0,191.0,215.0,227.0
318131,male,22,USA,2,3,5,1,3,1,1,5,4,5,3,5,1,4,5,1,3,3,1,4,1,4,3,4,5,1,1,3,1,5,1,3,4,2,5,1,2,5,5,5,3,5,2,4,5,4,1,5,5,4,1,5,4,2,5,2,2,3,1,5,1,3,5,1,5,1,3,5,3,4,2,5,2,1,5,1,2,5,2,4,2,4,4,1,4,1,1,2,3,4,1,2,5,3,5,1,1,3,2,5,1,5,5,1,4,4,3,4,1,2,1,1,3,4,5,4,4,5,1,5,2,4,4,1,5,1,3,5,2,5,1,5,5,5,3,5,2,4,3,4,1,1,5,1,5,1,3,2,4,5,1,4,5,5,5,1,1,5,4,5,1,5,1,2,5,1,2,3,5,4,1,1,5,2,2,1,5,4,3,5,1,2,5,1,5,1,1,5,3,5,1,3,5,2,5,1,1,4,5,5,1,5,5,1,1,2,4,1,3,5,1,4,5,1,5,2,1,5,1,5,2,5,5,2,5,2,4,1,5,1,1,1,5,1,2,1,5,3,1,5,1,2,5,2,5,1,1,5,2,5,1,2,2,2,5,3,4,5,5,5,1,5,5,4,1,5,3,3,2,5,1,2,5,2,5,1,1,5,5,5,3,2,2,4,5,1,4,4,5,5,1,5,4,4,1,1,5,1,2,5,209.0,206.0,187.0,158.0,166.0
318477,male,18,,4,4,4,2,4,2,2,4,5,3,4,2,3,4,4,3,3,5,3,4,2,3,4,4,2,2,3,1,3,4,4,3,3,3,4,2,2,5,3,1,3,3,4,3,5,4,3,5,3,4,4,4,2,4,3,3,3,2,3,3,3,2,4,4,4,3,4,4,3,5,4,4,3,3,4,3,3,4,4,4,2,3,3,4,4,2,2,3,4,5,3,3,3,4,4,2,2,3,4,4,3,3,4,4,4,4,3,4,4,3,1,1,3,4,3,1,4,3,4,3,3,3,3,3,4,2,2,5,2,4,2,3,4,4,4,4,3,2,3,3,3,3,4,3,4,2,4,1,3,4,4,3,3,3,3,2,3,4,5,3,3,3,4,3,5,3,2,1,3,4,2,4,3,3,3,2,4,4,4,2,4,2,3,2,4,2,3,2,4,3,4,2,2,3,4,4,4,4,5,4,2,4,4,3,3,2,5,3,4,3,3,3,3,2,2,2,3,1,3,3,3,2,2,3,2,4,3,2,5,4,4,4,2,2,2,2,4,2,3,2,2,2,3,2,3,2,3,5,4,4,1,2,2,3,4,3,2,4,2,3,3,5,2,3,4,2,3,2,3,4,4,2,4,5,3,2,2,1,3,3,3,4,3,3,4,2,2,4,4,4,1,4,2,3,3,2,5,1,2,4,187.0,191.0,191.0,196.0,174.0
320940,female,20,USA,4,5,3,5,5,2,5,5,5,5,2,5,5,5,5,2,5,4,5,5,4,5,5,1,4,3,5,1,4,4,2,5,1,5,5,2,5,5,5,5,1,5,5,5,4,1,5,5,1,5,1,5,4,1,4,1,5,1,5,1,1,5,1,5,4,4,5,5,2,5,2,5,5,5,5,1,5,5,1,5,1,5,3,1,5,1,5,1,1,5,4,5,1,4,5,1,5,5,4,3,2,5,5,5,5,1,5,5,5,5,3,5,5,3,4,4,5,1,4,2,4,5,1,4,5,1,5,5,2,4,4,5,5,5,5,2,3,2,2,2,5,2,5,3,5,4,5,1,5,2,4,5,4,5,5,2,5,5,5,2,1,5,4,5,4,4,3,2,5,5,4,3,5,2,2,1,5,2,5,3,2,5,1,5,3,2,5,5,5,4,1,5,4,4,3,5,5,3,5,4,4,5,5,2,4,1,5,2,5,2,4,5,4,5,5,2,5,5,5,3,4,5,5,2,5,1,4,2,4,5,4,4,5,1,4,1,5,4,4,1,5,5,2,2,5,2,5,5,5,4,1,5,5,5,5,1,1,5,5,5,1,5,5,1,4,1,5,2,2,2,4,5,4,4,5,1,5,5,4,3,1,5,5,5,4,1,4,1,5,4,4,5,5,1,5,1,5,1,1,1,222.0,244.0,257.0,189.0,190.0
321478,female,17,Canada,5,4,5,3,4,3,5,1,4,4,3,5,5,4,4,3,3,4,3,3,5,5,3,3,2,4,3,2,3,2,5,4,5,3,3,3,5,5,3,3,2,3,5,4,4,5,3,3,5,4,5,4,2,2,2,4,5,5,5,3,3,4,5,3,3,3,4,5,3,5,2,4,4,5,3,2,5,5,3,3,5,3,2,5,3,3,5,5,3,3,5,5,5,3,3,2,4,3,3,3,3,4,4,5,4,3,4,4,1,3,5,5,4,5,5,4,5,4,3,1,3,5,4,3,4,3,5,3,1,3,2,4,3,3,4,3,4,2,3,3,5,4,3,3,3,5,5,4,3,3,4,3,4,4,4,1,4,3,3,2,3,3,3,4,2,3,2,3,1,3,3,5,3,3,3,2,4,3,3,3,2,3,3,3,3,1,4,3,3,1,3,3,4,3,4,2,2,3,3,3,4,4,1,4,3,2,5,3,1,3,3,4,4,4,4,2,4,1,3,3,1,4,3,4,3,3,3,2,4,3,4,3,3,3,3,2,5,3,3,1,3,4,3,3,3,1,4,4,4,1,1,2,3,4,3,1,2,3,3,4,3,4,3,3,3,3,4,3,3,3,2,4,4,4,4,1,3,3,3,3,1,3,4,4,4,1,3,3,2,4,3,4,4,4,3,3,4,2,4,3,202.0,190.0,210.0,196.0,200.0
321893,male,45,Serbia,3,5,5,4,5,4,5,4,2,5,4,5,5,5,5,5,4,5,2,5,4,3,5,1,4,1,3,3,2,4,2,5,3,4,5,4,4,4,4,4,2,5,4,3,5,1,3,3,1,4,1,4,4,1,4,2,3,2,4,4,1,5,1,3,2,4,4,4,2,4,4,1,4,4,5,1,2,5,2,5,2,4,5,2,4,1,2,3,4,2,1,4,3,4,5,2,5,4,2,5,2,5,5,4,5,1,4,4,2,5,4,4,5,3,4,1,1,5,4,5,4,3,2,3,5,4,3,4,4,4,3,5,5,3,5,2,4,2,2,5,4,1,5,2,5,4,3,2,4,4,2,5,5,3,4,5,3,4,5,5,2,5,5,4,5,1,5,4,2,5,1,1,5,2,4,1,4,4,4,4,4,5,1,4,4,2,4,4,2,5,2,5,5,4,5,4,3,4,3,5,4,2,4,2,3,1,4,2,2,2,2,5,5,3,5,4,5,3,5,4,4,5,1,5,2,1,4,5,4,5,2,3,5,1,4,1,3,4,5,4,2,4,4,2,5,3,5,3,2,5,2,5,5,4,5,4,5,2,2,5,2,4,5,2,4,1,4,2,2,5,1,4,5,4,5,3,2,3,4,5,2,4,5,5,5,1,4,4,5,5,4,2,4,1,4,2,4,3,3,2,227.0,241.0,200.0,194.0,189.0
322072,male,18,USA,1,4,5,3,4,2,1,3,4,2,1,4,3,4,4,2,2,3,5,5,5,4,4,3,1,1,3,5,4,4,5,3,4,3,4,2,2,5,4,4,5,4,5,3,4,5,2,4,4,4,4,2,1,5,4,1,4,3,4,2,2,4,5,2,4,1,5,4,1,2,4,4,3,5,3,4,2,4,4,4,4,4,5,5,3,1,5,2,4,4,1,4,5,2,4,1,4,1,4,3,5,4,1,4,4,2,2,3,1,4,2,2,4,4,2,2,5,5,2,5,2,5,5,2,4,1,1,4,1,4,4,4,4,4,5,5,4,1,1,4,5,2,5,3,4,1,3,4,4,4,1,1,5,2,4,1,1,4,2,4,3,4,1,4,4,3,1,2,2,2,4,1,5,4,4,1,2,2,5,4,1,4,5,2,5,1,2,2,4,2,2,4,1,4,5,2,1,4,3,4,5,4,4,5,3,4,1,2,1,2,2,4,5,1,4,2,1,2,4,2,4,4,4,2,4,2,1,1,2,5,5,2,5,2,4,5,5,1,4,4,5,4,5,1,3,1,2,1,4,3,3,2,2,4,4,2,1,4,1,4,1,1,2,4,4,2,4,2,3,2,2,1,5,2,5,1,1,5,4,1,4,2,4,4,4,1,4,1,1,5,2,4,4,4,4,1,5,1,4,1,197.0,183.0,180.0,195.0,176.0
323583,female,21,Estonia,3,4,5,4,2,1,1,5,5,2,3,3,5,4,5,1,1,5,4,1,1,5,4,1,2,2,5,5,5,3,2,5,5,4,5,1,3,5,3,2,1,3,5,5,5,3,3,5,1,4,5,5,5,4,4,4,5,5,5,4,1,4,4,3,4,1,4,5,5,4,1,3,5,4,5,2,4,5,5,2,1,5,5,1,2,1,5,5,5,3,1,4,5,4,4,1,4,4,5,1,1,3,5,5,5,1,4,5,2,5,1,1,4,3,2,2,5,5,5,3,4,5,4,4,4,1,5,5,4,1,2,2,5,4,5,1,5,5,3,5,1,1,5,5,3,2,5,5,4,3,2,2,5,5,5,1,3,5,5,5,2,4,5,5,5,2,2,5,5,4,2,2,5,3,2,3,5,5,5,2,2,4,4,4,4,1,5,3,5,4,2,5,5,5,3,1,2,5,5,4,1,4,5,3,4,2,4,5,5,4,2,5,5,3,5,1,2,4,5,5,1,5,4,4,5,1,5,5,5,4,1,1,5,2,3,2,5,5,5,4,2,5,5,5,5,3,5,4,5,2,1,5,5,5,5,1,3,5,5,5,1,5,5,5,5,1,5,5,5,4,1,4,5,5,5,1,5,4,5,2,3,5,5,5,5,1,5,5,5,5,1,2,5,5,2,2,5,1,5,2,260.0,197.0,220.0,217.0,194.0
323697,male,26,USA,4,2,5,2,5,3,1,3,5,5,1,4,5,4,5,4,2,3,5,5,4,4,5,5,5,4,4,5,4,5,2,2,5,2,5,4,2,5,5,5,1,4,1,4,5,2,2,5,5,5,1,5,5,4,5,2,4,5,3,5,2,3,5,2,5,3,2,5,5,5,1,5,5,3,3,4,2,5,5,5,1,5,5,5,5,2,3,3,5,5,3,4,5,2,5,1,4,3,2,5,1,3,5,3,5,5,5,5,1,5,1,2,5,5,5,1,3,3,1,5,2,3,5,2,5,4,5,5,1,5,2,5,5,5,4,5,5,4,3,5,4,2,5,1,5,3,5,5,1,3,1,1,5,4,5,2,2,5,5,5,1,5,4,1,5,1,2,2,1,5,1,2,4,1,5,2,5,4,3,4,1,3,5,2,3,2,1,5,2,5,1,2,3,1,5,5,2,4,1,5,1,5,4,1,5,1,5,2,1,4,3,2,5,1,5,4,2,5,2,5,1,3,2,3,4,2,4,2,1,5,1,3,4,1,3,1,5,2,4,4,1,2,5,1,5,2,3,5,3,5,1,1,3,4,5,3,1,5,2,5,1,5,4,5,4,1,4,2,2,5,3,2,5,2,3,1,1,5,5,5,1,2,3,4,4,1,5,4,1,5,2,5,5,5,5,2,5,1,1,5,235.0,225.0,178.0,206.0,177.0
325640,female,16,USA,5,2,4,4,4,3,5,5,5,3,4,4,4,5,4,2,3,4,3,4,5,5,4,3,2,4,3,1,5,4,4,2,4,3,4,4,3,5,4,2,4,3,4,4,5,5,3,5,4,4,5,5,2,2,4,4,3,2,5,3,1,3,4,4,3,3,4,1,4,5,4,4,4,4,5,4,3,4,4,3,2,3,2,4,2,5,3,2,4,3,5,3,4,4,4,3,3,4,3,4,5,2,3,5,4,2,2,3,3,2,4,4,2,3,4,4,3,1,4,2,5,3,4,3,4,2,4,5,2,5,2,3,4,2,4,5,2,2,4,3,5,3,4,5,4,5,2,1,5,4,4,3,3,4,4,4,4,5,4,2,4,4,5,5,4,4,2,4,4,4,4,4,4,5,2,4,2,5,5,3,4,4,5,4,2,4,3,3,4,1,4,3,4,4,5,2,2,4,4,4,4,2,2,5,2,3,5,1,3,3,4,4,4,2,2,4,4,4,5,2,5,4,4,4,4,3,2,4,5,5,4,2,4,3,2,2,5,3,2,2,2,5,4,3,4,3,4,5,5,4,4,3,4,4,4,4,2,4,4,4,4,5,5,3,2,4,2,2,3,4,4,4,5,4,5,5,4,4,5,4,4,4,4,4,4,1,3,3,2,3,4,4,2,4,4,4,5,1,4,2,192.0,208.0,210.0,233.0,226.0
326073,male,22,USA,4,5,5,4,4,2,1,4,5,5,3,5,4,5,5,2,5,2,4,5,4,5,5,3,5,4,3,1,2,4,4,5,1,4,5,3,4,5,5,5,1,5,4,4,5,4,5,5,2,5,2,4,4,2,4,2,4,5,3,4,2,4,4,3,5,2,5,5,1,5,2,4,5,5,5,1,5,5,5,5,2,4,5,4,5,1,3,3,2,5,3,5,4,5,5,2,5,2,3,5,2,4,5,5,5,3,5,5,1,5,2,2,4,4,5,2,4,1,4,4,3,4,2,5,5,2,4,5,2,5,1,4,5,5,5,2,4,2,4,4,4,1,4,2,5,2,5,1,2,4,2,5,2,5,5,4,3,5,5,5,1,5,3,3,5,1,2,4,5,5,2,2,5,1,4,2,5,4,2,2,2,5,4,4,4,1,5,4,4,5,1,5,4,4,5,1,2,2,5,5,3,4,2,1,5,1,5,2,4,4,5,4,5,2,4,1,4,5,4,4,1,5,5,4,4,1,4,1,4,5,2,1,4,2,4,1,5,2,4,4,3,4,2,4,5,2,4,5,5,5,1,3,2,5,5,5,2,5,5,5,5,2,4,4,5,1,5,2,2,5,2,4,5,5,5,2,2,2,5,5,1,4,5,5,5,1,5,2,5,5,4,4,4,4,5,2,4,1,2,4,227.0,231.0,226.0,209.0,192.0
326855,male,18,USA,4,3,3,3,3,4,3,4,4,3,4,4,4,4,3,3,3,3,4,3,4,3,4,3,2,3,4,3,1,2,3,4,4,4,3,4,3,4,3,2,3,4,4,4,4,3,3,4,2,2,3,4,4,5,2,2,4,4,2,2,2,4,5,4,4,4,4,4,3,3,4,4,4,4,2,2,2,4,4,3,4,4,4,4,2,2,4,4,3,3,2,4,5,4,4,4,1,1,1,3,4,4,4,4,3,3,4,4,3,3,4,2,4,2,2,4,4,5,2,2,5,5,5,5,5,5,5,5,1,4,4,5,5,5,5,2,4,4,4,2,4,4,5,3,2,5,5,3,4,2,2,2,5,4,4,4,1,5,4,1,2,5,5,4,2,4,2,5,4,5,5,4,5,4,1,2,4,5,5,2,1,4,5,4,4,4,2,1,4,1,2,4,4,4,4,4,2,4,4,4,4,4,3,3,2,2,4,2,2,4,2,4,4,2,4,4,2,3,4,2,4,5,4,5,2,2,2,3,4,2,4,3,4,2,1,2,4,4,2,4,4,4,5,2,5,4,2,2,2,2,2,2,2,4,3,2,2,2,2,2,4,4,5,4,1,2,5,4,4,2,2,4,5,5,4,4,2,4,5,4,4,5,4,4,2,2,2,4,4,2,4,4,4,4,1,4,4,5,4,2,211.0,183.0,205.0,208.0,207.0
327410,female,53,USA,2,4,1,4,5,2,4,4,2,4,2,2,4,4,5,2,4,4,2,2,4,4,2,2,2,3,4,2,4,4,2,4,3,3,4,4,2,5,4,4,1,4,4,4,5,2,3,4,4,5,2,4,2,2,3,3,4,2,4,4,2,4,3,4,4,3,4,3,4,4,2,2,4,5,5,2,3,3,1,3,2,4,3,5,3,1,3,1,4,5,3,3,2,4,4,2,4,5,4,4,2,3,3,4,5,3,4,4,5,3,1,2,4,4,4,3,2,1,3,4,3,4,3,4,4,3,4,5,3,3,2,3,4,3,4,2,3,3,3,4,2,2,3,4,4,3,4,5,5,5,4,5,3,4,4,2,4,5,5,4,1,5,5,5,4,2,2,4,3,3,3,2,3,2,4,2,4,4,5,3,3,4,3,3,4,2,3,4,5,1,4,2,4,4,5,3,5,3,5,5,4,4,4,2,5,3,5,2,4,4,4,4,4,4,5,2,4,3,5,3,2,4,5,5,5,3,2,3,5,5,2,1,3,3,3,2,4,5,5,4,3,5,4,4,5,2,4,5,4,2,2,2,4,5,5,4,3,3,4,5,3,2,3,4,4,2,4,2,4,4,3,4,4,5,5,4,2,5,5,5,3,4,5,5,5,2,4,4,3,5,5,4,3,4,4,3,5,3,5,2,207.0,220.0,215.0,215.0,188.0
328681,female,15,USA,4,4,4,4,4,4,2,4,3,4,3,3,4,3,3,2,3,3,2,4,2,4,5,3,3,3,3,2,4,4,3,4,3,3,4,4,3,5,3,4,3,4,4,4,3,4,3,5,2,3,2,3,4,2,3,2,4,4,4,4,2,4,3,4,3,2,3,4,3,4,2,5,4,3,4,2,3,5,4,3,3,3,4,4,3,2,2,4,4,2,3,3,5,3,2,3,2,3,3,3,2,4,5,4,3,2,4,4,3,3,3,2,4,3,3,2,4,5,3,4,4,3,2,3,4,3,4,4,2,4,3,3,5,3,4,3,4,4,3,4,4,3,5,3,3,4,4,2,4,3,3,4,3,2,4,3,3,4,4,2,2,4,4,3,2,3,2,4,2,4,4,3,4,2,4,3,3,3,4,2,3,4,3,4,4,3,3,3,3,4,3,4,4,3,3,4,4,4,3,4,3,4,5,2,4,2,3,2,3,3,2,4,4,3,5,4,4,4,2,4,4,4,5,3,3,2,3,3,4,5,3,2,4,2,4,2,4,3,3,2,4,4,5,2,3,2,4,5,3,4,2,3,4,4,4,3,4,5,2,3,3,4,4,3,3,2,4,2,2,4,2,3,4,3,4,3,3,4,4,4,3,4,4,4,4,2,4,3,2,4,4,5,4,4,2,3,5,3,2,2,219.0,201.0,201.0,192.0,188.0
329583,male,20,Australia,4,2,2,4,4,4,2,2,5,3,3,3,2,4,4,4,2,2,4,2,3,4,4,5,2,2,2,3,4,3,2,3,4,4,3,4,2,5,4,2,2,2,3,4,4,4,2,3,3,2,3,2,4,3,2,2,4,4,4,4,3,3,3,3,3,2,4,2,4,3,2,2,3,3,3,4,2,4,4,3,4,4,4,5,2,4,4,3,5,3,2,4,4,4,3,2,4,2,4,3,2,2,4,4,3,4,2,2,3,2,2,1,4,4,2,4,3,5,2,3,3,3,2,4,2,4,4,3,3,4,2,3,4,4,4,4,4,2,2,2,4,2,4,4,4,2,4,3,4,4,2,2,4,4,4,4,3,3,4,2,2,3,2,4,4,2,2,2,4,2,3,2,4,4,2,2,4,4,5,4,2,2,2,4,3,3,4,4,4,2,4,2,2,4,4,4,2,2,4,2,2,2,4,3,2,3,4,3,3,4,4,4,2,4,3,3,2,2,4,2,2,2,4,4,4,4,1,2,4,2,2,1,3,2,2,2,4,3,3,4,4,4,4,2,3,2,2,4,4,2,2,2,2,4,4,4,2,4,4,2,2,3,4,4,2,2,4,3,4,4,4,4,4,4,4,3,3,4,4,3,3,2,4,4,4,3,4,2,4,4,2,4,4,4,2,2,4,2,4,2,189.0,172.0,180.0,209.0,186.0
329857,male,21,USA,4,4,4,3,4,3,2,1,5,4,4,4,4,4,4,2,4,5,3,4,3,5,2,3,4,3,3,2,2,4,3,4,4,4,4,3,4,5,4,5,3,3,4,3,5,4,4,4,4,5,3,4,4,3,4,3,5,4,4,4,3,4,4,3,4,3,4,3,3,4,3,3,3,3,4,4,4,4,3,3,4,4,4,4,4,3,4,2,3,4,4,4,4,4,3,4,4,2,5,4,3,3,4,4,5,3,3,4,2,4,1,3,4,3,4,4,4,4,3,2,4,4,4,4,4,3,3,2,3,4,3,3,4,3,4,5,4,2,2,4,5,3,4,2,4,4,3,5,3,3,3,3,3,3,4,3,2,2,3,3,4,2,3,3,3,4,2,2,2,3,3,3,2,2,2,3,3,2,3,2,2,2,2,3,2,3,2,2,3,3,3,2,2,2,3,3,2,2,3,3,3,4,2,2,3,3,4,3,3,2,3,2,4,3,2,2,3,1,2,4,2,2,2,3,3,2,1,2,4,4,2,3,2,2,3,2,4,2,2,2,4,3,2,2,2,2,2,2,3,4,3,3,2,4,2,3,3,2,2,3,3,2,1,2,2,3,3,3,3,2,2,2,4,2,4,4,2,4,3,3,4,3,3,3,3,2,2,2,2,4,3,4,3,3,3,3,4,5,2,2,191.0,194.0,188.0,189.0,175.0
330683,female,17,USA,5,2,5,3,3,4,4,4,5,4,5,2,5,4,5,5,4,3,4,3,4,4,3,4,2,5,3,3,4,4,5,3,4,2,3,4,2,5,5,4,5,1,5,4,4,5,3,3,5,4,4,3,3,4,3,5,4,2,4,5,4,2,5,3,2,4,3,4,3,4,5,3,3,4,4,5,3,4,5,2,3,4,3,5,2,4,5,1,4,4,5,3,5,2,1,3,2,5,4,4,5,2,4,5,5,5,4,4,4,5,4,3,3,3,3,2,5,1,5,4,5,4,5,4,3,2,5,4,2,5,5,1,5,4,5,5,4,2,5,4,5,3,4,5,2,5,3,3,2,4,5,2,5,2,4,4,2,4,5,2,5,2,5,5,4,4,3,4,2,5,4,2,4,5,3,4,2,4,5,4,4,2,5,2,3,4,2,5,5,2,5,1,5,5,4,5,2,4,5,2,4,5,3,3,2,4,5,2,3,4,5,2,5,1,2,4,3,5,5,4,5,2,5,5,4,5,2,3,5,4,2,1,4,4,2,4,5,2,4,4,5,2,5,1,3,3,4,5,5,4,5,1,5,5,4,3,2,4,4,5,2,2,2,3,3,4,5,2,2,5,2,2,5,3,5,4,1,5,4,2,5,1,5,4,3,5,4,3,4,2,3,5,4,5,2,5,5,1,5,1,209.0,201.0,215.0,232.0,239.0
330822,female,40,USA,4,5,5,3,5,1,2,4,1,5,3,5,5,4,4,1,5,5,3,5,3,4,5,5,5,3,3,2,4,4,2,3,3,3,5,1,3,5,4,5,1,4,4,4,5,3,5,5,5,5,5,5,4,5,5,1,4,1,5,5,2,5,3,2,5,1,4,4,3,4,1,4,4,4,5,4,5,4,2,4,3,4,4,4,4,1,3,2,2,3,2,4,3,4,5,1,5,5,5,5,1,4,3,4,4,3,4,4,4,5,1,3,4,2,4,2,3,1,2,5,1,4,3,4,4,1,3,5,3,4,2,4,3,3,4,1,5,4,5,4,3,1,4,4,4,2,4,2,4,4,3,1,4,4,5,2,4,4,5,5,1,5,3,5,5,2,2,3,2,4,3,3,4,3,5,5,5,3,5,4,1,4,4,3,4,2,4,4,3,5,5,3,2,4,5,4,2,4,4,4,2,1,4,2,4,1,5,1,2,3,3,5,4,3,5,1,2,4,5,5,5,4,3,5,2,2,3,3,5,5,1,3,1,1,4,1,4,3,4,4,3,4,4,2,4,2,4,5,5,4,1,2,4,4,5,1,2,3,4,5,2,3,4,4,5,5,5,1,3,5,1,4,4,5,3,2,2,4,5,4,2,5,4,4,5,1,4,4,4,5,3,4,3,3,4,2,2,1,4,4,219.0,233.0,220.0,201.0,168.0
331287,male,25,USA,4,4,5,4,4,4,5,5,2,3,2,4,3,5,4,3,2,2,4,3,4,5,5,4,1,3,3,4,3,3,2,4,4,4,3,4,4,4,3,1,2,4,5,5,4,2,2,5,4,2,4,4,4,2,2,2,5,4,5,4,2,4,4,4,4,4,4,4,2,3,2,4,3,4,4,2,1,5,4,3,2,5,4,4,2,2,5,2,3,2,3,4,4,4,4,2,4,4,3,3,2,4,4,4,4,2,3,4,2,2,4,4,4,3,3,3,4,3,3,3,3,4,4,4,4,4,4,5,2,4,2,3,3,4,4,2,4,4,2,2,5,4,5,3,3,2,5,4,4,4,4,4,4,4,4,4,5,4,3,2,2,4,2,4,4,2,2,3,2,2,4,3,4,2,2,2,4,3,4,4,2,4,4,4,4,3,4,4,4,1,2,4,2,4,4,4,2,3,4,4,5,4,4,2,2,2,5,3,3,4,4,3,5,2,4,4,4,4,2,2,2,3,3,4,2,2,1,2,4,2,4,4,4,2,2,2,4,4,4,2,4,4,4,2,4,2,4,4,4,4,2,4,3,4,4,2,2,3,4,1,4,2,4,4,2,2,4,3,3,4,1,4,4,4,4,3,4,4,4,2,2,4,4,4,4,2,4,4,4,2,4,5,4,2,2,2,4,2,3,2,210.0,183.0,210.0,203.0,194.0
331450,male,17,Philippines,1,4,5,5,4,1,4,5,2,2,1,4,5,5,3,1,1,4,4,3,4,5,5,2,1,1,4,5,4,3,1,4,4,5,5,2,3,5,2,1,1,4,5,5,4,2,2,4,4,1,5,5,5,2,3,1,5,5,5,4,1,5,5,5,4,1,5,4,4,1,1,4,5,4,5,1,5,5,5,2,5,4,5,1,2,1,5,4,5,5,1,4,5,5,5,2,5,5,2,3,1,5,4,4,1,1,5,4,3,5,5,4,5,2,1,5,5,5,5,1,2,4,5,5,4,1,4,5,1,2,2,4,5,5,4,1,4,3,2,2,4,5,5,1,2,1,5,5,5,2,1,5,5,4,4,1,4,5,1,2,1,4,1,2,1,1,1,5,5,2,4,4,5,2,1,2,5,4,2,2,1,5,4,5,5,1,4,5,4,1,4,3,1,4,2,4,1,5,5,2,3,5,5,2,1,1,5,2,5,2,1,5,5,4,5,1,4,5,2,1,2,5,4,5,5,2,1,4,4,1,2,4,5,1,1,2,5,3,5,2,1,5,5,4,4,1,5,5,4,1,2,5,2,5,1,1,1,4,5,1,2,5,5,2,1,2,5,5,5,2,1,4,5,4,1,2,4,5,5,1,2,5,2,5,5,1,4,5,4,1,5,5,5,3,1,1,5,5,4,1,222.0,178.0,215.0,195.0,185.0
334151,female,35,USA,2,5,5,1,5,2,5,5,5,4,1,5,5,3,4,2,5,5,2,2,1,5,4,2,3,1,4,2,4,3,1,2,5,4,5,2,5,5,4,4,1,4,2,4,5,2,4,5,1,5,3,5,4,2,3,2,5,2,4,4,2,5,5,1,5,1,4,4,5,1,1,4,5,4,5,1,5,5,4,5,1,5,4,1,4,1,5,2,2,2,1,5,5,4,4,1,4,5,5,2,1,4,5,4,5,1,5,5,2,4,2,3,4,2,3,1,5,5,1,5,1,4,1,5,5,2,1,5,3,4,1,4,5,4,5,2,1,5,4,5,5,4,5,4,5,1,5,1,5,5,4,3,5,4,5,1,4,5,5,5,1,5,2,5,5,2,1,5,5,5,2,2,1,1,5,1,5,4,4,5,4,5,5,1,4,2,5,3,4,4,1,5,2,4,5,1,2,5,5,5,2,5,2,1,5,1,5,4,5,5,2,5,5,4,5,1,5,5,5,5,1,5,4,5,5,1,4,2,5,5,2,1,5,1,4,1,5,2,4,2,4,4,4,2,5,1,5,5,5,4,1,5,1,5,5,2,4,5,5,5,1,2,4,4,5,2,5,2,4,5,1,2,5,5,5,1,2,5,5,2,1,5,4,5,5,1,4,3,4,5,4,4,5,4,4,1,4,1,5,1,238.0,209.0,236.0,196.0,170.0
AGENT_LOW,agent,NA,NA,1,1,1,1,1,1,1,1,5,1,1,1,1,1,1,1,1,1,5,1,1,1,1,5,1,1,1,1,1,5,1,1,1,1,1,1,1,1,5,5,1,1,1,1,1,1,1,5,5,1,5,1,5,5,1,1,1,1,1,5,1,5,1,1,1,1,5,5,5,5,1,1,5,5,5,1,1,5,5,5,5,1,5,5,5,1,1,5,5,5,1,5,1,5,1,5,5,5,5,5,5,5,5,5,5,5,5,5,5,5,5,1,5,5,5,5,1,5,5,5,1,1,1,1,1,1,1,1,1,1,1,1,1,1,1,1,1,1,1,1,1,1,1,1,5,1,1,1,1,1,1,1,1,1,1,1,1,1,1,1,1,1,1,1,1,1,1,1,1,1,1,1,1,5,1,1,1,1,1,1,1,5,1,1,1,1,1,1,1,1,5,1,1,1,1,1,1,5,1,1,1,5,5,1,1,5,5,1,5,5,1,1,5,5,5,5,5,5,5,5,5,5,5,5,1,5,5,5,5,5,1,1,5,1,5,5,5,5,5,5,5,5,5,5,5,5,5,5,5,5,1,5,5,5,1,5,5,5,5,5,5,5,5,5,5,5,5,5,5,5,5,5,5,5,5,5,5,5,5,5,5,5,5,5,5,5,5,5,5,5,5,5,5,5,5,5,5,5,5,5,60.0,60.0,60.0,60.0,60.0
AGENT_HIGH,agent,NA,NA,5,5,5,5,5,5,5,5,1,5,5,5,5,5,5,5,5,5,1,5,5,5,5,1,5,5,5,5,5,1,5,5,5,5,5,5,5,5,1,1,5,5,5,5,5,5,5,1,1,5,1,5,1,1,5,5,5,5,5,1,5,1,5,5,5,5,1,1,1,1,5,5,1,1,1,5,5,1,1,1,1,5,1,1,1,5,5,1,1,1,5,1,5,1,5,1,1,1,1,1,1,1,1,1,1,1,1,1,1,1,1,5,1,1,1,1,5,1,1,1,5,5,5,5,5,5,5,5,5,5,5,5,5,5,5,5,5,5,5,5,5,5,5,5,1,5,5,5,5,5,5,5,5,5,5,5,5,5,5,5,5,5,5,5,5,5,5,5,5,5,5,5,5,1,5,5,5,5,5,5,5,1,5,5,5,5,5,5,5,5,1,5,5,5,5,5,5,1,5,5,5,1,1,5,5,1,1,5,1,1,5,5,1,1,1,1,1,1,1,1,1,1,1,1,5,1,1,1,1,1,5,5,1,5,1,1,1,1,1,1,1,1,1,1,1,1,1,1,1,1,5,1,1,1,5,1,1,1,1,1,1,1,1,1,1,1,1,1,1,1,1,1,1,1,1,1,1,1,1,1,1,1,1,1,1,1,1,1,1,1,1,1,1,1,1,1,1,1,1,1,300.0,300.0,300.0,300.0,300.0
